Category,Name,Price_PLN,Performance_Score,Socket,RAM_Type,TDP_W,Power_W
CPU,AMD Ryzen Gen-12 Model-0,2903,3001,AM5,,74,
CPU,AMD Ryzen Gen-12 Model-1,3193,3438,AM4,,49,
CPU,AMD Ryzen Gen-14 Model-2,1377,1180,LGA1851,,199,
CPU,Intel Core Gen-11 Model-3,3430,3986,LGA1700,,197,
CPU,Intel Core Gen-13 Model-4,3285,3839,LGA1700,,142,
CPU,AMD Ryzen Gen-9 Model-5,2097,2461,LGA1851,,184,
CPU,AMD Ryzen Gen-14 Model-6,2111,2157,LGA1700,,109,
CPU,AMD Ryzen Gen-13 Model-7,961,851,LGA1851,,246,
CPU,Intel Core Gen-10 Model-8,1281,1296,LGA1851,,112,
CPU,AMD Ryzen Gen-10 Model-9,1181,1160,LGA1851,,75,
CPU,Intel Core Gen-13 Model-10,1703,1474,LGA1700,,47,
CPU,Intel Core Gen-12 Model-11,1585,1306,LGA1200,,176,
CPU,AMD Ryzen Gen-13 Model-12,2029,2282,AM5,,168,
CPU,AMD Ryzen Gen-9 Model-13,3483,4125,AM4,,106,
CPU,AMD Ryzen Gen-10 Model-14,380,437,LGA1700,,140,
CPU,AMD Ryzen Gen-12 Model-15,2253,2253,AM5,,185,
CPU,Intel Core Gen-14 Model-16,1705,1645,AM4,,165,
CPU,AMD Ryzen Gen-10 Model-17,2644,2161,LGA1851,,234,
CPU,AMD Ryzen Gen-13 Model-18,1664,1706,LGA1851,,244,
CPU,AMD Ryzen Gen-12 Model-19,2645,2640,AM5,,185,
CPU,Intel Core Gen-11 Model-20,2051,2265,AM4,,95,
CPU,AMD Ryzen Gen-13 Model-21,3204,2714,LGA1700,,188,
CPU,Intel Core Gen-11 Model-22,2518,2162,AM5,,69,
CPU,Intel Core Gen-13 Model-23,2490,2279,LGA1700,,249,
CPU,AMD Ryzen Gen-9 Model-24,727,723,LGA1200,,52,
CPU,Intel Core Gen-9 Model-25,2311,1881,LGA1851,,168,
CPU,AMD Ryzen Gen-10 Model-26,759,909,LGA1200,,50,
CPU,AMD Ryzen Gen-11 Model-27,748,833,AM4,,181,
CPU,Intel Core Gen-11 Model-28,2839,2733,LGA1700,,123,
CPU,AMD Ryzen Gen-11 Model-29,3405,3310,LGA1700,,116,
CPU,AMD Ryzen Gen-10 Model-30,948,952,LGA1700,,94,
CPU,AMD Ryzen Gen-9 Model-31,1063,1000,AM5,,60,
CPU,AMD Ryzen Gen-13 Model-32,2985,3544,AM5,,144,
CPU,AMD Ryzen Gen-14 Model-33,2997,3156,LGA1700,,72,
CPU,AMD Ryzen Gen-9 Model-34,3322,3517,LGA1851,,215,
CPU,Intel Core Gen-14 Model-35,3067,3526,LGA1200,,231,
CPU,AMD Ryzen Gen-12 Model-36,346,393,LGA1851,,177,
CPU,AMD Ryzen Gen-10 Model-37,1201,1023,AM5,,69,
CPU,AMD Ryzen Gen-13 Model-38,792,875,LGA1700,,87,
CPU,AMD Ryzen Gen-11 Model-39,2117,1823,LGA1851,,192,
CPU,AMD Ryzen Gen-9 Model-40,603,507,AM5,,135,
CPU,AMD Ryzen Gen-10 Model-41,392,444,LGA1851,,150,
CPU,AMD Ryzen Gen-9 Model-42,1795,1706,LGA1200,,104,
CPU,AMD Ryzen Gen-11 Model-43,2737,2855,LGA1700,,137,
CPU,Intel Core Gen-13 Model-44,1148,1253,AM4,,228,
CPU,Intel Core Gen-11 Model-45,1722,1665,LGA1200,,229,
CPU,Intel Core Gen-13 Model-46,1431,1363,AM5,,115,
CPU,Intel Core Gen-10 Model-47,1945,1733,LGA1200,,107,
CPU,Intel Core Gen-13 Model-48,2537,2557,LGA1700,,57,
CPU,AMD Ryzen Gen-14 Model-49,1113,977,LGA1851,,187,
CPU,AMD Ryzen Gen-9 Model-50,2673,3204,AM5,,248,
CPU,AMD Ryzen Gen-13 Model-51,2934,2414,AM4,,185,
CPU,AMD Ryzen Gen-12 Model-52,1857,1990,AM5,,174,
CPU,Intel Core Gen-14 Model-53,2474,2018,LGA1700,,199,
CPU,Intel Core Gen-13 Model-54,2627,3005,LGA1700,,153,
CPU,Intel Core Gen-10 Model-55,3172,3411,LGA1700,,111,
CPU,Intel Core Gen-11 Model-56,3041,3301,LGA1851,,216,
CPU,AMD Ryzen Gen-13 Model-57,1858,2063,AM5,,100,
CPU,Intel Core Gen-14 Model-58,3127,3105,LGA1851,,186,
CPU,Intel Core Gen-12 Model-59,3470,3421,LGA1851,,197,
CPU,Intel Core Gen-14 Model-60,2446,2241,AM5,,187,
CPU,AMD Ryzen Gen-10 Model-61,809,965,LGA1200,,111,
CPU,Intel Core Gen-10 Model-62,3393,3037,AM4,,166,
CPU,AMD Ryzen Gen-14 Model-63,1836,2086,LGA1200,,180,
CPU,Intel Core Gen-13 Model-64,1513,1529,LGA1851,,65,
CPU,AMD Ryzen Gen-12 Model-65,324,293,LGA1200,,94,
CPU,AMD Ryzen Gen-13 Model-66,3179,2889,AM5,,132,
CPU,Intel Core Gen-12 Model-67,737,730,AM5,,134,
CPU,AMD Ryzen Gen-13 Model-68,3115,2809,AM4,,223,
CPU,Intel Core Gen-12 Model-69,1039,1125,AM5,,184,
CPU,Intel Core Gen-13 Model-70,607,499,AM4,,63,
CPU,AMD Ryzen Gen-11 Model-71,2515,2141,LGA1700,,178,
CPU,AMD Ryzen Gen-9 Model-72,1835,1814,LGA1851,,54,
CPU,Intel Core Gen-13 Model-73,1747,1484,LGA1700,,210,
CPU,AMD Ryzen Gen-13 Model-74,3026,2923,AM4,,87,
CPU,Intel Core Gen-11 Model-75,2332,2356,AM4,,208,
CPU,AMD Ryzen Gen-9 Model-76,3466,4137,AM4,,142,
CPU,AMD Ryzen Gen-13 Model-77,2210,1923,AM4,,97,
CPU,AMD Ryzen Gen-14 Model-78,1887,2058,LGA1200,,156,
CPU,AMD Ryzen Gen-9 Model-79,1367,1456,LGA1851,,236,
CPU,AMD Ryzen Gen-13 Model-80,2145,2100,LGA1851,,139,
CPU,AMD Ryzen Gen-9 Model-81,1823,1780,LGA1700,,141,
CPU,AMD Ryzen Gen-11 Model-82,3050,2595,LGA1851,,65,
CPU,Intel Core Gen-11 Model-83,1407,1396,LGA1700,,217,
CPU,AMD Ryzen Gen-14 Model-84,2921,3126,AM5,,232,
CPU,AMD Ryzen Gen-12 Model-85,2572,2553,LGA1700,,208,
CPU,Intel Core Gen-14 Model-86,553,661,LGA1200,,168,
CPU,AMD Ryzen Gen-12 Model-87,1204,1265,AM4,,143,
CPU,Intel Core Gen-11 Model-88,3279,3361,LGA1700,,173,
CPU,Intel Core Gen-12 Model-89,3235,3385,LGA1851,,64,
CPU,Intel Core Gen-11 Model-90,3215,3585,LGA1700,,227,
CPU,Intel Core Gen-13 Model-91,1603,1417,AM5,,114,
CPU,AMD Ryzen Gen-11 Model-92,3057,3398,LGA1200,,88,
CPU,Intel Core Gen-14 Model-93,1072,1200,AM5,,46,
CPU,AMD Ryzen Gen-13 Model-94,3138,3443,AM4,,92,
CPU,Intel Core Gen-12 Model-95,927,1036,LGA1851,,117,
CPU,Intel Core Gen-11 Model-96,1474,1390,LGA1700,,166,
CPU,AMD Ryzen Gen-12 Model-97,1109,1143,LGA1200,,113,
CPU,Intel Core Gen-11 Model-98,1294,1497,LGA1700,,236,
CPU,Intel Core Gen-11 Model-99,1518,1515,AM4,,209,
CPU,AMD Ryzen Gen-14 Model-100,3208,2655,AM4,,173,
CPU,Intel Core Gen-13 Model-101,558,495,LGA1851,,133,
CPU,AMD Ryzen Gen-9 Model-102,1078,1202,LGA1851,,248,
CPU,AMD Ryzen Gen-14 Model-103,994,880,AM5,,244,
CPU,AMD Ryzen Gen-11 Model-104,414,417,AM5,,184,
CPU,AMD Ryzen Gen-12 Model-105,2424,2170,AM4,,109,
CPU,Intel Core Gen-10 Model-106,1696,1574,LGA1200,,188,
CPU,AMD Ryzen Gen-13 Model-107,3204,3794,AM4,,80,
CPU,AMD Ryzen Gen-9 Model-108,1527,1306,AM4,,141,
CPU,Intel Core Gen-13 Model-109,2012,2220,LGA1700,,175,
CPU,Intel Core Gen-10 Model-110,3311,3136,AM5,,85,
CPU,AMD Ryzen Gen-11 Model-111,2898,2946,LGA1700,,106,
CPU,Intel Core Gen-14 Model-112,2866,2617,AM5,,160,
CPU,AMD Ryzen Gen-11 Model-113,2049,2378,AM5,,151,
CPU,AMD Ryzen Gen-11 Model-114,1265,1508,LGA1851,,196,
CPU,AMD Ryzen Gen-10 Model-115,2961,3158,LGA1851,,178,
CPU,Intel Core Gen-11 Model-116,3138,2600,AM4,,166,
CPU,Intel Core Gen-11 Model-117,1572,1672,AM5,,120,
CPU,Intel Core Gen-9 Model-118,1393,1635,LGA1700,,130,
CPU,AMD Ryzen Gen-11 Model-119,1018,1069,LGA1700,,114,
CPU,AMD Ryzen Gen-12 Model-120,930,1081,AM5,,197,
CPU,Intel Core Gen-10 Model-121,1027,1191,AM5,,115,
CPU,AMD Ryzen Gen-11 Model-122,1980,1863,LGA1700,,104,
CPU,Intel Core Gen-14 Model-123,979,1134,LGA1200,,231,
CPU,Intel Core Gen-9 Model-124,1703,1896,AM4,,92,
CPU,Intel Core Gen-10 Model-125,451,430,LGA1700,,57,
CPU,Intel Core Gen-13 Model-126,763,691,AM4,,105,
CPU,AMD Ryzen Gen-14 Model-127,3172,3532,AM5,,123,
CPU,AMD Ryzen Gen-13 Model-128,2516,2327,LGA1851,,224,
CPU,Intel Core Gen-12 Model-129,812,942,AM5,,225,
CPU,AMD Ryzen Gen-10 Model-130,384,325,LGA1700,,97,
CPU,Intel Core Gen-14 Model-131,2448,2732,LGA1200,,159,
CPU,AMD Ryzen Gen-13 Model-132,1856,1975,LGA1200,,140,
CPU,Intel Core Gen-14 Model-133,1648,1352,AM4,,232,
CPU,AMD Ryzen Gen-11 Model-134,1753,1776,AM4,,102,
CPU,Intel Core Gen-11 Model-135,2260,2340,AM4,,150,
CPU,Intel Core Gen-14 Model-136,688,688,AM5,,233,
CPU,Intel Core Gen-9 Model-137,1582,1759,LGA1200,,114,
CPU,AMD Ryzen Gen-9 Model-138,2596,2765,LGA1200,,137,
CPU,Intel Core Gen-9 Model-139,2757,2287,LGA1851,,81,
CPU,AMD Ryzen Gen-10 Model-140,2123,1838,LGA1200,,53,
CPU,Intel Core Gen-13 Model-141,3032,3430,LGA1200,,206,
CPU,AMD Ryzen Gen-11 Model-142,2552,2432,AM5,,95,
CPU,AMD Ryzen Gen-9 Model-143,2801,2332,LGA1200,,112,
CPU,Intel Core Gen-9 Model-144,750,799,LGA1200,,209,
CPU,AMD Ryzen Gen-9 Model-145,1012,1155,AM5,,88,
CPU,Intel Core Gen-10 Model-146,2609,3108,LGA1851,,181,
CPU,AMD Ryzen Gen-10 Model-147,997,866,LGA1851,,176,
CPU,Intel Core Gen-12 Model-148,3076,2720,AM5,,91,
CPU,Intel Core Gen-14 Model-149,1787,1960,LGA1851,,96,
CPU,AMD Ryzen Gen-9 Model-150,3087,3211,AM4,,162,
CPU,Intel Core Gen-14 Model-151,1218,1031,LGA1200,,223,
CPU,Intel Core Gen-12 Model-152,1180,1259,AM5,,223,
CPU,Intel Core Gen-11 Model-153,2229,2336,AM5,,96,
CPU,Intel Core Gen-13 Model-154,2699,2581,AM4,,161,
CPU,AMD Ryzen Gen-12 Model-155,1039,1190,LGA1851,,88,
CPU,AMD Ryzen Gen-14 Model-156,1058,1024,AM5,,55,
CPU,AMD Ryzen Gen-12 Model-157,2394,2244,AM5,,202,
CPU,AMD Ryzen Gen-11 Model-158,1703,1783,AM4,,165,
CPU,Intel Core Gen-14 Model-159,2376,2501,AM4,,223,
CPU,Intel Core Gen-12 Model-160,314,303,AM4,,109,
CPU,AMD Ryzen Gen-14 Model-161,2049,2443,LGA1200,,131,
CPU,Intel Core Gen-14 Model-162,2052,2042,AM5,,106,
CPU,AMD Ryzen Gen-9 Model-163,300,325,LGA1200,,231,
CPU,Intel Core Gen-13 Model-164,1096,971,LGA1200,,71,
CPU,AMD Ryzen Gen-9 Model-165,577,515,AM5,,127,
CPU,AMD Ryzen Gen-9 Model-166,1164,1318,LGA1700,,135,
CPU,Intel Core Gen-14 Model-167,3382,4022,LGA1200,,187,
CPU,AMD Ryzen Gen-13 Model-168,684,700,AM4,,164,
CPU,Intel Core Gen-9 Model-169,1986,2204,LGA1700,,240,
CPU,Intel Core Gen-13 Model-170,2883,2682,LGA1200,,246,
CPU,Intel Core Gen-13 Model-171,1610,1801,LGA1200,,110,
CPU,AMD Ryzen Gen-9 Model-172,3315,3083,AM5,,139,
CPU,Intel Core Gen-9 Model-173,3285,3464,LGA1200,,237,
CPU,AMD Ryzen Gen-10 Model-174,3076,3059,LGA1700,,58,
CPU,Intel Core Gen-12 Model-175,3172,3161,AM5,,224,
CPU,AMD Ryzen Gen-9 Model-176,2988,3022,LGA1851,,226,
CPU,Intel Core Gen-9 Model-177,614,717,LGA1200,,124,
CPU,Intel Core Gen-12 Model-178,3045,3207,AM5,,247,
CPU,Intel Core Gen-10 Model-179,3146,2826,LGA1851,,180,
CPU,AMD Ryzen Gen-12 Model-180,533,572,AM5,,167,
CPU,AMD Ryzen Gen-14 Model-181,1166,1332,LGA1851,,223,
CPU,Intel Core Gen-11 Model-182,2026,1795,LGA1200,,213,
CPU,AMD Ryzen Gen-13 Model-183,601,587,LGA1700,,236,
CPU,Intel Core Gen-14 Model-184,343,365,AM5,,88,
CPU,AMD Ryzen Gen-11 Model-185,1631,1720,AM5,,103,
CPU,Intel Core Gen-10 Model-186,3404,3806,LGA1200,,48,
CPU,AMD Ryzen Gen-9 Model-187,1659,1426,LGA1700,,230,
CPU,Intel Core Gen-12 Model-188,1180,988,AM5,,97,
CPU,Intel Core Gen-13 Model-189,977,838,LGA1851,,223,
CPU,Intel Core Gen-13 Model-190,2676,2870,LGA1700,,212,
CPU,Intel Core Gen-14 Model-191,1993,2255,AM4,,143,
CPU,Intel Core Gen-10 Model-192,1099,1022,LGA1851,,141,
CPU,Intel Core Gen-10 Model-193,358,319,AM5,,85,
CPU,AMD Ryzen Gen-11 Model-194,2315,2058,LGA1200,,128,
CPU,AMD Ryzen Gen-10 Model-195,2258,2223,LGA1700,,245,
CPU,Intel Core Gen-14 Model-196,2037,1694,LGA1700,,127,
CPU,AMD Ryzen Gen-14 Model-197,992,1182,LGA1851,,247,
CPU,Intel Core Gen-10 Model-198,421,491,LGA1851,,172,
CPU,AMD Ryzen Gen-12 Model-199,1152,943,LGA1851,,101,
CPU,Intel Core Gen-12 Model-200,1987,1875,LGA1200,,210,
CPU,Intel Core Gen-11 Model-201,2420,2126,LGA1851,,97,
CPU,Intel Core Gen-9 Model-202,2287,2202,AM4,,74,
CPU,AMD Ryzen Gen-9 Model-203,2118,1921,LGA1851,,246,
CPU,Intel Core Gen-14 Model-204,3277,3513,LGA1200,,211,
CPU,AMD Ryzen Gen-12 Model-205,1152,1149,LGA1851,,242,
CPU,Intel Core Gen-11 Model-206,3352,3203,LGA1700,,166,
CPU,AMD Ryzen Gen-9 Model-207,1885,2024,AM4,,219,
CPU,Intel Core Gen-10 Model-208,2640,2977,LGA1700,,51,
CPU,Intel Core Gen-13 Model-209,645,638,LGA1700,,217,
CPU,Intel Core Gen-10 Model-210,2351,2539,AM5,,159,
CPU,Intel Core Gen-12 Model-211,694,678,LGA1200,,72,
CPU,Intel Core Gen-14 Model-212,2544,2363,LGA1200,,53,
CPU,AMD Ryzen Gen-10 Model-213,1051,967,LGA1700,,130,
CPU,Intel Core Gen-13 Model-214,3291,3382,AM4,,147,
CPU,AMD Ryzen Gen-13 Model-215,3494,3689,AM5,,76,
CPU,Intel Core Gen-12 Model-216,2850,3381,LGA1200,,197,
CPU,AMD Ryzen Gen-9 Model-217,2462,2032,LGA1200,,203,
CPU,Intel Core Gen-11 Model-218,1094,945,LGA1200,,185,
CPU,Intel Core Gen-10 Model-219,2207,2473,LGA1200,,135,
CPU,AMD Ryzen Gen-12 Model-220,3279,2863,LGA1700,,79,
CPU,Intel Core Gen-9 Model-221,332,356,AM5,,212,
CPU,AMD Ryzen Gen-9 Model-222,1888,2036,AM5,,127,
CPU,Intel Core Gen-12 Model-223,2752,2592,LGA1851,,49,
CPU,Intel Core Gen-9 Model-224,2298,2608,LGA1851,,146,
CPU,AMD Ryzen Gen-13 Model-225,1817,2020,LGA1700,,230,
CPU,Intel Core Gen-9 Model-226,1985,2253,LGA1700,,185,
CPU,Intel Core Gen-11 Model-227,2047,2221,LGA1851,,210,
CPU,Intel Core Gen-12 Model-228,2102,2361,LGA1700,,232,
CPU,Intel Core Gen-13 Model-229,2264,2586,AM4,,167,
CPU,Intel Core Gen-11 Model-230,2566,2411,AM5,,236,
CPU,AMD Ryzen Gen-12 Model-231,2208,1932,AM5,,198,
CPU,AMD Ryzen Gen-11 Model-232,950,777,LGA1851,,93,
CPU,AMD Ryzen Gen-9 Model-233,2045,2399,LGA1700,,154,
CPU,AMD Ryzen Gen-11 Model-234,1151,1137,AM4,,240,
CPU,Intel Core Gen-9 Model-235,2100,1930,LGA1700,,229,
CPU,Intel Core Gen-10 Model-236,1379,1138,LGA1200,,193,
CPU,Intel Core Gen-14 Model-237,729,629,LGA1851,,100,
CPU,AMD Ryzen Gen-12 Model-238,3500,4169,LGA1700,,66,
CPU,AMD Ryzen Gen-11 Model-239,1690,1798,AM4,,229,
CPU,Intel Core Gen-13 Model-240,1435,1698,AM5,,132,
CPU,Intel Core Gen-11 Model-241,435,508,AM4,,137,
CPU,Intel Core Gen-14 Model-242,331,329,AM5,,244,
CPU,AMD Ryzen Gen-10 Model-243,3003,2445,LGA1851,,157,
CPU,Intel Core Gen-14 Model-244,2760,2510,LGA1851,,165,
CPU,AMD Ryzen Gen-13 Model-245,2592,2870,AM4,,81,
CPU,AMD Ryzen Gen-9 Model-246,426,509,AM5,,165,
CPU,Intel Core Gen-14 Model-247,475,452,LGA1700,,151,
CPU,Intel Core Gen-10 Model-248,3212,3384,LGA1851,,128,
CPU,Intel Core Gen-10 Model-249,2515,2850,LGA1851,,111,
CPU,AMD Ryzen Gen-11 Model-250,1734,1902,LGA1851,,114,
CPU,AMD Ryzen Gen-12 Model-251,2163,2113,LGA1700,,250,
CPU,Intel Core Gen-13 Model-252,1085,980,LGA1200,,186,
CPU,AMD Ryzen Gen-10 Model-253,3478,3038,AM4,,151,
CPU,Intel Core Gen-11 Model-254,2474,2102,AM4,,144,
CPU,Intel Core Gen-9 Model-255,3032,2705,AM5,,159,
CPU,Intel Core Gen-11 Model-256,2084,2449,LGA1200,,87,
CPU,AMD Ryzen Gen-10 Model-257,3145,3145,AM5,,135,
CPU,AMD Ryzen Gen-11 Model-258,2142,2446,AM4,,57,
CPU,Intel Core Gen-11 Model-259,1539,1405,AM4,,202,
CPU,Intel Core Gen-14 Model-260,2136,1869,LGA1200,,183,
CPU,Intel Core Gen-12 Model-261,3197,3572,AM4,,86,
CPU,Intel Core Gen-12 Model-262,1295,1447,AM5,,144,
CPU,Intel Core Gen-14 Model-263,867,958,AM5,,189,
CPU,Intel Core Gen-12 Model-264,2889,2483,AM4,,137,
CPU,AMD Ryzen Gen-13 Model-265,3181,3533,AM5,,116,
CPU,Intel Core Gen-14 Model-266,416,448,LGA1200,,94,
CPU,AMD Ryzen Gen-9 Model-267,3071,2540,LGA1700,,133,
CPU,Intel Core Gen-12 Model-268,1115,1182,AM4,,58,
CPU,AMD Ryzen Gen-11 Model-269,3137,3493,AM4,,202,
CPU,Intel Core Gen-14 Model-270,355,308,LGA1851,,194,
CPU,Intel Core Gen-11 Model-271,1096,1197,LGA1700,,119,
CPU,Intel Core Gen-11 Model-272,2543,2927,LGA1200,,197,
CPU,Intel Core Gen-13 Model-273,1548,1409,LGA1200,,116,
CPU,AMD Ryzen Gen-12 Model-274,2661,2806,AM4,,200,
CPU,AMD Ryzen Gen-10 Model-275,1030,1034,AM4,,181,
CPU,Intel Core Gen-12 Model-276,2136,1901,LGA1200,,228,
CPU,Intel Core Gen-9 Model-277,2847,2633,LGA1700,,189,
CPU,AMD Ryzen Gen-14 Model-278,1831,1598,LGA1700,,161,
CPU,AMD Ryzen Gen-10 Model-279,3143,3574,AM5,,182,
CPU,AMD Ryzen Gen-10 Model-280,2731,2956,LGA1200,,110,
CPU,AMD Ryzen Gen-14 Model-281,2795,2809,LGA1200,,110,
CPU,AMD Ryzen Gen-13 Model-282,1280,1090,AM5,,177,
CPU,AMD Ryzen Gen-14 Model-283,1989,2085,LGA1851,,67,
CPU,AMD Ryzen Gen-12 Model-284,3038,2740,LGA1851,,247,
CPU,AMD Ryzen Gen-13 Model-285,988,913,LGA1700,,162,
CPU,Intel Core Gen-9 Model-286,2045,1919,LGA1700,,213,
CPU,Intel Core Gen-11 Model-287,2767,3212,LGA1700,,96,
CPU,AMD Ryzen Gen-9 Model-288,522,616,AM4,,233,
CPU,Intel Core Gen-14 Model-289,535,482,LGA1851,,249,
CPU,AMD Ryzen Gen-10 Model-290,435,501,AM5,,154,
CPU,Intel Core Gen-13 Model-291,2401,2825,AM4,,225,
CPU,AMD Ryzen Gen-14 Model-292,1268,1162,LGA1700,,233,
CPU,AMD Ryzen Gen-14 Model-293,2461,2119,LGA1200,,181,
CPU,AMD Ryzen Gen-13 Model-294,3284,3072,LGA1851,,145,
CPU,AMD Ryzen Gen-9 Model-295,2421,2575,LGA1851,,202,
CPU,AMD Ryzen Gen-13 Model-296,2980,3573,AM4,,70,
CPU,AMD Ryzen Gen-11 Model-297,2989,3464,AM5,,110,
CPU,Intel Core Gen-11 Model-298,1535,1726,LGA1700,,50,
CPU,Intel Core Gen-14 Model-299,1756,1914,AM4,,94,
CPU,AMD Ryzen Gen-11 Model-300,1888,1741,AM5,,188,
CPU,AMD Ryzen Gen-13 Model-301,798,670,AM5,,95,
CPU,Intel Core Gen-9 Model-302,2877,3190,AM4,,214,
CPU,AMD Ryzen Gen-9 Model-303,1320,1151,LGA1700,,123,
CPU,AMD Ryzen Gen-12 Model-304,747,821,AM5,,250,
CPU,Intel Core Gen-14 Model-305,854,837,AM5,,72,
CPU,Intel Core Gen-9 Model-306,2259,2159,AM4,,149,
CPU,Intel Core Gen-9 Model-307,1152,1219,AM4,,147,
CPU,Intel Core Gen-12 Model-308,1970,1631,AM5,,93,
CPU,AMD Ryzen Gen-14 Model-309,1292,1447,AM5,,186,
CPU,Intel Core Gen-12 Model-310,1914,1707,LGA1700,,132,
CPU,AMD Ryzen Gen-10 Model-311,2432,2741,AM4,,124,
CPU,Intel Core Gen-14 Model-312,2995,3188,LGA1700,,218,
CPU,AMD Ryzen Gen-11 Model-313,2001,1872,AM5,,51,
CPU,AMD Ryzen Gen-12 Model-314,1052,896,AM5,,91,
CPU,Intel Core Gen-12 Model-315,845,904,LGA1200,,115,
CPU,AMD Ryzen Gen-9 Model-316,2989,2987,LGA1851,,60,
CPU,AMD Ryzen Gen-13 Model-317,485,508,AM5,,217,
CPU,AMD Ryzen Gen-14 Model-318,865,766,LGA1700,,149,
CPU,AMD Ryzen Gen-11 Model-319,3335,3408,AM4,,237,
CPU,AMD Ryzen Gen-14 Model-320,3184,2640,LGA1200,,247,
CPU,AMD Ryzen Gen-12 Model-321,428,506,LGA1700,,72,
CPU,AMD Ryzen Gen-14 Model-322,1888,1944,AM5,,245,
CPU,Intel Core Gen-11 Model-323,3491,4093,AM5,,75,
CPU,Intel Core Gen-14 Model-324,798,643,AM4,,220,
CPU,Intel Core Gen-14 Model-325,1683,1610,AM4,,143,
CPU,Intel Core Gen-14 Model-326,2956,3224,AM5,,139,
CPU,Intel Core Gen-9 Model-327,2732,3268,LGA1200,,108,
CPU,Intel Core Gen-9 Model-328,3301,3888,LGA1200,,212,
CPU,Intel Core Gen-11 Model-329,2823,3373,AM4,,183,
CPU,Intel Core Gen-12 Model-330,1426,1157,LGA1200,,179,
CPU,AMD Ryzen Gen-13 Model-331,2314,2508,LGA1700,,142,
CPU,Intel Core Gen-14 Model-332,1116,1161,LGA1200,,157,
CPU,AMD Ryzen Gen-11 Model-333,2585,2401,LGA1851,,181,
CPU,AMD Ryzen Gen-10 Model-334,2464,2661,AM4,,70,
CPU,AMD Ryzen Gen-13 Model-335,3354,3959,AM5,,173,
CPU,AMD Ryzen Gen-10 Model-336,3437,3106,LGA1200,,142,
CPU,Intel Core Gen-9 Model-337,750,800,AM5,,188,
CPU,AMD Ryzen Gen-14 Model-338,990,1070,AM5,,165,
CPU,AMD Ryzen Gen-9 Model-339,604,557,AM5,,169,
CPU,AMD Ryzen Gen-14 Model-340,2047,2388,AM5,,214,
CPU,Intel Core Gen-14 Model-341,1577,1369,LGA1851,,100,
CPU,AMD Ryzen Gen-13 Model-342,3357,3434,LGA1200,,145,
CPU,AMD Ryzen Gen-9 Model-343,1330,1167,LGA1200,,220,
CPU,AMD Ryzen Gen-12 Model-344,3472,3570,AM4,,104,
CPU,Intel Core Gen-12 Model-345,1299,1271,LGA1851,,100,
CPU,Intel Core Gen-14 Model-346,2734,2497,LGA1700,,148,
CPU,Intel Core Gen-11 Model-347,3107,3489,AM5,,226,
CPU,AMD Ryzen Gen-12 Model-348,804,708,LGA1851,,172,
CPU,Intel Core Gen-13 Model-349,1976,1756,AM4,,243,
CPU,Intel Core Gen-13 Model-350,1215,1193,AM4,,72,
CPU,Intel Core Gen-12 Model-351,1743,1465,LGA1200,,213,
CPU,AMD Ryzen Gen-9 Model-352,3114,2988,AM4,,68,
CPU,Intel Core Gen-14 Model-353,1901,1975,AM5,,82,
CPU,AMD Ryzen Gen-13 Model-354,1576,1384,AM5,,226,
CPU,Intel Core Gen-14 Model-355,2708,2942,LGA1700,,60,
CPU,AMD Ryzen Gen-9 Model-356,2150,2062,LGA1700,,207,
CPU,AMD Ryzen Gen-13 Model-357,3401,3329,AM5,,249,
CPU,Intel Core Gen-11 Model-358,1383,1618,LGA1200,,215,
CPU,Intel Core Gen-11 Model-359,2622,2436,AM4,,249,
CPU,Intel Core Gen-12 Model-360,976,1041,LGA1200,,190,
CPU,Intel Core Gen-12 Model-361,1986,2029,LGA1851,,122,
CPU,AMD Ryzen Gen-11 Model-362,2190,2314,LGA1851,,163,
CPU,AMD Ryzen Gen-13 Model-363,1013,1173,LGA1851,,131,
CPU,AMD Ryzen Gen-13 Model-364,3154,3235,LGA1851,,69,
CPU,Intel Core Gen-12 Model-365,1588,1840,LGA1700,,173,
CPU,AMD Ryzen Gen-14 Model-366,1361,1394,LGA1200,,177,
CPU,AMD Ryzen Gen-12 Model-367,2683,2919,LGA1700,,241,
CPU,AMD Ryzen Gen-13 Model-368,1132,1186,LGA1851,,95,
CPU,AMD Ryzen Gen-9 Model-369,454,483,AM4,,116,
CPU,Intel Core Gen-10 Model-370,1160,1248,AM4,,185,
CPU,Intel Core Gen-14 Model-371,3116,2496,LGA1200,,46,
CPU,Intel Core Gen-9 Model-372,2815,2585,LGA1200,,98,
CPU,AMD Ryzen Gen-13 Model-373,960,822,LGA1851,,82,
CPU,Intel Core Gen-11 Model-374,2970,3435,LGA1700,,142,
CPU,Intel Core Gen-9 Model-375,1323,1116,LGA1700,,223,
CPU,Intel Core Gen-11 Model-376,682,571,AM4,,170,
CPU,Intel Core Gen-11 Model-377,551,596,AM5,,233,
CPU,Intel Core Gen-11 Model-378,2741,3149,AM4,,223,
CPU,AMD Ryzen Gen-14 Model-379,2506,2160,LGA1700,,81,
CPU,AMD Ryzen Gen-11 Model-380,2470,2025,LGA1200,,238,
CPU,AMD Ryzen Gen-9 Model-381,3025,3544,LGA1200,,76,
CPU,AMD Ryzen Gen-10 Model-382,1329,1397,AM4,,54,
CPU,Intel Core Gen-10 Model-383,2394,2583,AM5,,162,
CPU,Intel Core Gen-11 Model-384,621,723,LGA1200,,84,
CPU,Intel Core Gen-12 Model-385,3003,2560,LGA1851,,110,
CPU,Intel Core Gen-12 Model-386,2257,2691,LGA1700,,198,
CPU,AMD Ryzen Gen-13 Model-387,615,612,AM4,,67,
CPU,Intel Core Gen-10 Model-388,1780,2023,AM4,,137,
CPU,AMD Ryzen Gen-12 Model-389,3386,3990,LGA1851,,237,
CPU,Intel Core Gen-11 Model-390,2567,2876,LGA1200,,186,
CPU,Intel Core Gen-9 Model-391,2860,2517,LGA1700,,82,
CPU,AMD Ryzen Gen-13 Model-392,2673,2767,AM4,,239,
CPU,AMD Ryzen Gen-14 Model-393,2528,2608,LGA1200,,133,
CPU,AMD Ryzen Gen-10 Model-394,1471,1503,LGA1200,,246,
CPU,AMD Ryzen Gen-11 Model-395,2217,2292,AM4,,96,
CPU,AMD Ryzen Gen-12 Model-396,658,690,LGA1851,,116,
CPU,Intel Core Gen-12 Model-397,2457,2037,LGA1200,,56,
CPU,Intel Core Gen-11 Model-398,3434,3307,LGA1851,,120,
CPU,Intel Core Gen-12 Model-399,1536,1459,AM5,,48,
CPU,Intel Core Gen-14 Model-400,1775,1460,LGA1700,,160,
CPU,AMD Ryzen Gen-13 Model-401,2233,2084,AM5,,178,
CPU,Intel Core Gen-11 Model-402,1846,1853,LGA1851,,171,
CPU,Intel Core Gen-10 Model-403,1967,2053,AM4,,67,
CPU,AMD Ryzen Gen-10 Model-404,846,792,LGA1700,,49,
CPU,Intel Core Gen-11 Model-405,1753,1829,LGA1700,,80,
CPU,AMD Ryzen Gen-9 Model-406,991,920,LGA1200,,54,
CPU,AMD Ryzen Gen-14 Model-407,696,815,AM4,,185,
CPU,AMD Ryzen Gen-12 Model-408,2312,2039,AM5,,114,
CPU,Intel Core Gen-9 Model-409,386,451,LGA1700,,86,
CPU,Intel Core Gen-13 Model-410,1603,1756,LGA1700,,189,
CPU,Intel Core Gen-11 Model-411,1772,1720,LGA1700,,123,
CPU,AMD Ryzen Gen-12 Model-412,3027,3430,AM4,,220,
CPU,Intel Core Gen-12 Model-413,1647,1940,LGA1200,,51,
CPU,Intel Core Gen-9 Model-414,2873,3167,AM4,,93,
CPU,AMD Ryzen Gen-11 Model-415,2481,2857,LGA1851,,171,
CPU,Intel Core Gen-14 Model-416,3104,3077,AM5,,180,
CPU,AMD Ryzen Gen-14 Model-417,848,921,LGA1700,,196,
CPU,AMD Ryzen Gen-13 Model-418,780,630,LGA1700,,139,
CPU,Intel Core Gen-9 Model-419,3381,3032,LGA1851,,136,
CPU,Intel Core Gen-9 Model-420,1707,1667,AM5,,102,
CPU,Intel Core Gen-12 Model-421,2401,1959,LGA1200,,205,
CPU,Intel Core Gen-14 Model-422,814,898,LGA1200,,212,
CPU,AMD Ryzen Gen-11 Model-423,430,466,AM4,,91,
CPU,AMD Ryzen Gen-14 Model-424,2283,2301,AM4,,114,
CPU,AMD Ryzen Gen-10 Model-425,912,1082,LGA1200,,73,
CPU,Intel Core Gen-11 Model-426,2193,2494,AM5,,97,
CPU,Intel Core Gen-9 Model-427,1959,2115,LGA1851,,139,
CPU,Intel Core Gen-13 Model-428,2544,2292,LGA1200,,164,
CPU,Intel Core Gen-11 Model-429,1567,1677,LGA1851,,248,
CPU,AMD Ryzen Gen-10 Model-430,636,555,AM4,,135,
CPU,AMD Ryzen Gen-10 Model-431,2127,2371,LGA1200,,226,
CPU,AMD Ryzen Gen-9 Model-432,3394,2798,AM4,,212,
CPU,Intel Core Gen-12 Model-433,1602,1595,AM5,,217,
CPU,AMD Ryzen Gen-10 Model-434,2661,2982,LGA1851,,64,
CPU,AMD Ryzen Gen-12 Model-435,3473,3371,AM4,,163,
CPU,AMD Ryzen Gen-12 Model-436,1597,1620,LGA1200,,82,
CPU,AMD Ryzen Gen-13 Model-437,1020,1021,AM4,,81,
CPU,Intel Core Gen-10 Model-438,1491,1232,LGA1200,,93,
CPU,AMD Ryzen Gen-9 Model-439,2532,2484,LGA1200,,102,
CPU,Intel Core Gen-12 Model-440,819,821,LGA1851,,119,
CPU,AMD Ryzen Gen-11 Model-441,2388,2518,AM4,,210,
CPU,AMD Ryzen Gen-9 Model-442,1749,1406,LGA1700,,195,
CPU,AMD Ryzen Gen-14 Model-443,2557,2784,LGA1200,,237,
CPU,Intel Core Gen-13 Model-444,2476,2944,LGA1851,,113,
CPU,Intel Core Gen-11 Model-445,402,384,AM5,,92,
CPU,Intel Core Gen-11 Model-446,1427,1632,LGA1200,,87,
CPU,Intel Core Gen-13 Model-447,3450,3634,AM4,,146,
CPU,Intel Core Gen-13 Model-448,2914,2783,LGA1200,,160,
CPU,Intel Core Gen-10 Model-449,349,330,LGA1200,,72,
CPU,Intel Core Gen-12 Model-450,2502,2838,AM5,,74,
CPU,Intel Core Gen-11 Model-451,2727,2847,LGA1700,,67,
CPU,AMD Ryzen Gen-12 Model-452,345,296,LGA1200,,55,
CPU,AMD Ryzen Gen-10 Model-453,382,383,AM4,,137,
CPU,Intel Core Gen-13 Model-454,3352,3030,LGA1851,,216,
CPU,Intel Core Gen-12 Model-455,314,301,LGA1200,,247,
CPU,AMD Ryzen Gen-9 Model-456,902,1049,LGA1200,,105,
CPU,Intel Core Gen-11 Model-457,2457,2606,LGA1700,,238,
CPU,Intel Core Gen-9 Model-458,2620,2855,AM4,,96,
CPU,AMD Ryzen Gen-10 Model-459,3307,3907,LGA1700,,182,
CPU,Intel Core Gen-10 Model-460,1116,1208,LGA1851,,94,
CPU,AMD Ryzen Gen-9 Model-461,2262,2260,AM4,,65,
CPU,Intel Core Gen-11 Model-462,3441,3333,LGA1700,,114,
CPU,Intel Core Gen-12 Model-463,716,594,LGA1851,,48,
CPU,AMD Ryzen Gen-9 Model-464,2021,2153,LGA1700,,146,
CPU,AMD Ryzen Gen-13 Model-465,2383,2218,LGA1851,,234,
CPU,AMD Ryzen Gen-12 Model-466,1616,1545,LGA1200,,119,
CPU,Intel Core Gen-9 Model-467,914,910,AM4,,130,
CPU,Intel Core Gen-13 Model-468,656,754,LGA1200,,188,
CPU,Intel Core Gen-12 Model-469,1124,1220,LGA1851,,89,
CPU,Intel Core Gen-13 Model-470,436,473,AM5,,142,
CPU,AMD Ryzen Gen-13 Model-471,2197,1983,LGA1700,,126,
CPU,Intel Core Gen-12 Model-472,3210,3253,AM4,,92,
CPU,Intel Core Gen-12 Model-473,2096,2349,AM4,,219,
CPU,Intel Core Gen-11 Model-474,1962,1740,AM5,,216,
CPU,AMD Ryzen Gen-13 Model-475,3455,3167,AM4,,74,
CPU,Intel Core Gen-14 Model-476,1773,1644,LGA1700,,218,
CPU,AMD Ryzen Gen-9 Model-477,1283,1119,LGA1200,,217,
CPU,AMD Ryzen Gen-12 Model-478,3313,3798,AM5,,197,
CPU,Intel Core Gen-12 Model-479,673,724,LGA1200,,191,
CPU,Intel Core Gen-9 Model-480,1877,1815,LGA1700,,239,
CPU,AMD Ryzen Gen-14 Model-481,848,768,LGA1851,,63,
CPU,Intel Core Gen-12 Model-482,2250,1969,AM4,,236,
CPU,Intel Core Gen-9 Model-483,2183,2375,LGA1851,,49,
CPU,AMD Ryzen Gen-11 Model-484,1936,2046,LGA1200,,176,
CPU,Intel Core Gen-13 Model-485,329,371,AM5,,59,
CPU,AMD Ryzen Gen-9 Model-486,1362,1489,AM5,,250,
CPU,Intel Core Gen-12 Model-487,366,327,LGA1700,,137,
CPU,AMD Ryzen Gen-9 Model-488,2279,2036,AM5,,213,
CPU,AMD Ryzen Gen-13 Model-489,554,609,AM5,,186,
CPU,Intel Core Gen-9 Model-490,2368,2680,AM4,,60,
CPU,AMD Ryzen Gen-11 Model-491,2729,2254,LGA1851,,149,
CPU,Intel Core Gen-11 Model-492,1704,1750,LGA1851,,245,
CPU,AMD Ryzen Gen-13 Model-493,2233,2272,AM4,,104,
CPU,AMD Ryzen Gen-13 Model-494,2389,1944,LGA1851,,121,
CPU,Intel Core Gen-13 Model-495,671,601,LGA1700,,135,
CPU,AMD Ryzen Gen-12 Model-496,3107,3714,LGA1700,,170,
CPU,Intel Core Gen-11 Model-497,1726,1628,LGA1700,,80,
CPU,AMD Ryzen Gen-9 Model-498,3279,3846,AM4,,47,
CPU,Intel Core Gen-10 Model-499,2219,2562,LGA1200,,115,
CPU,AMD Ryzen Gen-9 Model-500,2043,2450,LGA1700,,231,
CPU,Intel Core Gen-9 Model-501,2684,3131,LGA1200,,221,
CPU,AMD Ryzen Gen-14 Model-502,1181,1090,LGA1851,,191,
CPU,Intel Core Gen-9 Model-503,1005,1172,LGA1700,,79,
CPU,Intel Core Gen-10 Model-504,1953,2076,LGA1851,,117,
CPU,AMD Ryzen Gen-9 Model-505,1343,1544,LGA1200,,110,
CPU,Intel Core Gen-10 Model-506,2903,3464,LGA1700,,126,
CPU,AMD Ryzen Gen-13 Model-507,2106,2516,LGA1851,,69,
CPU,Intel Core Gen-10 Model-508,809,657,LGA1700,,219,
CPU,AMD Ryzen Gen-12 Model-509,2096,2379,LGA1200,,104,
CPU,Intel Core Gen-10 Model-510,1825,1511,AM5,,147,
CPU,AMD Ryzen Gen-14 Model-511,3430,3766,LGA1851,,59,
CPU,Intel Core Gen-12 Model-512,2284,2660,AM4,,154,
CPU,AMD Ryzen Gen-12 Model-513,464,527,LGA1700,,239,
CPU,AMD Ryzen Gen-13 Model-514,3134,3216,AM5,,239,
CPU,AMD Ryzen Gen-11 Model-515,2601,2494,AM5,,65,
CPU,AMD Ryzen Gen-9 Model-516,1344,1430,AM4,,208,
CPU,Intel Core Gen-12 Model-517,2943,3018,LGA1851,,208,
CPU,AMD Ryzen Gen-10 Model-518,3140,2999,AM4,,48,
CPU,AMD Ryzen Gen-13 Model-519,3398,2733,LGA1700,,169,
CPU,AMD Ryzen Gen-11 Model-520,1918,2273,LGA1851,,229,
CPU,Intel Core Gen-11 Model-521,1162,1260,AM5,,56,
CPU,Intel Core Gen-9 Model-522,1326,1078,LGA1700,,139,
CPU,Intel Core Gen-12 Model-523,2183,1959,LGA1200,,104,
CPU,AMD Ryzen Gen-12 Model-524,1556,1570,LGA1700,,200,
CPU,Intel Core Gen-10 Model-525,1007,1161,LGA1851,,100,
CPU,Intel Core Gen-10 Model-526,500,402,AM4,,156,
CPU,AMD Ryzen Gen-10 Model-527,3405,3126,LGA1700,,183,
CPU,AMD Ryzen Gen-13 Model-528,2106,2305,LGA1851,,193,
CPU,AMD Ryzen Gen-10 Model-529,2676,2791,LGA1851,,136,
CPU,Intel Core Gen-11 Model-530,1071,1208,AM5,,118,
CPU,Intel Core Gen-11 Model-531,1200,1157,LGA1200,,46,
CPU,Intel Core Gen-14 Model-532,787,899,AM5,,111,
CPU,Intel Core Gen-11 Model-533,3266,2891,LGA1851,,119,
CPU,Intel Core Gen-9 Model-534,2350,2603,LGA1700,,217,
CPU,AMD Ryzen Gen-11 Model-535,2400,2792,LGA1200,,174,
CPU,Intel Core Gen-13 Model-536,1754,1419,AM4,,53,
CPU,Intel Core Gen-9 Model-537,1453,1445,LGA1200,,64,
CPU,Intel Core Gen-12 Model-538,1817,1815,LGA1851,,100,
CPU,Intel Core Gen-13 Model-539,2586,2369,AM5,,67,
CPU,Intel Core Gen-12 Model-540,451,401,LGA1851,,61,
CPU,AMD Ryzen Gen-13 Model-541,630,655,AM5,,120,
CPU,AMD Ryzen Gen-13 Model-542,791,849,LGA1200,,112,
CPU,AMD Ryzen Gen-14 Model-543,607,504,LGA1700,,83,
CPU,Intel Core Gen-11 Model-544,3412,3389,AM5,,189,
CPU,AMD Ryzen Gen-13 Model-545,1173,1133,AM5,,90,
CPU,AMD Ryzen Gen-14 Model-546,415,379,AM4,,179,
CPU,Intel Core Gen-11 Model-547,1880,1752,LGA1200,,75,
CPU,Intel Core Gen-10 Model-548,1292,1326,LGA1700,,92,
CPU,AMD Ryzen Gen-11 Model-549,3332,3652,LGA1851,,160,
CPU,Intel Core Gen-11 Model-550,1405,1548,LGA1700,,57,
CPU,AMD Ryzen Gen-9 Model-551,2454,2625,AM4,,52,
CPU,Intel Core Gen-13 Model-552,921,925,LGA1200,,191,
CPU,AMD Ryzen Gen-10 Model-553,1328,1576,AM4,,54,
CPU,Intel Core Gen-11 Model-554,977,893,LGA1700,,166,
CPU,Intel Core Gen-13 Model-555,1727,2061,AM4,,134,
CPU,Intel Core Gen-13 Model-556,2428,2217,LGA1700,,238,
CPU,Intel Core Gen-10 Model-557,2287,2400,AM5,,154,
CPU,Intel Core Gen-14 Model-558,915,798,LGA1200,,106,
CPU,AMD Ryzen Gen-12 Model-559,636,599,AM4,,143,
CPU,AMD Ryzen Gen-10 Model-560,2066,2342,LGA1851,,54,
CPU,AMD Ryzen Gen-12 Model-561,1164,1233,LGA1200,,117,
CPU,AMD Ryzen Gen-12 Model-562,2613,2922,LGA1200,,177,
CPU,AMD Ryzen Gen-13 Model-563,2272,1835,AM5,,97,
CPU,AMD Ryzen Gen-14 Model-564,3286,3531,LGA1200,,200,
CPU,Intel Core Gen-10 Model-565,2367,2355,AM5,,127,
CPU,AMD Ryzen Gen-9 Model-566,767,918,AM4,,137,
CPU,AMD Ryzen Gen-13 Model-567,306,319,AM5,,163,
CPU,Intel Core Gen-11 Model-568,2022,2386,AM5,,136,
CPU,Intel Core Gen-11 Model-569,1243,1267,AM4,,240,
CPU,AMD Ryzen Gen-11 Model-570,3046,3097,AM5,,158,
CPU,Intel Core Gen-12 Model-571,2573,2075,LGA1851,,180,
CPU,Intel Core Gen-12 Model-572,2618,2794,LGA1851,,214,
CPU,Intel Core Gen-9 Model-573,1017,928,LGA1700,,106,
CPU,AMD Ryzen Gen-13 Model-574,3355,3332,LGA1700,,122,
CPU,Intel Core Gen-11 Model-575,1750,1939,AM5,,220,
CPU,Intel Core Gen-11 Model-576,2399,2381,LGA1200,,156,
CPU,Intel Core Gen-10 Model-577,2224,1847,AM4,,74,
CPU,Intel Core Gen-13 Model-578,3207,3129,LGA1200,,182,
CPU,AMD Ryzen Gen-12 Model-579,1058,1064,AM5,,93,
CPU,AMD Ryzen Gen-11 Model-580,3199,2922,LGA1700,,97,
CPU,Intel Core Gen-12 Model-581,2466,2638,LGA1700,,106,
CPU,AMD Ryzen Gen-13 Model-582,1603,1607,AM4,,71,
CPU,AMD Ryzen Gen-12 Model-583,2765,3185,AM5,,53,
CPU,Intel Core Gen-9 Model-584,1963,2244,LGA1700,,160,
CPU,AMD Ryzen Gen-9 Model-585,2370,1938,AM5,,134,
CPU,AMD Ryzen Gen-14 Model-586,2177,2494,LGA1200,,82,
CPU,Intel Core Gen-12 Model-587,1143,1219,AM5,,122,
CPU,AMD Ryzen Gen-11 Model-588,3059,3217,AM4,,241,
CPU,AMD Ryzen Gen-13 Model-589,1368,1440,AM4,,160,
CPU,Intel Core Gen-14 Model-590,1045,1062,LGA1700,,247,
CPU,AMD Ryzen Gen-14 Model-591,3368,3477,LGA1700,,78,
CPU,Intel Core Gen-11 Model-592,1560,1301,AM5,,157,
CPU,AMD Ryzen Gen-9 Model-593,1946,2022,AM5,,207,
CPU,AMD Ryzen Gen-14 Model-594,1134,980,LGA1700,,166,
CPU,AMD Ryzen Gen-13 Model-595,855,865,LGA1200,,197,
CPU,AMD Ryzen Gen-11 Model-596,1386,1212,LGA1200,,244,
CPU,AMD Ryzen Gen-13 Model-597,1304,1248,LGA1200,,130,
CPU,Intel Core Gen-14 Model-598,3263,3864,AM5,,143,
CPU,Intel Core Gen-10 Model-599,1257,1433,AM5,,235,
CPU,AMD Ryzen Gen-12 Model-600,1443,1569,AM5,,60,
CPU,Intel Core Gen-13 Model-601,2350,2119,LGA1200,,80,
CPU,Intel Core Gen-14 Model-602,3177,3647,LGA1700,,175,
CPU,AMD Ryzen Gen-13 Model-603,2737,2207,LGA1200,,79,
CPU,Intel Core Gen-11 Model-604,3451,3765,LGA1851,,67,
CPU,Intel Core Gen-10 Model-605,911,935,LGA1700,,118,
CPU,Intel Core Gen-9 Model-606,3264,3573,LGA1200,,45,
CPU,Intel Core Gen-12 Model-607,2468,2667,LGA1200,,218,
CPU,Intel Core Gen-14 Model-608,1715,1760,LGA1700,,82,
CPU,Intel Core Gen-9 Model-609,3390,3051,AM4,,90,
CPU,AMD Ryzen Gen-12 Model-610,1780,2118,LGA1851,,240,
CPU,AMD Ryzen Gen-12 Model-611,2766,2882,LGA1700,,242,
CPU,Intel Core Gen-11 Model-612,3262,3169,LGA1200,,55,
CPU,AMD Ryzen Gen-13 Model-613,1004,983,LGA1700,,121,
CPU,AMD Ryzen Gen-10 Model-614,1503,1583,AM5,,158,
CPU,Intel Core Gen-14 Model-615,2522,2635,LGA1200,,188,
CPU,Intel Core Gen-12 Model-616,436,373,LGA1851,,203,
CPU,AMD Ryzen Gen-14 Model-617,1942,1859,LGA1700,,123,
CPU,AMD Ryzen Gen-13 Model-618,2164,2413,LGA1851,,191,
CPU,Intel Core Gen-11 Model-619,1984,1800,AM5,,101,
CPU,AMD Ryzen Gen-10 Model-620,3084,2562,AM5,,228,
CPU,Intel Core Gen-10 Model-621,2409,2605,AM4,,173,
CPU,Intel Core Gen-10 Model-622,2979,2627,LGA1851,,205,
CPU,Intel Core Gen-9 Model-623,1983,2355,LGA1700,,122,
CPU,Intel Core Gen-14 Model-624,1040,994,AM5,,85,
CPU,Intel Core Gen-12 Model-625,1538,1435,LGA1200,,210,
CPU,AMD Ryzen Gen-10 Model-626,3152,3594,LGA1851,,166,
CPU,AMD Ryzen Gen-11 Model-627,2345,2285,LGA1851,,229,
CPU,Intel Core Gen-13 Model-628,2460,2174,AM5,,114,
CPU,AMD Ryzen Gen-12 Model-629,1349,1574,AM5,,73,
CPU,AMD Ryzen Gen-14 Model-630,2401,2401,AM4,,190,
CPU,Intel Core Gen-10 Model-631,738,806,AM4,,232,
CPU,Intel Core Gen-12 Model-632,1833,1736,LGA1700,,66,
CPU,AMD Ryzen Gen-14 Model-633,2704,2816,AM4,,165,
CPU,Intel Core Gen-10 Model-634,1438,1475,LGA1851,,153,
CPU,Intel Core Gen-9 Model-635,2617,3008,LGA1700,,89,
CPU,Intel Core Gen-12 Model-636,2933,2840,LGA1200,,248,
CPU,AMD Ryzen Gen-9 Model-637,2725,3002,AM4,,222,
CPU,Intel Core Gen-14 Model-638,674,576,LGA1851,,216,
CPU,AMD Ryzen Gen-9 Model-639,643,739,LGA1851,,81,
CPU,AMD Ryzen Gen-14 Model-640,2380,2489,LGA1851,,220,
CPU,AMD Ryzen Gen-10 Model-641,924,979,AM4,,214,
CPU,AMD Ryzen Gen-10 Model-642,1869,1756,AM4,,119,
CPU,AMD Ryzen Gen-12 Model-643,2739,2410,AM5,,68,
CPU,Intel Core Gen-14 Model-644,577,534,AM5,,179,
CPU,Intel Core Gen-13 Model-645,3103,2776,LGA1851,,160,
CPU,Intel Core Gen-11 Model-646,1878,1873,AM5,,193,
CPU,AMD Ryzen Gen-12 Model-647,2559,2905,LGA1700,,47,
CPU,Intel Core Gen-12 Model-648,3382,2830,LGA1851,,209,
CPU,Intel Core Gen-13 Model-649,2804,2928,AM5,,219,
CPU,AMD Ryzen Gen-11 Model-650,2643,2564,LGA1200,,73,
CPU,AMD Ryzen Gen-13 Model-651,1665,1550,LGA1200,,137,
CPU,AMD Ryzen Gen-11 Model-652,3218,3306,LGA1200,,173,
CPU,Intel Core Gen-12 Model-653,1809,1824,LGA1851,,232,
CPU,Intel Core Gen-9 Model-654,923,966,LGA1851,,103,
CPU,AMD Ryzen Gen-14 Model-655,1194,1200,LGA1200,,183,
CPU,AMD Ryzen Gen-14 Model-656,3154,3377,AM4,,60,
CPU,Intel Core Gen-10 Model-657,2133,2392,AM4,,180,
CPU,Intel Core Gen-11 Model-658,715,651,LGA1700,,247,
CPU,Intel Core Gen-12 Model-659,1554,1690,LGA1200,,82,
CPU,Intel Core Gen-10 Model-660,920,911,AM5,,192,
CPU,AMD Ryzen Gen-14 Model-661,376,448,AM5,,197,
CPU,AMD Ryzen Gen-12 Model-662,2403,2286,LGA1200,,148,
CPU,Intel Core Gen-11 Model-663,1263,1408,LGA1851,,150,
CPU,Intel Core Gen-12 Model-664,1005,1181,LGA1700,,108,
CPU,Intel Core Gen-9 Model-665,712,702,AM4,,84,
CPU,Intel Core Gen-14 Model-666,2533,2656,LGA1700,,216,
CPU,Intel Core Gen-9 Model-667,2073,2287,AM4,,149,
CPU,Intel Core Gen-10 Model-668,3067,3072,AM4,,121,
CPU,AMD Ryzen Gen-11 Model-669,1955,1687,LGA1851,,66,
CPU,Intel Core Gen-13 Model-670,2777,2919,LGA1851,,134,
CPU,AMD Ryzen Gen-10 Model-671,3071,3288,LGA1200,,124,
CPU,AMD Ryzen Gen-9 Model-672,3106,2891,LGA1200,,100,
CPU,Intel Core Gen-12 Model-673,2509,2855,AM5,,121,
CPU,AMD Ryzen Gen-12 Model-674,2110,1901,LGA1851,,45,
CPU,AMD Ryzen Gen-14 Model-675,2115,1980,LGA1851,,174,
CPU,Intel Core Gen-13 Model-676,2149,1896,LGA1851,,70,
CPU,AMD Ryzen Gen-14 Model-677,783,817,AM5,,80,
CPU,Intel Core Gen-10 Model-678,1101,1271,LGA1200,,140,
CPU,Intel Core Gen-10 Model-679,686,767,AM5,,238,
CPU,Intel Core Gen-10 Model-680,1950,2277,AM4,,224,
CPU,AMD Ryzen Gen-14 Model-681,555,453,LGA1200,,134,
CPU,AMD Ryzen Gen-9 Model-682,576,463,LGA1851,,224,
CPU,AMD Ryzen Gen-9 Model-683,2037,1757,LGA1700,,64,
CPU,AMD Ryzen Gen-12 Model-684,1202,1015,AM4,,232,
CPU,Intel Core Gen-12 Model-685,1472,1494,LGA1700,,218,
CPU,Intel Core Gen-13 Model-686,2175,1880,LGA1851,,68,
CPU,Intel Core Gen-12 Model-687,315,293,AM5,,246,
CPU,AMD Ryzen Gen-12 Model-688,350,348,LGA1700,,167,
CPU,Intel Core Gen-9 Model-689,1102,901,AM5,,153,
CPU,Intel Core Gen-14 Model-690,2918,2954,AM5,,76,
CPU,AMD Ryzen Gen-9 Model-691,1347,1494,LGA1200,,129,
CPU,AMD Ryzen Gen-11 Model-692,2381,2559,LGA1851,,204,
CPU,AMD Ryzen Gen-10 Model-693,3157,3265,AM4,,205,
CPU,AMD Ryzen Gen-10 Model-694,454,543,AM5,,99,
CPU,Intel Core Gen-14 Model-695,1804,1922,LGA1700,,190,
CPU,Intel Core Gen-14 Model-696,468,471,LGA1200,,100,
CPU,AMD Ryzen Gen-14 Model-697,2524,2903,LGA1700,,185,
CPU,AMD Ryzen Gen-10 Model-698,2619,2128,LGA1200,,71,
CPU,Intel Core Gen-12 Model-699,2356,2778,LGA1700,,51,
CPU,AMD Ryzen Gen-12 Model-700,2966,3270,AM4,,220,
CPU,Intel Core Gen-13 Model-701,1243,1475,LGA1700,,47,
CPU,AMD Ryzen Gen-11 Model-702,2798,2424,LGA1700,,210,
CPU,AMD Ryzen Gen-14 Model-703,1488,1583,AM4,,133,
CPU,Intel Core Gen-10 Model-704,1631,1344,AM5,,163,
CPU,Intel Core Gen-11 Model-705,974,1118,LGA1200,,250,
CPU,AMD Ryzen Gen-10 Model-706,3110,3200,LGA1200,,125,
CPU,Intel Core Gen-10 Model-707,2151,2552,AM5,,45,
CPU,Intel Core Gen-10 Model-708,3093,3344,LGA1851,,66,
CPU,AMD Ryzen Gen-14 Model-709,3177,2730,LGA1700,,239,
CPU,Intel Core Gen-10 Model-710,2489,2782,AM5,,99,
CPU,AMD Ryzen Gen-13 Model-711,2097,2309,AM4,,162,
CPU,Intel Core Gen-10 Model-712,2489,2260,AM5,,222,
CPU,Intel Core Gen-14 Model-713,1350,1568,AM4,,221,
CPU,AMD Ryzen Gen-12 Model-714,840,941,LGA1700,,109,
CPU,AMD Ryzen Gen-10 Model-715,2367,2739,LGA1851,,169,
CPU,Intel Core Gen-13 Model-716,3475,2805,LGA1200,,219,
CPU,Intel Core Gen-9 Model-717,749,641,LGA1851,,190,
CPU,Intel Core Gen-14 Model-718,1237,1328,AM4,,149,
CPU,AMD Ryzen Gen-12 Model-719,1735,1915,LGA1200,,58,
CPU,AMD Ryzen Gen-13 Model-720,1011,926,AM5,,202,
CPU,Intel Core Gen-13 Model-721,2203,2013,LGA1700,,232,
CPU,AMD Ryzen Gen-12 Model-722,917,1048,LGA1700,,63,
CPU,Intel Core Gen-10 Model-723,3246,3589,LGA1700,,214,
CPU,AMD Ryzen Gen-11 Model-724,2240,2373,AM4,,158,
CPU,Intel Core Gen-14 Model-725,393,362,AM4,,131,
CPU,AMD Ryzen Gen-12 Model-726,2613,3056,LGA1200,,79,
CPU,AMD Ryzen Gen-11 Model-727,1010,1070,AM4,,122,
CPU,AMD Ryzen Gen-14 Model-728,508,539,LGA1700,,177,
CPU,AMD Ryzen Gen-13 Model-729,2741,2865,LGA1851,,234,
CPU,AMD Ryzen Gen-13 Model-730,1896,2015,AM5,,127,
CPU,Intel Core Gen-12 Model-731,3066,3636,LGA1851,,180,
CPU,AMD Ryzen Gen-10 Model-732,373,409,AM5,,56,
CPU,AMD Ryzen Gen-9 Model-733,3285,2911,AM5,,238,
CPU,Intel Core Gen-9 Model-734,617,623,AM4,,186,
CPU,AMD Ryzen Gen-11 Model-735,1079,1154,AM5,,245,
CPU,AMD Ryzen Gen-14 Model-736,3375,3521,AM4,,155,
CPU,AMD Ryzen Gen-9 Model-737,1297,1225,AM5,,242,
CPU,Intel Core Gen-13 Model-738,331,393,LGA1851,,148,
CPU,AMD Ryzen Gen-13 Model-739,3264,3401,LGA1700,,113,
CPU,AMD Ryzen Gen-11 Model-740,3064,3413,AM4,,51,
CPU,Intel Core Gen-10 Model-741,2427,2807,LGA1200,,183,
CPU,Intel Core Gen-9 Model-742,2356,2628,LGA1700,,195,
CPU,AMD Ryzen Gen-9 Model-743,1058,991,LGA1700,,66,
CPU,Intel Core Gen-14 Model-744,680,598,AM5,,51,
CPU,Intel Core Gen-12 Model-745,2591,3025,LGA1851,,104,
CPU,Intel Core Gen-12 Model-746,914,819,LGA1700,,235,
CPU,Intel Core Gen-12 Model-747,424,492,LGA1700,,129,
CPU,Intel Core Gen-13 Model-748,2393,2086,AM5,,194,
CPU,AMD Ryzen Gen-12 Model-749,3057,2630,AM4,,114,
CPU,AMD Ryzen Gen-14 Model-750,3441,4099,AM5,,78,
CPU,AMD Ryzen Gen-11 Model-751,1162,1105,AM5,,152,
CPU,AMD Ryzen Gen-9 Model-752,1764,1685,AM4,,176,
CPU,Intel Core Gen-11 Model-753,2044,1970,AM5,,115,
CPU,Intel Core Gen-12 Model-754,816,873,LGA1851,,209,
CPU,AMD Ryzen Gen-14 Model-755,1071,972,AM5,,141,
CPU,Intel Core Gen-12 Model-756,3228,3706,LGA1851,,136,
CPU,AMD Ryzen Gen-13 Model-757,1440,1340,LGA1700,,54,
CPU,Intel Core Gen-14 Model-758,2939,2731,LGA1700,,62,
CPU,Intel Core Gen-9 Model-759,1760,1803,LGA1700,,167,
CPU,AMD Ryzen Gen-11 Model-760,2629,3105,AM4,,229,
CPU,Intel Core Gen-14 Model-761,1865,2022,LGA1200,,177,
CPU,AMD Ryzen Gen-14 Model-762,2603,2088,LGA1700,,172,
CPU,AMD Ryzen Gen-10 Model-763,1423,1331,LGA1851,,67,
CPU,AMD Ryzen Gen-11 Model-764,1449,1339,LGA1851,,155,
CPU,AMD Ryzen Gen-9 Model-765,1461,1746,AM5,,88,
CPU,Intel Core Gen-13 Model-766,2632,2334,AM4,,84,
CPU,Intel Core Gen-14 Model-767,1725,1472,AM5,,189,
CPU,Intel Core Gen-13 Model-768,2783,2800,LGA1200,,51,
CPU,AMD Ryzen Gen-13 Model-769,2901,2424,LGA1851,,155,
CPU,AMD Ryzen Gen-10 Model-770,3004,2787,AM4,,105,
CPU,AMD Ryzen Gen-12 Model-771,2628,3076,AM5,,145,
CPU,Intel Core Gen-14 Model-772,2675,2163,AM5,,250,
CPU,AMD Ryzen Gen-11 Model-773,2134,2000,AM4,,191,
CPU,Intel Core Gen-14 Model-774,2117,2226,LGA1700,,222,
CPU,AMD Ryzen Gen-10 Model-775,854,727,AM4,,168,
CPU,AMD Ryzen Gen-9 Model-776,789,885,LGA1700,,182,
CPU,Intel Core Gen-9 Model-777,1151,1162,LGA1700,,90,
CPU,Intel Core Gen-13 Model-778,2219,2045,AM4,,221,
CPU,AMD Ryzen Gen-14 Model-779,1647,1619,LGA1700,,144,
CPU,AMD Ryzen Gen-10 Model-780,3120,2763,LGA1200,,74,
CPU,AMD Ryzen Gen-11 Model-781,2984,3045,LGA1200,,91,
CPU,AMD Ryzen Gen-14 Model-782,2512,2843,LGA1200,,177,
CPU,AMD Ryzen Gen-11 Model-783,2482,2453,AM5,,156,
CPU,Intel Core Gen-14 Model-784,2253,2431,AM4,,99,
CPU,Intel Core Gen-12 Model-785,1016,897,AM5,,159,
CPU,Intel Core Gen-11 Model-786,2044,2053,LGA1700,,241,
CPU,Intel Core Gen-14 Model-787,460,538,LGA1200,,61,
CPU,AMD Ryzen Gen-12 Model-788,3258,3087,LGA1200,,151,
CPU,AMD Ryzen Gen-12 Model-789,2690,2206,LGA1200,,54,
CPU,AMD Ryzen Gen-11 Model-790,1786,1734,AM4,,122,
CPU,AMD Ryzen Gen-9 Model-791,1661,1553,AM5,,223,
CPU,AMD Ryzen Gen-11 Model-792,3009,2527,AM5,,148,
CPU,AMD Ryzen Gen-10 Model-793,1035,961,LGA1851,,93,
CPU,AMD Ryzen Gen-9 Model-794,2785,2685,AM5,,154,
CPU,AMD Ryzen Gen-11 Model-795,3147,2559,LGA1700,,117,
CPU,Intel Core Gen-11 Model-796,1350,1513,LGA1200,,183,
CPU,AMD Ryzen Gen-11 Model-797,2354,2198,AM4,,98,
CPU,AMD Ryzen Gen-10 Model-798,1445,1668,LGA1200,,70,
CPU,AMD Ryzen Gen-10 Model-799,3408,3436,AM5,,117,
CPU,Intel Core Gen-9 Model-800,479,384,AM5,,132,
CPU,Intel Core Gen-10 Model-801,2894,3262,LGA1851,,204,
CPU,AMD Ryzen Gen-11 Model-802,2065,1872,AM5,,59,
CPU,Intel Core Gen-13 Model-803,2673,2665,AM5,,151,
CPU,AMD Ryzen Gen-13 Model-804,3268,3093,LGA1851,,77,
CPU,AMD Ryzen Gen-9 Model-805,1187,1342,AM5,,65,
CPU,AMD Ryzen Gen-13 Model-806,3326,3210,LGA1200,,181,
CPU,AMD Ryzen Gen-13 Model-807,1859,1557,LGA1851,,59,
CPU,Intel Core Gen-9 Model-808,1945,2224,AM4,,64,
CPU,Intel Core Gen-12 Model-809,1408,1238,LGA1200,,148,
CPU,AMD Ryzen Gen-14 Model-810,2979,3075,LGA1851,,105,
CPU,AMD Ryzen Gen-13 Model-811,696,763,AM5,,242,
CPU,AMD Ryzen Gen-10 Model-812,1847,1556,LGA1700,,150,
CPU,Intel Core Gen-11 Model-813,2623,2187,AM5,,227,
CPU,AMD Ryzen Gen-12 Model-814,1093,1067,AM5,,166,
CPU,AMD Ryzen Gen-10 Model-815,404,331,LGA1851,,154,
CPU,AMD Ryzen Gen-11 Model-816,1517,1245,LGA1200,,143,
CPU,Intel Core Gen-10 Model-817,2705,2567,LGA1200,,48,
CPU,AMD Ryzen Gen-9 Model-818,1139,958,AM5,,185,
CPU,AMD Ryzen Gen-9 Model-819,3379,3679,LGA1700,,177,
CPU,AMD Ryzen Gen-11 Model-820,456,492,AM5,,250,
CPU,AMD Ryzen Gen-12 Model-821,2844,2342,LGA1700,,159,
CPU,Intel Core Gen-10 Model-822,3185,3341,LGA1700,,129,
CPU,AMD Ryzen Gen-13 Model-823,2737,2536,AM4,,168,
CPU,AMD Ryzen Gen-14 Model-824,2196,2152,AM4,,145,
CPU,AMD Ryzen Gen-10 Model-825,3207,2868,LGA1200,,80,
CPU,AMD Ryzen Gen-11 Model-826,821,966,AM4,,199,
CPU,Intel Core Gen-14 Model-827,1229,1048,LGA1851,,68,
CPU,Intel Core Gen-13 Model-828,2943,3048,AM5,,56,
CPU,Intel Core Gen-10 Model-829,2433,2709,AM5,,163,
CPU,AMD Ryzen Gen-13 Model-830,1702,1941,LGA1851,,82,
CPU,Intel Core Gen-14 Model-831,2563,2248,AM5,,115,
CPU,AMD Ryzen Gen-11 Model-832,2243,2571,LGA1200,,159,
CPU,AMD Ryzen Gen-14 Model-833,1353,1443,LGA1700,,192,
CPU,AMD Ryzen Gen-12 Model-834,3305,3547,AM4,,187,
CPU,AMD Ryzen Gen-9 Model-835,3445,3935,LGA1700,,133,
CPU,Intel Core Gen-12 Model-836,2583,3095,AM5,,49,
CPU,AMD Ryzen Gen-10 Model-837,2433,2462,LGA1200,,195,
CPU,Intel Core Gen-13 Model-838,1264,1479,AM4,,164,
CPU,AMD Ryzen Gen-14 Model-839,2092,2379,AM5,,222,
CPU,AMD Ryzen Gen-13 Model-840,2567,2519,AM5,,237,
CPU,Intel Core Gen-9 Model-841,2751,2332,LGA1200,,234,
CPU,Intel Core Gen-12 Model-842,2283,2066,LGA1200,,207,
CPU,AMD Ryzen Gen-9 Model-843,3384,3557,LGA1851,,50,
CPU,AMD Ryzen Gen-11 Model-844,781,628,LGA1851,,150,
CPU,Intel Core Gen-14 Model-845,1633,1568,AM4,,79,
CPU,Intel Core Gen-9 Model-846,2391,2841,AM4,,90,
CPU,AMD Ryzen Gen-10 Model-847,720,741,LGA1700,,212,
CPU,AMD Ryzen Gen-13 Model-848,1550,1794,LGA1851,,122,
CPU,Intel Core Gen-11 Model-849,2767,3163,LGA1200,,55,
CPU,Intel Core Gen-14 Model-850,1819,2164,AM4,,221,
CPU,Intel Core Gen-12 Model-851,1110,1132,AM5,,102,
CPU,Intel Core Gen-12 Model-852,3021,3550,AM4,,177,
CPU,AMD Ryzen Gen-14 Model-853,2970,3244,LGA1200,,236,
CPU,Intel Core Gen-13 Model-854,1264,1109,LGA1851,,47,
CPU,AMD Ryzen Gen-13 Model-855,1811,1599,LGA1700,,87,
CPU,Intel Core Gen-10 Model-856,1549,1462,LGA1200,,135,
CPU,AMD Ryzen Gen-14 Model-857,2707,2940,AM4,,115,
CPU,Intel Core Gen-10 Model-858,3388,3687,LGA1851,,213,
CPU,Intel Core Gen-11 Model-859,2278,2703,LGA1851,,226,
CPU,AMD Ryzen Gen-10 Model-860,467,414,LGA1851,,75,
CPU,Intel Core Gen-11 Model-861,1486,1652,AM4,,218,
CPU,Intel Core Gen-13 Model-862,776,696,LGA1700,,93,
CPU,AMD Ryzen Gen-9 Model-863,748,749,AM4,,146,
CPU,AMD Ryzen Gen-14 Model-864,858,721,AM4,,199,
CPU,Intel Core Gen-12 Model-865,2985,2587,AM4,,105,
CPU,AMD Ryzen Gen-13 Model-866,2237,2222,LGA1200,,147,
CPU,Intel Core Gen-12 Model-867,637,572,LGA1851,,183,
CPU,Intel Core Gen-14 Model-868,2715,2508,AM5,,123,
CPU,AMD Ryzen Gen-12 Model-869,2899,3026,LGA1851,,184,
CPU,AMD Ryzen Gen-10 Model-870,2500,2947,AM5,,117,
CPU,Intel Core Gen-13 Model-871,635,620,LGA1200,,79,
CPU,AMD Ryzen Gen-11 Model-872,3021,2558,AM4,,180,
CPU,AMD Ryzen Gen-14 Model-873,1335,1519,LGA1851,,219,
CPU,AMD Ryzen Gen-14 Model-874,3453,4017,LGA1851,,104,
CPU,Intel Core Gen-9 Model-875,3250,3647,LGA1700,,183,
CPU,AMD Ryzen Gen-13 Model-876,2372,2533,LGA1200,,107,
CPU,AMD Ryzen Gen-10 Model-877,466,491,AM5,,70,
CPU,Intel Core Gen-10 Model-878,486,570,AM5,,48,
CPU,AMD Ryzen Gen-13 Model-879,1090,891,AM5,,188,
CPU,AMD Ryzen Gen-11 Model-880,2780,2433,AM5,,239,
CPU,AMD Ryzen Gen-14 Model-881,498,537,LGA1200,,178,
CPU,Intel Core Gen-13 Model-882,1367,1227,LGA1200,,178,
CPU,AMD Ryzen Gen-9 Model-883,578,654,LGA1700,,223,
CPU,Intel Core Gen-13 Model-884,776,727,LGA1851,,179,
CPU,AMD Ryzen Gen-12 Model-885,966,904,LGA1851,,250,
CPU,Intel Core Gen-10 Model-886,1963,2012,LGA1851,,120,
CPU,AMD Ryzen Gen-13 Model-887,631,710,LGA1200,,133,
CPU,AMD Ryzen Gen-9 Model-888,1471,1625,LGA1851,,136,
CPU,AMD Ryzen Gen-13 Model-889,482,417,AM5,,196,
CPU,AMD Ryzen Gen-12 Model-890,2488,2570,AM5,,139,
CPU,AMD Ryzen Gen-9 Model-891,976,966,LGA1851,,140,
CPU,AMD Ryzen Gen-11 Model-892,2302,2481,LGA1700,,244,
CPU,Intel Core Gen-11 Model-893,1594,1820,LGA1200,,235,
CPU,Intel Core Gen-9 Model-894,2289,2216,LGA1200,,191,
CPU,AMD Ryzen Gen-14 Model-895,1479,1554,LGA1851,,120,
CPU,Intel Core Gen-10 Model-896,1051,1219,LGA1700,,231,
CPU,AMD Ryzen Gen-14 Model-897,922,986,AM5,,174,
CPU,AMD Ryzen Gen-11 Model-898,2515,2689,LGA1700,,162,
CPU,Intel Core Gen-9 Model-899,724,863,LGA1851,,235,
CPU,Intel Core Gen-12 Model-900,324,277,LGA1700,,59,
CPU,AMD Ryzen Gen-11 Model-901,3123,2654,LGA1200,,241,
CPU,AMD Ryzen Gen-10 Model-902,2288,2290,LGA1700,,229,
CPU,AMD Ryzen Gen-14 Model-903,1732,1504,LGA1700,,92,
CPU,AMD Ryzen Gen-11 Model-904,3228,3341,AM5,,185,
CPU,Intel Core Gen-9 Model-905,407,334,AM4,,181,
CPU,Intel Core Gen-12 Model-906,3088,2476,AM5,,114,
CPU,Intel Core Gen-13 Model-907,2977,2541,LGA1200,,119,
CPU,AMD Ryzen Gen-14 Model-908,2037,2390,LGA1200,,180,
CPU,AMD Ryzen Gen-11 Model-909,2028,1885,LGA1851,,121,
CPU,Intel Core Gen-9 Model-910,2038,2016,LGA1700,,73,
CPU,Intel Core Gen-10 Model-911,2032,2136,LGA1700,,184,
CPU,Intel Core Gen-12 Model-912,2363,1947,LGA1851,,52,
CPU,Intel Core Gen-12 Model-913,2192,1990,LGA1200,,150,
CPU,Intel Core Gen-11 Model-914,1050,1069,AM4,,116,
CPU,Intel Core Gen-13 Model-915,2441,2872,AM5,,146,
CPU,Intel Core Gen-14 Model-916,2013,1754,LGA1700,,97,
CPU,Intel Core Gen-14 Model-917,2749,2987,LGA1851,,181,
CPU,Intel Core Gen-14 Model-918,1560,1433,LGA1700,,132,
CPU,Intel Core Gen-11 Model-919,446,419,AM5,,166,
CPU,Intel Core Gen-14 Model-920,2547,2309,AM4,,145,
CPU,Intel Core Gen-9 Model-921,1349,1101,LGA1851,,90,
CPU,Intel Core Gen-12 Model-922,352,301,LGA1851,,118,
CPU,Intel Core Gen-10 Model-923,2490,2407,LGA1700,,140,
CPU,Intel Core Gen-9 Model-924,3087,3389,LGA1700,,215,
CPU,Intel Core Gen-12 Model-925,1375,1378,AM5,,49,
CPU,Intel Core Gen-14 Model-926,1782,1859,LGA1200,,220,
CPU,AMD Ryzen Gen-9 Model-927,2023,1634,LGA1851,,137,
CPU,AMD Ryzen Gen-9 Model-928,3120,3060,LGA1851,,113,
CPU,Intel Core Gen-10 Model-929,2250,2631,AM5,,127,
CPU,AMD Ryzen Gen-12 Model-930,1794,1587,AM5,,136,
CPU,Intel Core Gen-9 Model-931,502,595,AM4,,176,
CPU,Intel Core Gen-12 Model-932,3058,2629,LGA1851,,125,
CPU,Intel Core Gen-10 Model-933,600,617,AM5,,102,
CPU,Intel Core Gen-12 Model-934,2011,1978,LGA1200,,214,
CPU,AMD Ryzen Gen-9 Model-935,379,304,AM5,,96,
CPU,AMD Ryzen Gen-10 Model-936,2123,1922,LGA1851,,155,
CPU,AMD Ryzen Gen-12 Model-937,1293,1471,LGA1851,,145,
CPU,AMD Ryzen Gen-9 Model-938,2859,3009,LGA1700,,80,
CPU,Intel Core Gen-13 Model-939,948,948,LGA1700,,223,
CPU,Intel Core Gen-12 Model-940,1082,921,LGA1700,,237,
CPU,Intel Core Gen-10 Model-941,3071,2929,LGA1851,,249,
CPU,Intel Core Gen-9 Model-942,514,609,LGA1200,,176,
CPU,Intel Core Gen-13 Model-943,1705,1599,AM4,,116,
CPU,AMD Ryzen Gen-14 Model-944,1148,1092,LGA1200,,138,
CPU,Intel Core Gen-10 Model-945,3494,3636,LGA1200,,184,
CPU,Intel Core Gen-10 Model-946,1745,1775,LGA1700,,153,
CPU,AMD Ryzen Gen-11 Model-947,2000,2149,AM5,,48,
CPU,Intel Core Gen-12 Model-948,1190,1268,LGA1700,,249,
CPU,Intel Core Gen-11 Model-949,774,869,LGA1700,,98,
CPU,AMD Ryzen Gen-12 Model-950,2501,2408,LGA1200,,116,
CPU,AMD Ryzen Gen-13 Model-951,1364,1291,LGA1851,,94,
CPU,Intel Core Gen-12 Model-952,1730,2017,LGA1700,,205,
CPU,AMD Ryzen Gen-9 Model-953,650,617,LGA1851,,177,
CPU,Intel Core Gen-11 Model-954,649,762,AM5,,130,
CPU,Intel Core Gen-12 Model-955,3393,3271,AM5,,235,
CPU,AMD Ryzen Gen-12 Model-956,2448,2060,AM4,,68,
CPU,Intel Core Gen-9 Model-957,2047,2410,LGA1851,,236,
CPU,Intel Core Gen-9 Model-958,1049,1178,LGA1200,,143,
CPU,AMD Ryzen Gen-14 Model-959,3090,2814,LGA1200,,82,
CPU,Intel Core Gen-12 Model-960,912,761,LGA1851,,130,
CPU,Intel Core Gen-10 Model-961,3165,3567,LGA1851,,235,
CPU,Intel Core Gen-14 Model-962,2630,2617,AM4,,126,
CPU,Intel Core Gen-9 Model-963,1426,1199,LGA1851,,46,
CPU,Intel Core Gen-13 Model-964,1403,1394,LGA1700,,197,
CPU,Intel Core Gen-14 Model-965,1150,1175,LGA1851,,212,
CPU,Intel Core Gen-12 Model-966,2632,2950,LGA1851,,77,
CPU,Intel Core Gen-9 Model-967,2074,1841,LGA1200,,240,
CPU,Intel Core Gen-11 Model-968,2204,1942,LGA1851,,196,
CPU,Intel Core Gen-11 Model-969,2471,2945,AM4,,49,
CPU,AMD Ryzen Gen-10 Model-970,2404,2573,AM5,,184,
CPU,Intel Core Gen-10 Model-971,1276,1446,LGA1700,,64,
CPU,AMD Ryzen Gen-9 Model-972,3337,2697,LGA1200,,208,
CPU,Intel Core Gen-13 Model-973,2256,2694,AM4,,167,
CPU,AMD Ryzen Gen-12 Model-974,3257,3629,LGA1851,,129,
CPU,Intel Core Gen-13 Model-975,2051,2013,LGA1200,,190,
CPU,AMD Ryzen Gen-12 Model-976,1731,1524,LGA1700,,163,
CPU,Intel Core Gen-10 Model-977,3290,2887,LGA1200,,47,
CPU,Intel Core Gen-9 Model-978,2902,3432,LGA1700,,64,
CPU,Intel Core Gen-12 Model-979,1649,1687,AM4,,97,
CPU,Intel Core Gen-11 Model-980,2283,1927,AM4,,122,
CPU,AMD Ryzen Gen-12 Model-981,563,558,LGA1700,,214,
CPU,Intel Core Gen-9 Model-982,1800,1772,AM5,,112,
CPU,AMD Ryzen Gen-12 Model-983,997,1088,LGA1700,,45,
CPU,Intel Core Gen-12 Model-984,1338,1257,LGA1700,,177,
CPU,AMD Ryzen Gen-13 Model-985,1468,1528,LGA1200,,210,
CPU,AMD Ryzen Gen-12 Model-986,1888,1994,LGA1200,,70,
CPU,AMD Ryzen Gen-13 Model-987,2806,2428,LGA1200,,177,
CPU,Intel Core Gen-14 Model-988,1885,1971,LGA1200,,176,
CPU,Intel Core Gen-13 Model-989,1027,847,LGA1200,,106,
CPU,Intel Core Gen-10 Model-990,1119,1055,LGA1200,,180,
CPU,Intel Core Gen-13 Model-991,2594,2855,AM4,,224,
CPU,AMD Ryzen Gen-14 Model-992,1409,1176,LGA1200,,203,
CPU,Intel Core Gen-14 Model-993,3134,3603,LGA1700,,144,
CPU,AMD Ryzen Gen-11 Model-994,2381,2676,LGA1851,,138,
CPU,AMD Ryzen Gen-10 Model-995,2242,2066,LGA1200,,165,
CPU,Intel Core Gen-10 Model-996,1442,1549,LGA1700,,197,
CPU,Intel Core Gen-10 Model-997,3461,3062,LGA1200,,176,
CPU,Intel Core Gen-11 Model-998,2098,2015,AM4,,100,
CPU,AMD Ryzen Gen-14 Model-999,2838,2512,LGA1851,,203,
CPU,Intel Core Gen-13 Model-1000,2735,2301,LGA1700,,78,
CPU,Intel Core Gen-11 Model-1001,3311,3091,LGA1851,,102,
CPU,Intel Core Gen-12 Model-1002,2794,3025,LGA1700,,66,
CPU,Intel Core Gen-11 Model-1003,443,488,AM5,,234,
CPU,AMD Ryzen Gen-10 Model-1004,2584,2095,LGA1700,,165,
CPU,AMD Ryzen Gen-9 Model-1005,2534,2654,LGA1700,,249,
CPU,Intel Core Gen-12 Model-1006,2753,2383,LGA1200,,136,
CPU,AMD Ryzen Gen-12 Model-1007,1954,1598,LGA1851,,241,
CPU,Intel Core Gen-9 Model-1008,483,472,LGA1700,,225,
CPU,AMD Ryzen Gen-14 Model-1009,2034,1790,LGA1851,,245,
CPU,Intel Core Gen-12 Model-1010,2528,2719,LGA1200,,248,
CPU,Intel Core Gen-13 Model-1011,1820,1731,AM5,,132,
CPU,AMD Ryzen Gen-14 Model-1012,3333,3606,AM4,,128,
CPU,Intel Core Gen-9 Model-1013,3449,3955,AM5,,159,
CPU,Intel Core Gen-14 Model-1014,1574,1696,AM4,,226,
CPU,AMD Ryzen Gen-10 Model-1015,2184,2435,AM4,,222,
CPU,AMD Ryzen Gen-11 Model-1016,857,815,LGA1700,,211,
CPU,AMD Ryzen Gen-12 Model-1017,1701,1976,LGA1200,,106,
CPU,AMD Ryzen Gen-12 Model-1018,3371,3201,LGA1851,,87,
CPU,AMD Ryzen Gen-10 Model-1019,3412,2948,AM4,,145,
CPU,Intel Core Gen-9 Model-1020,1330,1577,LGA1200,,218,
CPU,Intel Core Gen-14 Model-1021,2531,2693,LGA1851,,248,
CPU,AMD Ryzen Gen-14 Model-1022,1638,1412,LGA1700,,110,
CPU,AMD Ryzen Gen-9 Model-1023,393,422,LGA1851,,130,
CPU,AMD Ryzen Gen-11 Model-1024,897,911,LGA1851,,247,
CPU,Intel Core Gen-14 Model-1025,1702,1570,LGA1700,,164,
CPU,AMD Ryzen Gen-11 Model-1026,2134,2338,LGA1851,,153,
CPU,Intel Core Gen-13 Model-1027,940,884,LGA1200,,238,
CPU,Intel Core Gen-10 Model-1028,2943,2467,LGA1851,,180,
CPU,Intel Core Gen-10 Model-1029,3047,3619,LGA1851,,202,
CPU,Intel Core Gen-11 Model-1030,612,499,AM5,,121,
CPU,Intel Core Gen-12 Model-1031,2825,3036,AM4,,183,
CPU,AMD Ryzen Gen-14 Model-1032,2368,2472,LGA1851,,115,
CPU,AMD Ryzen Gen-13 Model-1033,2656,2730,LGA1851,,186,
CPU,Intel Core Gen-14 Model-1034,1807,1918,AM5,,240,
CPU,Intel Core Gen-13 Model-1035,1816,2061,AM4,,70,
CPU,Intel Core Gen-12 Model-1036,2177,1793,LGA1700,,89,
CPU,AMD Ryzen Gen-13 Model-1037,3477,3182,AM5,,143,
CPU,AMD Ryzen Gen-10 Model-1038,726,728,LGA1700,,175,
CPU,AMD Ryzen Gen-13 Model-1039,1075,883,LGA1851,,48,
CPU,AMD Ryzen Gen-9 Model-1040,838,941,AM4,,129,
CPU,AMD Ryzen Gen-14 Model-1041,2194,1918,LGA1200,,84,
CPU,AMD Ryzen Gen-10 Model-1042,1104,1125,LGA1851,,115,
CPU,AMD Ryzen Gen-14 Model-1043,1061,1271,AM4,,212,
CPU,Intel Core Gen-11 Model-1044,417,498,AM4,,199,
CPU,AMD Ryzen Gen-14 Model-1045,579,547,LGA1851,,195,
CPU,Intel Core Gen-10 Model-1046,1258,1404,AM5,,204,
CPU,AMD Ryzen Gen-14 Model-1047,914,906,AM4,,171,
CPU,AMD Ryzen Gen-9 Model-1048,2996,3197,AM5,,56,
CPU,Intel Core Gen-10 Model-1049,1097,1310,LGA1200,,63,
CPU,AMD Ryzen Gen-13 Model-1050,1980,2362,LGA1700,,215,
CPU,AMD Ryzen Gen-10 Model-1051,1766,1698,LGA1200,,107,
CPU,Intel Core Gen-14 Model-1052,2762,2584,AM5,,177,
CPU,AMD Ryzen Gen-14 Model-1053,2617,2482,LGA1851,,144,
CPU,AMD Ryzen Gen-9 Model-1054,2104,1699,LGA1851,,143,
CPU,Intel Core Gen-9 Model-1055,1577,1265,LGA1851,,78,
CPU,Intel Core Gen-14 Model-1056,351,303,LGA1700,,83,
CPU,Intel Core Gen-14 Model-1057,3209,3338,LGA1700,,87,
CPU,AMD Ryzen Gen-13 Model-1058,2628,2854,LGA1700,,229,
CPU,Intel Core Gen-11 Model-1059,2652,2281,AM4,,93,
CPU,Intel Core Gen-9 Model-1060,3071,3354,LGA1200,,66,
CPU,AMD Ryzen Gen-14 Model-1061,3303,3648,AM4,,131,
CPU,AMD Ryzen Gen-10 Model-1062,2660,2306,LGA1200,,98,
CPU,AMD Ryzen Gen-13 Model-1063,2653,2725,AM4,,243,
CPU,AMD Ryzen Gen-12 Model-1064,3416,3641,AM4,,88,
CPU,Intel Core Gen-13 Model-1065,1626,1518,LGA1851,,196,
CPU,AMD Ryzen Gen-10 Model-1066,1622,1530,LGA1700,,143,
CPU,AMD Ryzen Gen-12 Model-1067,3087,3646,AM5,,212,
CPU,AMD Ryzen Gen-14 Model-1068,2031,1781,LGA1700,,72,
CPU,Intel Core Gen-12 Model-1069,2690,3101,AM5,,193,
CPU,AMD Ryzen Gen-9 Model-1070,2699,2383,AM5,,146,
CPU,Intel Core Gen-9 Model-1071,1125,1148,AM4,,87,
CPU,Intel Core Gen-9 Model-1072,969,1003,AM4,,114,
CPU,AMD Ryzen Gen-13 Model-1073,1122,1241,LGA1200,,246,
CPU,Intel Core Gen-13 Model-1074,1199,1329,LGA1200,,212,
CPU,Intel Core Gen-12 Model-1075,484,420,AM5,,144,
CPU,AMD Ryzen Gen-11 Model-1076,2142,2508,AM5,,151,
CPU,Intel Core Gen-10 Model-1077,1456,1563,LGA1700,,75,
CPU,Intel Core Gen-11 Model-1078,783,645,LGA1851,,234,
CPU,Intel Core Gen-14 Model-1079,2726,2993,LGA1700,,223,
CPU,Intel Core Gen-12 Model-1080,1508,1618,LGA1851,,80,
CPU,Intel Core Gen-11 Model-1081,2591,2822,AM4,,103,
CPU,Intel Core Gen-10 Model-1082,392,409,LGA1200,,238,
CPU,Intel Core Gen-11 Model-1083,3380,2746,AM4,,66,
CPU,Intel Core Gen-11 Model-1084,2799,2543,AM5,,96,
CPU,Intel Core Gen-14 Model-1085,1429,1617,LGA1200,,101,
CPU,AMD Ryzen Gen-9 Model-1086,1830,2157,LGA1851,,246,
CPU,Intel Core Gen-11 Model-1087,1858,1775,AM4,,137,
CPU,Intel Core Gen-10 Model-1088,3203,2745,LGA1851,,127,
CPU,AMD Ryzen Gen-14 Model-1089,2631,2424,LGA1851,,72,
CPU,AMD Ryzen Gen-10 Model-1090,1670,1981,LGA1851,,145,
CPU,Intel Core Gen-12 Model-1091,1977,2078,LGA1700,,185,
CPU,Intel Core Gen-13 Model-1092,808,665,LGA1200,,169,
CPU,Intel Core Gen-13 Model-1093,1293,1313,AM4,,193,
CPU,Intel Core Gen-9 Model-1094,1022,875,AM5,,64,
CPU,Intel Core Gen-10 Model-1095,2862,2553,LGA1200,,187,
CPU,AMD Ryzen Gen-9 Model-1096,1826,1763,LGA1200,,105,
CPU,AMD Ryzen Gen-9 Model-1097,3322,3408,AM5,,157,
CPU,AMD Ryzen Gen-9 Model-1098,1959,1980,LGA1851,,228,
CPU,AMD Ryzen Gen-12 Model-1099,1807,1794,AM4,,103,
CPU,Intel Core Gen-10 Model-1100,3375,3254,LGA1200,,108,
CPU,Intel Core Gen-9 Model-1101,546,590,LGA1200,,50,
CPU,AMD Ryzen Gen-10 Model-1102,1042,1121,LGA1200,,215,
CPU,Intel Core Gen-10 Model-1103,1509,1711,AM4,,88,
CPU,AMD Ryzen Gen-11 Model-1104,1929,1913,LGA1700,,242,
CPU,Intel Core Gen-14 Model-1105,2164,2035,LGA1700,,231,
CPU,Intel Core Gen-12 Model-1106,1270,1092,LGA1200,,149,
CPU,Intel Core Gen-11 Model-1107,1087,891,AM4,,98,
CPU,AMD Ryzen Gen-13 Model-1108,2624,2156,AM5,,226,
CPU,Intel Core Gen-10 Model-1109,2594,2996,LGA1851,,159,
CPU,AMD Ryzen Gen-12 Model-1110,1918,1913,LGA1200,,75,
CPU,Intel Core Gen-14 Model-1111,2353,2800,LGA1700,,129,
CPU,Intel Core Gen-9 Model-1112,2339,2608,AM4,,87,
CPU,Intel Core Gen-9 Model-1113,1287,1535,LGA1200,,73,
CPU,Intel Core Gen-11 Model-1114,2758,3112,LGA1700,,70,
CPU,AMD Ryzen Gen-10 Model-1115,1603,1392,AM5,,198,
CPU,AMD Ryzen Gen-11 Model-1116,1836,1638,LGA1200,,56,
CPU,AMD Ryzen Gen-13 Model-1117,2894,2847,AM5,,227,
CPU,AMD Ryzen Gen-13 Model-1118,576,514,LGA1851,,129,
CPU,AMD Ryzen Gen-10 Model-1119,2545,2367,LGA1200,,184,
CPU,Intel Core Gen-14 Model-1120,3476,3307,LGA1700,,237,
CPU,AMD Ryzen Gen-14 Model-1121,847,768,AM4,,210,
CPU,AMD Ryzen Gen-12 Model-1122,2515,2705,AM4,,69,
CPU,AMD Ryzen Gen-11 Model-1123,1728,1997,LGA1851,,124,
CPU,AMD Ryzen Gen-10 Model-1124,2578,2170,LGA1700,,102,
CPU,Intel Core Gen-14 Model-1125,2210,2173,LGA1851,,193,
CPU,AMD Ryzen Gen-11 Model-1126,1959,1800,LGA1700,,99,
CPU,AMD Ryzen Gen-9 Model-1127,2254,2541,AM4,,98,
CPU,AMD Ryzen Gen-10 Model-1128,1000,1030,LGA1851,,143,
CPU,AMD Ryzen Gen-9 Model-1129,2748,3164,LGA1851,,149,
CPU,Intel Core Gen-9 Model-1130,3497,3292,LGA1700,,247,
CPU,AMD Ryzen Gen-10 Model-1131,1218,1255,LGA1851,,241,
CPU,Intel Core Gen-9 Model-1132,3483,2788,LGA1851,,220,
CPU,Intel Core Gen-11 Model-1133,948,1119,AM4,,244,
CPU,Intel Core Gen-9 Model-1134,1384,1293,AM4,,205,
CPU,AMD Ryzen Gen-12 Model-1135,704,772,AM5,,237,
CPU,AMD Ryzen Gen-9 Model-1136,897,917,LGA1851,,60,
CPU,AMD Ryzen Gen-9 Model-1137,2257,2091,LGA1700,,127,
CPU,AMD Ryzen Gen-12 Model-1138,2263,1858,AM5,,216,
CPU,Intel Core Gen-14 Model-1139,1343,1410,LGA1200,,197,
CPU,AMD Ryzen Gen-12 Model-1140,1185,975,LGA1700,,72,
CPU,AMD Ryzen Gen-11 Model-1141,1577,1627,AM4,,59,
CPU,Intel Core Gen-10 Model-1142,1200,1278,AM5,,165,
CPU,AMD Ryzen Gen-11 Model-1143,1018,849,AM4,,170,
CPU,Intel Core Gen-11 Model-1144,1794,1983,LGA1700,,194,
CPU,AMD Ryzen Gen-11 Model-1145,2697,2525,LGA1700,,167,
CPU,Intel Core Gen-10 Model-1146,3006,3403,AM4,,81,
CPU,AMD Ryzen Gen-13 Model-1147,356,419,LGA1700,,78,
CPU,Intel Core Gen-11 Model-1148,560,627,AM5,,239,
CPU,Intel Core Gen-10 Model-1149,490,485,LGA1200,,133,
CPU,Intel Core Gen-11 Model-1150,3148,3168,AM4,,224,
CPU,Intel Core Gen-12 Model-1151,426,379,LGA1851,,209,
CPU,AMD Ryzen Gen-9 Model-1152,1312,1216,LGA1700,,221,
CPU,Intel Core Gen-13 Model-1153,2639,2814,AM5,,127,
CPU,AMD Ryzen Gen-12 Model-1154,1566,1263,AM5,,53,
CPU,Intel Core Gen-9 Model-1155,2679,2537,AM4,,241,
CPU,Intel Core Gen-13 Model-1156,1659,1723,AM5,,184,
CPU,Intel Core Gen-14 Model-1157,2799,3319,LGA1200,,90,
CPU,Intel Core Gen-10 Model-1158,2053,1751,AM4,,181,
CPU,AMD Ryzen Gen-10 Model-1159,2481,2551,LGA1851,,120,
CPU,AMD Ryzen Gen-10 Model-1160,480,518,LGA1851,,73,
CPU,AMD Ryzen Gen-11 Model-1161,365,374,LGA1851,,189,
CPU,Intel Core Gen-10 Model-1162,902,749,LGA1851,,108,
CPU,AMD Ryzen Gen-13 Model-1163,3273,3511,LGA1851,,204,
CPU,Intel Core Gen-14 Model-1164,3403,3554,AM4,,155,
CPU,AMD Ryzen Gen-14 Model-1165,2472,2083,AM5,,98,
CPU,AMD Ryzen Gen-14 Model-1166,1087,942,LGA1200,,185,
CPU,AMD Ryzen Gen-9 Model-1167,1091,988,AM4,,204,
CPU,Intel Core Gen-14 Model-1168,1052,1092,AM5,,60,
CPU,AMD Ryzen Gen-12 Model-1169,2388,2434,AM5,,128,
CPU,Intel Core Gen-10 Model-1170,3294,2637,AM5,,68,
CPU,AMD Ryzen Gen-10 Model-1171,356,410,LGA1851,,124,
CPU,AMD Ryzen Gen-9 Model-1172,2036,2366,AM4,,111,
CPU,Intel Core Gen-12 Model-1173,2827,2608,LGA1700,,158,
CPU,Intel Core Gen-12 Model-1174,2828,3037,LGA1851,,130,
CPU,AMD Ryzen Gen-10 Model-1175,395,411,LGA1200,,179,
CPU,Intel Core Gen-13 Model-1176,2028,1659,LGA1851,,127,
CPU,AMD Ryzen Gen-10 Model-1177,672,613,LGA1700,,97,
CPU,AMD Ryzen Gen-12 Model-1178,726,728,AM4,,196,
CPU,AMD Ryzen Gen-10 Model-1179,1912,1825,AM5,,92,
CPU,AMD Ryzen Gen-10 Model-1180,2745,2848,LGA1200,,66,
CPU,AMD Ryzen Gen-11 Model-1181,689,557,LGA1700,,52,
CPU,AMD Ryzen Gen-10 Model-1182,2455,2627,LGA1700,,224,
CPU,Intel Core Gen-14 Model-1183,3127,3123,AM5,,103,
CPU,AMD Ryzen Gen-11 Model-1184,373,400,LGA1851,,233,
CPU,AMD Ryzen Gen-12 Model-1185,1682,1404,AM5,,171,
CPU,Intel Core Gen-14 Model-1186,3106,2522,LGA1200,,119,
CPU,Intel Core Gen-14 Model-1187,412,491,AM4,,54,
CPU,Intel Core Gen-9 Model-1188,1418,1407,LGA1851,,117,
CPU,Intel Core Gen-12 Model-1189,582,579,LGA1700,,177,
CPU,Intel Core Gen-13 Model-1190,347,298,AM5,,196,
CPU,Intel Core Gen-14 Model-1191,1996,1726,AM4,,70,
CPU,Intel Core Gen-13 Model-1192,1387,1538,LGA1851,,136,
CPU,AMD Ryzen Gen-12 Model-1193,2562,2897,LGA1200,,226,
CPU,AMD Ryzen Gen-13 Model-1194,392,346,AM4,,203,
CPU,AMD Ryzen Gen-13 Model-1195,3289,3912,LGA1700,,220,
CPU,AMD Ryzen Gen-9 Model-1196,1975,2266,LGA1851,,199,
CPU,AMD Ryzen Gen-14 Model-1197,708,647,AM5,,249,
CPU,Intel Core Gen-13 Model-1198,403,322,LGA1851,,188,
CPU,Intel Core Gen-13 Model-1199,1853,1738,AM4,,224,
CPU,AMD Ryzen Gen-11 Model-1200,2831,2301,LGA1700,,106,
CPU,AMD Ryzen Gen-12 Model-1201,2130,1890,LGA1700,,238,
CPU,AMD Ryzen Gen-11 Model-1202,2389,2778,LGA1200,,175,
CPU,AMD Ryzen Gen-10 Model-1203,1184,1048,AM5,,147,
CPU,Intel Core Gen-11 Model-1204,1814,1579,LGA1700,,168,
CPU,Intel Core Gen-14 Model-1205,689,743,LGA1851,,178,
CPU,AMD Ryzen Gen-9 Model-1206,2487,2479,LGA1851,,244,
CPU,Intel Core Gen-14 Model-1207,2075,2044,AM5,,178,
CPU,Intel Core Gen-12 Model-1208,976,823,LGA1200,,88,
CPU,AMD Ryzen Gen-9 Model-1209,1387,1467,AM4,,52,
CPU,Intel Core Gen-9 Model-1210,3496,3166,AM5,,239,
CPU,Intel Core Gen-12 Model-1211,757,870,AM5,,130,
CPU,Intel Core Gen-10 Model-1212,1873,1706,AM4,,239,
CPU,AMD Ryzen Gen-11 Model-1213,1593,1844,LGA1200,,48,
CPU,Intel Core Gen-12 Model-1214,454,420,LGA1851,,101,
CPU,AMD Ryzen Gen-10 Model-1215,2072,1781,AM4,,176,
CPU,Intel Core Gen-12 Model-1216,652,526,LGA1851,,193,
CPU,Intel Core Gen-14 Model-1217,1508,1209,AM5,,85,
CPU,AMD Ryzen Gen-12 Model-1218,2620,2756,LGA1700,,192,
CPU,Intel Core Gen-9 Model-1219,1845,1621,LGA1700,,217,
CPU,Intel Core Gen-13 Model-1220,1812,1715,LGA1700,,153,
CPU,Intel Core Gen-13 Model-1221,3480,3797,LGA1700,,179,
CPU,AMD Ryzen Gen-13 Model-1222,2107,1839,LGA1200,,97,
CPU,Intel Core Gen-14 Model-1223,1021,937,LGA1851,,59,
CPU,AMD Ryzen Gen-12 Model-1224,1727,1724,LGA1200,,209,
CPU,Intel Core Gen-14 Model-1225,1196,1304,AM5,,196,
CPU,AMD Ryzen Gen-13 Model-1226,3235,3580,LGA1200,,47,
CPU,AMD Ryzen Gen-9 Model-1227,997,1133,LGA1700,,73,
CPU,AMD Ryzen Gen-14 Model-1228,3128,3091,AM4,,184,
CPU,AMD Ryzen Gen-14 Model-1229,3149,3070,AM5,,222,
CPU,AMD Ryzen Gen-11 Model-1230,1452,1179,LGA1700,,68,
CPU,AMD Ryzen Gen-13 Model-1231,736,611,AM4,,49,
CPU,AMD Ryzen Gen-13 Model-1232,1590,1511,AM4,,165,
CPU,AMD Ryzen Gen-10 Model-1233,1187,1254,AM5,,156,
CPU,AMD Ryzen Gen-11 Model-1234,1309,1081,LGA1700,,213,
CPU,AMD Ryzen Gen-11 Model-1235,1188,1388,AM5,,237,
CPU,Intel Core Gen-10 Model-1236,1014,1043,AM5,,109,
CPU,AMD Ryzen Gen-11 Model-1237,417,407,LGA1700,,58,
CPU,AMD Ryzen Gen-11 Model-1238,1428,1280,LGA1200,,218,
CPU,AMD Ryzen Gen-13 Model-1239,2740,2379,LGA1851,,144,
CPU,AMD Ryzen Gen-14 Model-1240,939,831,LGA1851,,78,
CPU,Intel Core Gen-10 Model-1241,1307,1256,AM4,,177,
CPU,AMD Ryzen Gen-12 Model-1242,676,706,AM5,,47,
CPU,AMD Ryzen Gen-9 Model-1243,2948,3060,AM5,,78,
CPU,Intel Core Gen-14 Model-1244,1540,1505,LGA1851,,119,
CPU,Intel Core Gen-12 Model-1245,1593,1375,LGA1200,,211,
CPU,AMD Ryzen Gen-11 Model-1246,782,748,AM5,,105,
CPU,Intel Core Gen-11 Model-1247,2079,2005,AM5,,107,
CPU,Intel Core Gen-14 Model-1248,3142,3263,LGA1851,,229,
CPU,Intel Core Gen-11 Model-1249,1349,1344,AM5,,87,
CPU,AMD Ryzen Gen-10 Model-1250,784,705,AM5,,61,
CPU,AMD Ryzen Gen-9 Model-1251,3033,2815,AM5,,210,
CPU,Intel Core Gen-12 Model-1252,1301,1368,LGA1851,,55,
CPU,Intel Core Gen-13 Model-1253,1537,1230,AM5,,146,
CPU,Intel Core Gen-11 Model-1254,2119,2474,LGA1700,,71,
CPU,Intel Core Gen-11 Model-1255,2734,3117,LGA1851,,88,
CPU,AMD Ryzen Gen-14 Model-1256,2004,2297,LGA1851,,138,
CPU,Intel Core Gen-11 Model-1257,619,672,AM5,,152,
CPU,Intel Core Gen-10 Model-1258,1305,1378,LGA1200,,247,
CPU,AMD Ryzen Gen-12 Model-1259,2657,2272,LGA1700,,223,
CPU,AMD Ryzen Gen-14 Model-1260,1041,938,LGA1700,,183,
CPU,Intel Core Gen-14 Model-1261,684,818,AM5,,210,
CPU,Intel Core Gen-11 Model-1262,2227,2428,AM5,,98,
CPU,Intel Core Gen-9 Model-1263,2683,3149,AM4,,59,
CPU,Intel Core Gen-14 Model-1264,359,288,AM5,,124,
CPU,Intel Core Gen-11 Model-1265,1776,1646,LGA1200,,114,
CPU,Intel Core Gen-9 Model-1266,1826,1703,LGA1851,,122,
CPU,Intel Core Gen-12 Model-1267,1837,1986,LGA1200,,80,
CPU,Intel Core Gen-9 Model-1268,3478,3724,LGA1700,,83,
CPU,AMD Ryzen Gen-13 Model-1269,2804,2498,LGA1700,,250,
CPU,Intel Core Gen-14 Model-1270,3003,3023,LGA1851,,158,
CPU,AMD Ryzen Gen-12 Model-1271,1970,2176,LGA1700,,151,
CPU,AMD Ryzen Gen-11 Model-1272,1087,1102,LGA1851,,230,
CPU,AMD Ryzen Gen-11 Model-1273,1755,1639,LGA1700,,76,
CPU,Intel Core Gen-12 Model-1274,904,867,LGA1700,,220,
CPU,AMD Ryzen Gen-10 Model-1275,2899,3392,AM5,,242,
CPU,Intel Core Gen-10 Model-1276,1742,1528,LGA1200,,240,
CPU,AMD Ryzen Gen-10 Model-1277,2662,2657,AM4,,97,
CPU,Intel Core Gen-12 Model-1278,3416,3649,AM4,,173,
CPU,AMD Ryzen Gen-11 Model-1279,783,912,LGA1200,,130,
CPU,Intel Core Gen-12 Model-1280,2238,2328,AM4,,128,
CPU,Intel Core Gen-12 Model-1281,654,664,AM4,,155,
CPU,Intel Core Gen-9 Model-1282,3297,3378,AM5,,81,
CPU,Intel Core Gen-10 Model-1283,2680,2883,LGA1700,,219,
CPU,Intel Core Gen-11 Model-1284,2095,2192,LGA1851,,155,
CPU,Intel Core Gen-10 Model-1285,3449,3153,LGA1851,,48,
CPU,Intel Core Gen-10 Model-1286,2538,2257,AM5,,152,
CPU,Intel Core Gen-10 Model-1287,3262,3169,LGA1700,,207,
CPU,AMD Ryzen Gen-12 Model-1288,1772,1738,AM4,,58,
CPU,AMD Ryzen Gen-11 Model-1289,3008,2664,LGA1200,,136,
CPU,Intel Core Gen-11 Model-1290,3232,3617,AM4,,107,
CPU,Intel Core Gen-14 Model-1291,3282,3022,LGA1851,,200,
CPU,Intel Core Gen-9 Model-1292,1045,917,LGA1200,,183,
CPU,Intel Core Gen-13 Model-1293,2063,1674,AM5,,230,
CPU,Intel Core Gen-13 Model-1294,1098,989,AM5,,175,
CPU,Intel Core Gen-11 Model-1295,3142,2712,AM5,,134,
CPU,Intel Core Gen-10 Model-1296,1429,1668,LGA1851,,46,
CPU,AMD Ryzen Gen-12 Model-1297,1950,1957,LGA1700,,131,
CPU,Intel Core Gen-9 Model-1298,1731,1495,LGA1851,,250,
CPU,Intel Core Gen-13 Model-1299,2964,3523,LGA1200,,194,
CPU,AMD Ryzen Gen-11 Model-1300,817,888,AM5,,120,
CPU,AMD Ryzen Gen-14 Model-1301,2338,2486,AM4,,72,
CPU,AMD Ryzen Gen-9 Model-1302,2857,2546,AM5,,202,
CPU,Intel Core Gen-12 Model-1303,442,397,AM5,,71,
CPU,Intel Core Gen-13 Model-1304,1347,1575,AM5,,81,
CPU,AMD Ryzen Gen-11 Model-1305,971,1052,LGA1700,,107,
CPU,Intel Core Gen-12 Model-1306,1534,1336,LGA1700,,240,
CPU,Intel Core Gen-9 Model-1307,2585,2288,AM5,,195,
CPU,Intel Core Gen-14 Model-1308,1359,1182,LGA1200,,138,
CPU,AMD Ryzen Gen-12 Model-1309,1853,1569,AM4,,250,
CPU,AMD Ryzen Gen-14 Model-1310,600,658,LGA1851,,211,
CPU,AMD Ryzen Gen-13 Model-1311,3224,3703,AM5,,137,
CPU,AMD Ryzen Gen-14 Model-1312,2847,3292,AM5,,128,
CPU,AMD Ryzen Gen-9 Model-1313,3454,3943,AM5,,96,
CPU,AMD Ryzen Gen-9 Model-1314,3344,3902,AM4,,151,
CPU,AMD Ryzen Gen-10 Model-1315,3168,3058,AM4,,154,
CPU,AMD Ryzen Gen-9 Model-1316,2101,1822,AM4,,72,
CPU,Intel Core Gen-9 Model-1317,1631,1918,LGA1200,,138,
CPU,AMD Ryzen Gen-13 Model-1318,3355,3288,LGA1700,,210,
CPU,AMD Ryzen Gen-9 Model-1319,2828,2580,LGA1700,,134,
CPU,Intel Core Gen-13 Model-1320,2658,2284,LGA1200,,237,
CPU,AMD Ryzen Gen-10 Model-1321,510,571,AM5,,191,
CPU,AMD Ryzen Gen-9 Model-1322,3474,3727,LGA1851,,148,
CPU,Intel Core Gen-13 Model-1323,3158,3185,LGA1851,,138,
CPU,Intel Core Gen-10 Model-1324,2061,1927,LGA1851,,190,
CPU,AMD Ryzen Gen-14 Model-1325,2182,1881,LGA1851,,190,
CPU,Intel Core Gen-13 Model-1326,688,636,AM4,,123,
CPU,AMD Ryzen Gen-10 Model-1327,352,403,AM5,,111,
CPU,Intel Core Gen-9 Model-1328,2664,2339,AM4,,181,
CPU,Intel Core Gen-9 Model-1329,2994,2789,LGA1200,,128,
CPU,AMD Ryzen Gen-12 Model-1330,1416,1315,LGA1700,,125,
CPU,AMD Ryzen Gen-13 Model-1331,943,762,LGA1851,,77,
CPU,AMD Ryzen Gen-12 Model-1332,928,742,LGA1851,,73,
CPU,Intel Core Gen-9 Model-1333,2475,2471,AM4,,135,
CPU,Intel Core Gen-14 Model-1334,2683,2254,LGA1851,,117,
CPU,AMD Ryzen Gen-14 Model-1335,2603,2609,LGA1700,,145,
CPU,AMD Ryzen Gen-9 Model-1336,1428,1536,LGA1851,,106,
CPU,Intel Core Gen-13 Model-1337,2988,2392,AM5,,74,
CPU,AMD Ryzen Gen-13 Model-1338,620,700,AM4,,146,
CPU,Intel Core Gen-12 Model-1339,1304,1309,AM5,,175,
CPU,Intel Core Gen-11 Model-1340,1936,1656,LGA1200,,178,
CPU,Intel Core Gen-9 Model-1341,3235,3798,LGA1851,,131,
CPU,AMD Ryzen Gen-12 Model-1342,2574,3045,AM5,,87,
CPU,Intel Core Gen-14 Model-1343,2806,2673,AM5,,114,
CPU,Intel Core Gen-13 Model-1344,1023,1056,LGA1200,,89,
CPU,Intel Core Gen-13 Model-1345,976,939,LGA1200,,194,
CPU,Intel Core Gen-13 Model-1346,1402,1158,AM5,,78,
CPU,AMD Ryzen Gen-13 Model-1347,1268,1206,LGA1851,,239,
CPU,Intel Core Gen-10 Model-1348,3206,2734,AM5,,230,
CPU,Intel Core Gen-10 Model-1349,2749,2357,LGA1700,,195,
CPU,Intel Core Gen-10 Model-1350,3402,3824,AM5,,222,
CPU,AMD Ryzen Gen-11 Model-1351,3486,2804,LGA1700,,134,
CPU,AMD Ryzen Gen-9 Model-1352,1452,1696,AM5,,129,
CPU,Intel Core Gen-10 Model-1353,2260,2036,LGA1700,,106,
CPU,Intel Core Gen-11 Model-1354,1988,2107,AM4,,78,
CPU,Intel Core Gen-11 Model-1355,951,905,AM5,,187,
CPU,Intel Core Gen-13 Model-1356,1906,1587,AM4,,93,
CPU,Intel Core Gen-14 Model-1357,3190,2659,LGA1700,,110,
CPU,Intel Core Gen-13 Model-1358,482,431,AM5,,226,
CPU,Intel Core Gen-14 Model-1359,1580,1545,LGA1700,,225,
CPU,Intel Core Gen-9 Model-1360,2977,3501,LGA1851,,242,
CPU,Intel Core Gen-11 Model-1361,2070,2282,LGA1200,,221,
CPU,Intel Core Gen-10 Model-1362,1124,1331,LGA1851,,122,
CPU,AMD Ryzen Gen-9 Model-1363,2397,2721,LGA1700,,217,
CPU,AMD Ryzen Gen-14 Model-1364,315,329,AM5,,126,
CPU,AMD Ryzen Gen-11 Model-1365,3354,2771,LGA1851,,51,
CPU,AMD Ryzen Gen-12 Model-1366,720,620,AM5,,69,
CPU,Intel Core Gen-12 Model-1367,1540,1524,LGA1851,,195,
CPU,AMD Ryzen Gen-14 Model-1368,960,801,LGA1851,,249,
CPU,Intel Core Gen-13 Model-1369,1590,1873,LGA1200,,127,
CPU,AMD Ryzen Gen-9 Model-1370,1301,1548,AM4,,106,
CPU,Intel Core Gen-13 Model-1371,1940,2041,AM4,,242,
CPU,Intel Core Gen-9 Model-1372,2197,2151,AM4,,203,
CPU,AMD Ryzen Gen-11 Model-1373,895,896,LGA1851,,205,
CPU,Intel Core Gen-14 Model-1374,1371,1445,AM4,,219,
CPU,AMD Ryzen Gen-13 Model-1375,3079,3632,LGA1200,,79,
CPU,Intel Core Gen-14 Model-1376,394,354,LGA1851,,107,
CPU,AMD Ryzen Gen-12 Model-1377,1446,1254,LGA1700,,169,
CPU,AMD Ryzen Gen-10 Model-1378,3075,3426,LGA1200,,234,
CPU,Intel Core Gen-12 Model-1379,1587,1434,LGA1200,,161,
CPU,AMD Ryzen Gen-10 Model-1380,1525,1630,AM5,,109,
CPU,AMD Ryzen Gen-13 Model-1381,1735,2029,AM4,,183,
CPU,AMD Ryzen Gen-13 Model-1382,449,401,AM4,,67,
CPU,AMD Ryzen Gen-11 Model-1383,636,739,AM5,,168,
CPU,Intel Core Gen-9 Model-1384,1981,1655,LGA1851,,128,
CPU,AMD Ryzen Gen-14 Model-1385,2605,2990,AM5,,204,
CPU,AMD Ryzen Gen-12 Model-1386,2521,2150,AM4,,203,
CPU,Intel Core Gen-11 Model-1387,2716,2766,AM5,,209,
CPU,AMD Ryzen Gen-11 Model-1388,1607,1300,LGA1700,,129,
CPU,AMD Ryzen Gen-9 Model-1389,1943,2216,LGA1200,,58,
CPU,Intel Core Gen-12 Model-1390,2151,1784,LGA1851,,173,
CPU,Intel Core Gen-11 Model-1391,2889,3269,LGA1851,,97,
CPU,AMD Ryzen Gen-13 Model-1392,2144,1918,AM5,,179,
CPU,Intel Core Gen-9 Model-1393,1338,1087,AM4,,114,
CPU,AMD Ryzen Gen-14 Model-1394,1514,1542,AM5,,176,
CPU,Intel Core Gen-13 Model-1395,2287,2659,LGA1200,,180,
CPU,Intel Core Gen-11 Model-1396,2853,2626,AM5,,157,
CPU,Intel Core Gen-9 Model-1397,2230,2667,LGA1700,,58,
CPU,AMD Ryzen Gen-11 Model-1398,975,889,AM5,,222,
CPU,AMD Ryzen Gen-12 Model-1399,2288,2720,AM5,,149,
CPU,AMD Ryzen Gen-10 Model-1400,328,269,LGA1851,,99,
CPU,Intel Core Gen-13 Model-1401,3408,3382,LGA1200,,247,
CPU,AMD Ryzen Gen-13 Model-1402,1514,1724,LGA1700,,93,
CPU,Intel Core Gen-9 Model-1403,3186,3367,LGA1200,,155,
CPU,Intel Core Gen-9 Model-1404,2294,1984,LGA1851,,213,
CPU,Intel Core Gen-11 Model-1405,2739,2926,AM4,,224,
CPU,Intel Core Gen-13 Model-1406,3348,4003,AM4,,193,
CPU,AMD Ryzen Gen-14 Model-1407,1063,1089,LGA1200,,184,
CPU,Intel Core Gen-10 Model-1408,1309,1208,AM5,,77,
CPU,AMD Ryzen Gen-11 Model-1409,941,934,LGA1851,,174,
CPU,Intel Core Gen-14 Model-1410,2386,2549,LGA1851,,83,
CPU,AMD Ryzen Gen-9 Model-1411,3311,3336,AM4,,241,
CPU,AMD Ryzen Gen-9 Model-1412,2850,2461,AM5,,220,
CPU,AMD Ryzen Gen-11 Model-1413,2128,2094,LGA1200,,151,
CPU,AMD Ryzen Gen-10 Model-1414,2200,2082,LGA1200,,106,
CPU,AMD Ryzen Gen-9 Model-1415,2449,2722,LGA1851,,168,
CPU,Intel Core Gen-11 Model-1416,1563,1754,LGA1851,,212,
CPU,Intel Core Gen-9 Model-1417,2993,3165,LGA1200,,75,
CPU,Intel Core Gen-14 Model-1418,2659,3027,LGA1700,,229,
CPU,AMD Ryzen Gen-14 Model-1419,3469,4123,AM4,,242,
CPU,Intel Core Gen-9 Model-1420,2066,2309,LGA1700,,73,
CPU,Intel Core Gen-13 Model-1421,2731,2701,AM5,,156,
CPU,Intel Core Gen-13 Model-1422,517,557,LGA1200,,163,
CPU,Intel Core Gen-9 Model-1423,2993,2488,AM4,,236,
CPU,AMD Ryzen Gen-11 Model-1424,434,435,AM5,,210,
CPU,Intel Core Gen-11 Model-1425,712,849,AM4,,122,
CPU,Intel Core Gen-10 Model-1426,353,401,LGA1851,,159,
CPU,Intel Core Gen-11 Model-1427,1338,1298,AM4,,149,
CPU,Intel Core Gen-10 Model-1428,722,703,LGA1851,,63,
CPU,AMD Ryzen Gen-13 Model-1429,2889,3431,LGA1200,,189,
CPU,Intel Core Gen-10 Model-1430,921,975,LGA1700,,233,
CPU,AMD Ryzen Gen-13 Model-1431,2104,2080,LGA1700,,126,
CPU,Intel Core Gen-13 Model-1432,710,834,AM4,,134,
CPU,AMD Ryzen Gen-9 Model-1433,1887,1574,LGA1851,,249,
CPU,AMD Ryzen Gen-12 Model-1434,2595,2585,LGA1851,,119,
CPU,AMD Ryzen Gen-10 Model-1435,3321,3397,AM4,,127,
CPU,AMD Ryzen Gen-11 Model-1436,818,959,AM5,,239,
CPU,Intel Core Gen-13 Model-1437,2412,2134,LGA1200,,182,
CPU,Intel Core Gen-9 Model-1438,1110,904,LGA1851,,150,
CPU,AMD Ryzen Gen-13 Model-1439,2982,2828,LGA1851,,116,
CPU,AMD Ryzen Gen-11 Model-1440,1914,2145,AM4,,206,
CPU,AMD Ryzen Gen-13 Model-1441,2714,3161,LGA1851,,207,
CPU,AMD Ryzen Gen-9 Model-1442,1160,1379,LGA1700,,95,
CPU,Intel Core Gen-13 Model-1443,1245,1065,LGA1700,,122,
CPU,AMD Ryzen Gen-11 Model-1444,1488,1538,LGA1200,,102,
CPU,AMD Ryzen Gen-10 Model-1445,1791,1905,LGA1851,,121,
CPU,Intel Core Gen-10 Model-1446,2099,2212,LGA1700,,218,
CPU,AMD Ryzen Gen-13 Model-1447,2611,2782,LGA1200,,84,
CPU,Intel Core Gen-10 Model-1448,1785,1587,AM4,,92,
CPU,Intel Core Gen-13 Model-1449,2509,2611,AM4,,111,
CPU,AMD Ryzen Gen-14 Model-1450,3459,3686,LGA1851,,218,
CPU,AMD Ryzen Gen-11 Model-1451,2870,2311,AM4,,166,
CPU,Intel Core Gen-14 Model-1452,1025,1228,LGA1851,,142,
CPU,Intel Core Gen-10 Model-1453,3041,3162,AM5,,145,
CPU,Intel Core Gen-10 Model-1454,953,890,AM5,,77,
CPU,Intel Core Gen-9 Model-1455,936,752,LGA1851,,94,
CPU,AMD Ryzen Gen-12 Model-1456,1617,1772,AM4,,240,
CPU,AMD Ryzen Gen-10 Model-1457,2125,2520,LGA1851,,139,
CPU,Intel Core Gen-14 Model-1458,1450,1423,AM4,,165,
CPU,Intel Core Gen-9 Model-1459,404,372,LGA1200,,181,
CPU,AMD Ryzen Gen-11 Model-1460,3396,3619,LGA1700,,65,
CPU,AMD Ryzen Gen-14 Model-1461,1930,1702,AM5,,117,
CPU,Intel Core Gen-14 Model-1462,1883,1556,LGA1200,,48,
CPU,Intel Core Gen-10 Model-1463,1767,2067,LGA1200,,178,
CPU,Intel Core Gen-10 Model-1464,980,942,LGA1200,,140,
CPU,AMD Ryzen Gen-9 Model-1465,1557,1402,AM5,,73,
CPU,AMD Ryzen Gen-11 Model-1466,570,606,LGA1700,,109,
CPU,Intel Core Gen-12 Model-1467,3497,3830,LGA1700,,201,
CPU,Intel Core Gen-11 Model-1468,1026,1013,LGA1700,,119,
CPU,AMD Ryzen Gen-13 Model-1469,1334,1243,LGA1700,,182,
CPU,Intel Core Gen-9 Model-1470,2163,1798,AM4,,116,
CPU,Intel Core Gen-11 Model-1471,961,874,LGA1700,,213,
CPU,AMD Ryzen Gen-14 Model-1472,2742,2333,LGA1851,,106,
CPU,Intel Core Gen-10 Model-1473,1407,1528,LGA1200,,125,
CPU,AMD Ryzen Gen-11 Model-1474,3307,2869,LGA1200,,145,
CPU,Intel Core Gen-11 Model-1475,1372,1234,AM5,,110,
CPU,AMD Ryzen Gen-13 Model-1476,2910,3015,LGA1851,,172,
CPU,AMD Ryzen Gen-13 Model-1477,2862,2668,AM5,,213,
CPU,Intel Core Gen-10 Model-1478,873,964,LGA1700,,200,
CPU,Intel Core Gen-13 Model-1479,820,829,LGA1200,,242,
CPU,AMD Ryzen Gen-9 Model-1480,3041,3357,LGA1200,,124,
CPU,Intel Core Gen-9 Model-1481,1568,1770,LGA1200,,68,
CPU,AMD Ryzen Gen-9 Model-1482,2134,1708,LGA1200,,150,
CPU,Intel Core Gen-10 Model-1483,2488,2478,AM4,,141,
CPU,Intel Core Gen-10 Model-1484,2015,1965,LGA1200,,169,
CPU,AMD Ryzen Gen-13 Model-1485,1180,1193,LGA1200,,210,
CPU,Intel Core Gen-12 Model-1486,1289,1296,AM5,,232,
CPU,Intel Core Gen-12 Model-1487,2762,2271,AM5,,174,
CPU,Intel Core Gen-10 Model-1488,962,888,AM4,,55,
CPU,Intel Core Gen-13 Model-1489,700,585,AM4,,188,
CPU,Intel Core Gen-11 Model-1490,764,651,LGA1200,,224,
CPU,AMD Ryzen Gen-9 Model-1491,987,949,LGA1851,,132,
CPU,Intel Core Gen-13 Model-1492,2729,3148,LGA1700,,183,
CPU,Intel Core Gen-12 Model-1493,1172,1105,AM4,,115,
CPU,AMD Ryzen Gen-11 Model-1494,619,555,AM5,,112,
CPU,Intel Core Gen-11 Model-1495,1443,1359,AM4,,58,
CPU,AMD Ryzen Gen-9 Model-1496,1942,2130,AM4,,70,
CPU,AMD Ryzen Gen-11 Model-1497,1853,1872,LGA1700,,87,
CPU,AMD Ryzen Gen-13 Model-1498,2675,2930,AM5,,134,
CPU,AMD Ryzen Gen-11 Model-1499,940,926,AM5,,121,
CPU,Intel Core Gen-9 Model-1500,1025,1067,LGA1851,,210,
CPU,Intel Core Gen-9 Model-1501,1162,1133,LGA1700,,50,
CPU,AMD Ryzen Gen-11 Model-1502,2648,2801,LGA1200,,69,
CPU,Intel Core Gen-9 Model-1503,709,642,LGA1851,,208,
CPU,Intel Core Gen-12 Model-1504,1570,1281,LGA1700,,82,
CPU,AMD Ryzen Gen-9 Model-1505,1194,1155,LGA1851,,94,
CPU,AMD Ryzen Gen-11 Model-1506,2428,2841,LGA1200,,125,
CPU,Intel Core Gen-10 Model-1507,2138,1737,AM4,,107,
CPU,Intel Core Gen-10 Model-1508,461,406,AM4,,165,
CPU,AMD Ryzen Gen-13 Model-1509,2320,2302,LGA1700,,74,
CPU,AMD Ryzen Gen-11 Model-1510,1377,1268,AM4,,122,
CPU,AMD Ryzen Gen-9 Model-1511,1277,1168,AM4,,47,
CPU,Intel Core Gen-10 Model-1512,2958,2499,LGA1700,,218,
CPU,AMD Ryzen Gen-10 Model-1513,898,1064,AM4,,198,
CPU,AMD Ryzen Gen-11 Model-1514,3197,3553,LGA1700,,161,
CPU,Intel Core Gen-13 Model-1515,3456,3740,AM4,,194,
CPU,AMD Ryzen Gen-12 Model-1516,2193,1908,LGA1700,,203,
CPU,AMD Ryzen Gen-10 Model-1517,1098,1233,LGA1851,,59,
CPU,AMD Ryzen Gen-9 Model-1518,1989,1795,AM5,,101,
CPU,AMD Ryzen Gen-10 Model-1519,1573,1871,AM5,,57,
CPU,Intel Core Gen-11 Model-1520,2957,3126,AM5,,87,
CPU,AMD Ryzen Gen-13 Model-1521,2063,1756,LGA1700,,52,
CPU,Intel Core Gen-14 Model-1522,2519,2403,AM4,,96,
CPU,Intel Core Gen-9 Model-1523,2604,2997,AM4,,158,
CPU,AMD Ryzen Gen-11 Model-1524,669,762,AM5,,225,
CPU,AMD Ryzen Gen-10 Model-1525,472,463,LGA1200,,182,
CPU,Intel Core Gen-9 Model-1526,2904,2354,AM4,,232,
CPU,Intel Core Gen-10 Model-1527,1477,1695,LGA1200,,50,
CPU,Intel Core Gen-9 Model-1528,3027,3403,LGA1700,,197,
CPU,Intel Core Gen-12 Model-1529,2271,2340,LGA1700,,58,
CPU,AMD Ryzen Gen-13 Model-1530,1654,1889,LGA1700,,93,
CPU,AMD Ryzen Gen-13 Model-1531,1992,1872,LGA1200,,161,
CPU,AMD Ryzen Gen-13 Model-1532,1167,1236,AM4,,230,
CPU,AMD Ryzen Gen-9 Model-1533,1524,1513,LGA1200,,185,
CPU,AMD Ryzen Gen-10 Model-1534,2393,2668,AM4,,196,
CPU,Intel Core Gen-11 Model-1535,1880,2076,LGA1200,,88,
CPU,AMD Ryzen Gen-10 Model-1536,999,909,LGA1851,,103,
CPU,Intel Core Gen-12 Model-1537,3289,3552,AM4,,234,
CPU,AMD Ryzen Gen-11 Model-1538,1549,1432,LGA1200,,83,
CPU,AMD Ryzen Gen-12 Model-1539,1575,1505,AM4,,147,
CPU,AMD Ryzen Gen-11 Model-1540,2962,3445,AM4,,200,
CPU,Intel Core Gen-9 Model-1541,1113,1210,AM4,,57,
CPU,Intel Core Gen-14 Model-1542,1765,2054,AM5,,108,
CPU,AMD Ryzen Gen-11 Model-1543,426,471,LGA1851,,186,
CPU,Intel Core Gen-11 Model-1544,2179,1844,LGA1700,,207,
CPU,Intel Core Gen-9 Model-1545,411,485,LGA1200,,120,
CPU,AMD Ryzen Gen-11 Model-1546,2751,2903,AM4,,236,
CPU,Intel Core Gen-11 Model-1547,2722,3021,LGA1851,,117,
CPU,Intel Core Gen-11 Model-1548,1433,1504,LGA1200,,184,
CPU,Intel Core Gen-10 Model-1549,472,408,LGA1700,,111,
CPU,AMD Ryzen Gen-13 Model-1550,3438,3558,LGA1851,,109,
CPU,Intel Core Gen-9 Model-1551,3155,2696,AM4,,131,
CPU,Intel Core Gen-10 Model-1552,3116,3468,LGA1851,,105,
CPU,Intel Core Gen-13 Model-1553,1910,1803,LGA1200,,49,
CPU,AMD Ryzen Gen-13 Model-1554,1928,1617,LGA1851,,50,
CPU,AMD Ryzen Gen-10 Model-1555,641,612,LGA1700,,227,
CPU,Intel Core Gen-9 Model-1556,2822,2505,LGA1851,,68,
CPU,AMD Ryzen Gen-13 Model-1557,1492,1320,AM5,,196,
CPU,AMD Ryzen Gen-13 Model-1558,3183,3623,AM4,,115,
CPU,AMD Ryzen Gen-14 Model-1559,2215,1871,AM4,,112,
CPU,AMD Ryzen Gen-12 Model-1560,1405,1608,LGA1200,,130,
CPU,AMD Ryzen Gen-13 Model-1561,1056,962,LGA1851,,242,
CPU,AMD Ryzen Gen-12 Model-1562,1237,1052,AM4,,250,
CPU,AMD Ryzen Gen-13 Model-1563,3214,3802,LGA1851,,121,
CPU,Intel Core Gen-12 Model-1564,1720,1805,AM5,,68,
CPU,AMD Ryzen Gen-11 Model-1565,952,1003,LGA1700,,59,
CPU,Intel Core Gen-14 Model-1566,1768,1483,LGA1200,,97,
CPU,AMD Ryzen Gen-13 Model-1567,1953,1871,LGA1200,,106,
CPU,Intel Core Gen-13 Model-1568,1396,1135,LGA1700,,80,
CPU,Intel Core Gen-14 Model-1569,1009,942,AM5,,125,
CPU,Intel Core Gen-10 Model-1570,549,555,LGA1200,,200,
CPU,Intel Core Gen-13 Model-1571,2112,1851,LGA1700,,237,
CPU,AMD Ryzen Gen-10 Model-1572,715,620,LGA1851,,221,
CPU,Intel Core Gen-13 Model-1573,2325,2222,AM4,,57,
CPU,AMD Ryzen Gen-13 Model-1574,1017,1128,LGA1700,,176,
CPU,Intel Core Gen-11 Model-1575,700,587,LGA1200,,114,
CPU,AMD Ryzen Gen-10 Model-1576,2315,2275,AM4,,80,
CPU,AMD Ryzen Gen-14 Model-1577,2037,2371,LGA1851,,122,
CPU,AMD Ryzen Gen-14 Model-1578,3437,3444,AM5,,248,
CPU,AMD Ryzen Gen-12 Model-1579,2921,3151,LGA1200,,216,
CPU,AMD Ryzen Gen-12 Model-1580,1900,2174,AM5,,205,
CPU,AMD Ryzen Gen-12 Model-1581,3295,3608,AM5,,237,
CPU,Intel Core Gen-13 Model-1582,843,758,LGA1200,,177,
CPU,Intel Core Gen-12 Model-1583,2940,2730,LGA1200,,109,
CPU,Intel Core Gen-13 Model-1584,1924,1743,LGA1700,,191,
CPU,AMD Ryzen Gen-11 Model-1585,3019,3233,AM5,,172,
CPU,AMD Ryzen Gen-9 Model-1586,1232,1236,AM5,,143,
CPU,AMD Ryzen Gen-9 Model-1587,2294,1989,LGA1700,,188,
CPU,AMD Ryzen Gen-10 Model-1588,590,684,LGA1200,,235,
CPU,Intel Core Gen-11 Model-1589,3271,2717,LGA1700,,161,
CPU,AMD Ryzen Gen-13 Model-1590,2470,2933,AM5,,144,
CPU,Intel Core Gen-9 Model-1591,2143,1947,LGA1700,,51,
CPU,AMD Ryzen Gen-14 Model-1592,3303,3230,AM5,,179,
CPU,AMD Ryzen Gen-14 Model-1593,1288,1482,LGA1851,,115,
CPU,Intel Core Gen-9 Model-1594,1899,1875,AM4,,215,
CPU,Intel Core Gen-9 Model-1595,1291,1436,LGA1851,,113,
CPU,Intel Core Gen-14 Model-1596,1994,1717,LGA1700,,54,
CPU,AMD Ryzen Gen-12 Model-1597,2768,2445,LGA1200,,196,
CPU,Intel Core Gen-13 Model-1598,2137,2267,LGA1200,,114,
CPU,AMD Ryzen Gen-11 Model-1599,2451,2743,AM4,,177,
CPU,Intel Core Gen-9 Model-1600,2247,1961,AM4,,152,
CPU,AMD Ryzen Gen-13 Model-1601,3031,3241,LGA1200,,179,
CPU,AMD Ryzen Gen-9 Model-1602,1738,1582,AM4,,207,
CPU,AMD Ryzen Gen-13 Model-1603,2711,3223,LGA1200,,65,
CPU,Intel Core Gen-13 Model-1604,1892,1576,AM4,,208,
CPU,AMD Ryzen Gen-12 Model-1605,905,874,AM5,,48,
CPU,AMD Ryzen Gen-14 Model-1606,983,1041,LGA1851,,155,
CPU,AMD Ryzen Gen-13 Model-1607,2493,2268,AM5,,155,
CPU,AMD Ryzen Gen-13 Model-1608,819,829,AM4,,163,
CPU,Intel Core Gen-14 Model-1609,1218,1306,LGA1700,,233,
CPU,AMD Ryzen Gen-11 Model-1610,3327,3480,LGA1851,,223,
CPU,Intel Core Gen-12 Model-1611,3188,2643,LGA1851,,123,
CPU,AMD Ryzen Gen-10 Model-1612,1824,1625,AM4,,244,
CPU,AMD Ryzen Gen-13 Model-1613,2992,2620,AM5,,68,
CPU,AMD Ryzen Gen-10 Model-1614,2772,2832,LGA1851,,134,
CPU,AMD Ryzen Gen-12 Model-1615,1715,1612,AM4,,154,
CPU,AMD Ryzen Gen-10 Model-1616,2662,3189,AM4,,148,
CPU,Intel Core Gen-10 Model-1617,1050,1010,AM4,,174,
CPU,Intel Core Gen-11 Model-1618,660,721,AM5,,130,
CPU,AMD Ryzen Gen-9 Model-1619,658,582,LGA1200,,185,
CPU,AMD Ryzen Gen-13 Model-1620,1939,2269,AM4,,216,
CPU,AMD Ryzen Gen-10 Model-1621,2953,3296,LGA1851,,206,
CPU,AMD Ryzen Gen-9 Model-1622,2011,2052,AM5,,246,
CPU,AMD Ryzen Gen-10 Model-1623,1321,1408,LGA1200,,213,
CPU,Intel Core Gen-12 Model-1624,1865,2106,LGA1700,,98,
CPU,AMD Ryzen Gen-11 Model-1625,1639,1788,LGA1700,,154,
CPU,AMD Ryzen Gen-10 Model-1626,3442,3115,LGA1200,,240,
CPU,AMD Ryzen Gen-13 Model-1627,867,701,LGA1851,,106,
CPU,Intel Core Gen-10 Model-1628,1361,1272,AM5,,57,
CPU,AMD Ryzen Gen-12 Model-1629,2921,2993,LGA1200,,240,
CPU,AMD Ryzen Gen-9 Model-1630,911,989,LGA1700,,154,
CPU,Intel Core Gen-10 Model-1631,1314,1115,LGA1700,,210,
CPU,AMD Ryzen Gen-11 Model-1632,2897,3455,AM4,,189,
CPU,AMD Ryzen Gen-10 Model-1633,3315,3616,LGA1851,,53,
CPU,Intel Core Gen-9 Model-1634,1678,1738,LGA1200,,164,
CPU,Intel Core Gen-12 Model-1635,1135,1064,LGA1851,,162,
CPU,Intel Core Gen-12 Model-1636,2723,3239,LGA1200,,204,
CPU,AMD Ryzen Gen-13 Model-1637,2141,1732,LGA1700,,104,
CPU,Intel Core Gen-12 Model-1638,3373,2733,LGA1200,,65,
CPU,Intel Core Gen-9 Model-1639,2237,2681,AM4,,227,
CPU,Intel Core Gen-11 Model-1640,3431,3689,AM4,,199,
CPU,AMD Ryzen Gen-12 Model-1641,1691,1404,LGA1200,,160,
CPU,Intel Core Gen-13 Model-1642,2568,2501,AM5,,236,
CPU,AMD Ryzen Gen-14 Model-1643,1694,1594,LGA1700,,133,
CPU,AMD Ryzen Gen-12 Model-1644,2265,2086,AM4,,89,
CPU,AMD Ryzen Gen-11 Model-1645,951,817,AM4,,214,
CPU,Intel Core Gen-12 Model-1646,2391,2475,LGA1700,,123,
CPU,Intel Core Gen-14 Model-1647,2217,2426,LGA1700,,156,
CPU,AMD Ryzen Gen-10 Model-1648,1414,1567,AM5,,205,
CPU,Intel Core Gen-14 Model-1649,2369,2307,LGA1700,,49,
CPU,AMD Ryzen Gen-11 Model-1650,2819,2663,AM4,,81,
CPU,AMD Ryzen Gen-9 Model-1651,1015,1139,AM5,,194,
CPU,AMD Ryzen Gen-9 Model-1652,1674,1829,LGA1700,,205,
CPU,AMD Ryzen Gen-9 Model-1653,2667,2912,AM4,,95,
CPU,Intel Core Gen-11 Model-1654,2631,2185,AM5,,166,
CPU,AMD Ryzen Gen-9 Model-1655,1340,1188,AM5,,76,
CPU,Intel Core Gen-10 Model-1656,2140,1713,AM5,,150,
CPU,Intel Core Gen-12 Model-1657,1298,1364,LGA1700,,209,
CPU,AMD Ryzen Gen-11 Model-1658,1339,1345,AM4,,222,
CPU,Intel Core Gen-10 Model-1659,3438,3211,LGA1700,,110,
CPU,AMD Ryzen Gen-12 Model-1660,694,684,AM4,,126,
CPU,AMD Ryzen Gen-13 Model-1661,1446,1580,AM5,,234,
CPU,Intel Core Gen-9 Model-1662,3247,2967,LGA1851,,142,
CPU,AMD Ryzen Gen-9 Model-1663,488,581,AM5,,55,
CPU,Intel Core Gen-11 Model-1664,2067,1920,LGA1700,,64,
CPU,AMD Ryzen Gen-10 Model-1665,2419,2721,AM5,,213,
CPU,Intel Core Gen-13 Model-1666,2892,2580,LGA1200,,111,
CPU,AMD Ryzen Gen-14 Model-1667,3125,3080,LGA1200,,49,
CPU,Intel Core Gen-9 Model-1668,423,416,AM5,,52,
CPU,AMD Ryzen Gen-10 Model-1669,963,1017,AM5,,234,
CPU,AMD Ryzen Gen-14 Model-1670,1922,1702,LGA1851,,57,
CPU,AMD Ryzen Gen-11 Model-1671,1780,1983,AM5,,146,
CPU,Intel Core Gen-13 Model-1672,2394,2822,LGA1851,,166,
CPU,Intel Core Gen-9 Model-1673,2814,2314,LGA1851,,53,
CPU,AMD Ryzen Gen-12 Model-1674,3250,3345,LGA1851,,98,
CPU,Intel Core Gen-13 Model-1675,2383,1948,LGA1851,,188,
CPU,Intel Core Gen-14 Model-1676,2056,2431,AM4,,163,
CPU,Intel Core Gen-11 Model-1677,3099,2556,LGA1851,,194,
CPU,Intel Core Gen-14 Model-1678,2291,2266,LGA1851,,220,
CPU,Intel Core Gen-11 Model-1679,631,701,AM5,,117,
CPU,AMD Ryzen Gen-12 Model-1680,3010,2419,AM4,,143,
CPU,AMD Ryzen Gen-14 Model-1681,3274,3032,AM4,,148,
CPU,Intel Core Gen-9 Model-1682,2126,1725,AM4,,156,
CPU,AMD Ryzen Gen-13 Model-1683,798,889,AM4,,232,
CPU,Intel Core Gen-12 Model-1684,3283,2869,LGA1700,,116,
CPU,Intel Core Gen-10 Model-1685,2733,2366,LGA1200,,242,
CPU,Intel Core Gen-14 Model-1686,1690,1583,LGA1700,,183,
CPU,Intel Core Gen-9 Model-1687,2852,2289,LGA1200,,71,
CPU,Intel Core Gen-12 Model-1688,1594,1870,LGA1200,,98,
CPU,Intel Core Gen-14 Model-1689,3061,2680,LGA1700,,65,
CPU,AMD Ryzen Gen-14 Model-1690,3179,3379,AM4,,75,
CPU,AMD Ryzen Gen-12 Model-1691,1682,1418,LGA1851,,157,
CPU,AMD Ryzen Gen-14 Model-1692,494,463,AM5,,194,
CPU,AMD Ryzen Gen-11 Model-1693,988,1160,LGA1700,,195,
CPU,Intel Core Gen-12 Model-1694,2271,2012,AM5,,162,
CPU,Intel Core Gen-12 Model-1695,2620,2704,AM4,,115,
CPU,AMD Ryzen Gen-12 Model-1696,1065,987,LGA1700,,139,
CPU,Intel Core Gen-9 Model-1697,1577,1562,AM4,,243,
CPU,Intel Core Gen-12 Model-1698,3220,3366,AM4,,114,
CPU,Intel Core Gen-10 Model-1699,2410,2246,LGA1851,,248,
CPU,Intel Core Gen-13 Model-1700,3486,3765,AM4,,98,
CPU,Intel Core Gen-11 Model-1701,2186,2328,LGA1700,,88,
CPU,AMD Ryzen Gen-11 Model-1702,1737,1752,LGA1851,,60,
CPU,Intel Core Gen-11 Model-1703,2310,2282,LGA1200,,213,
CPU,Intel Core Gen-10 Model-1704,412,333,LGA1851,,189,
CPU,AMD Ryzen Gen-12 Model-1705,671,792,LGA1851,,152,
CPU,Intel Core Gen-9 Model-1706,2552,2182,LGA1851,,187,
CPU,Intel Core Gen-14 Model-1707,2110,1716,LGA1851,,222,
CPU,Intel Core Gen-9 Model-1708,568,602,LGA1700,,233,
CPU,AMD Ryzen Gen-11 Model-1709,1051,858,AM4,,124,
CPU,Intel Core Gen-9 Model-1710,1640,1354,AM5,,192,
CPU,Intel Core Gen-9 Model-1711,689,801,LGA1700,,60,
CPU,Intel Core Gen-14 Model-1712,1532,1255,AM4,,69,
CPU,Intel Core Gen-11 Model-1713,827,826,LGA1200,,98,
CPU,AMD Ryzen Gen-9 Model-1714,1411,1606,LGA1851,,223,
CPU,Intel Core Gen-9 Model-1715,2196,2094,AM4,,176,
CPU,AMD Ryzen Gen-14 Model-1716,3257,3563,AM5,,161,
CPU,Intel Core Gen-12 Model-1717,627,568,LGA1200,,191,
CPU,AMD Ryzen Gen-11 Model-1718,3168,3771,LGA1700,,222,
CPU,AMD Ryzen Gen-11 Model-1719,3241,3239,LGA1851,,45,
CPU,AMD Ryzen Gen-12 Model-1720,2811,2453,LGA1200,,48,
CPU,AMD Ryzen Gen-14 Model-1721,3067,2639,LGA1200,,204,
CPU,Intel Core Gen-11 Model-1722,2714,3154,LGA1200,,205,
CPU,AMD Ryzen Gen-11 Model-1723,2963,3404,LGA1200,,212,
CPU,AMD Ryzen Gen-9 Model-1724,1379,1312,AM4,,59,
CPU,Intel Core Gen-9 Model-1725,1131,1013,LGA1851,,129,
CPU,AMD Ryzen Gen-10 Model-1726,1525,1815,LGA1700,,186,
CPU,Intel Core Gen-10 Model-1727,2713,2680,LGA1200,,228,
CPU,AMD Ryzen Gen-12 Model-1728,2319,2749,AM4,,103,
CPU,AMD Ryzen Gen-14 Model-1729,308,350,LGA1200,,238,
CPU,AMD Ryzen Gen-13 Model-1730,1421,1241,AM4,,230,
CPU,Intel Core Gen-14 Model-1731,3169,2828,LGA1700,,180,
CPU,Intel Core Gen-9 Model-1732,1093,1285,LGA1700,,204,
CPU,Intel Core Gen-10 Model-1733,348,411,LGA1851,,207,
CPU,Intel Core Gen-13 Model-1734,308,311,AM5,,206,
CPU,Intel Core Gen-13 Model-1735,2687,2931,LGA1851,,224,
CPU,AMD Ryzen Gen-9 Model-1736,3326,2820,LGA1700,,48,
CPU,AMD Ryzen Gen-9 Model-1737,3346,3295,LGA1700,,67,
CPU,AMD Ryzen Gen-12 Model-1738,2031,2093,LGA1700,,112,
CPU,AMD Ryzen Gen-12 Model-1739,479,556,LGA1851,,122,
CPU,Intel Core Gen-13 Model-1740,337,270,LGA1700,,71,
CPU,Intel Core Gen-10 Model-1741,2137,2296,LGA1700,,151,
CPU,AMD Ryzen Gen-13 Model-1742,769,753,AM4,,168,
CPU,Intel Core Gen-9 Model-1743,3066,2656,AM4,,119,
CPU,Intel Core Gen-11 Model-1744,2641,2165,LGA1700,,170,
CPU,AMD Ryzen Gen-12 Model-1745,745,609,LGA1851,,214,
CPU,AMD Ryzen Gen-11 Model-1746,3344,3325,LGA1700,,243,
CPU,AMD Ryzen Gen-10 Model-1747,874,752,LGA1200,,211,
CPU,AMD Ryzen Gen-9 Model-1748,2341,2237,LGA1200,,71,
CPU,Intel Core Gen-9 Model-1749,2508,2073,LGA1200,,217,
CPU,Intel Core Gen-9 Model-1750,1866,1729,LGA1851,,136,
CPU,Intel Core Gen-10 Model-1751,856,745,AM4,,187,
CPU,AMD Ryzen Gen-12 Model-1752,551,568,LGA1200,,121,
CPU,Intel Core Gen-11 Model-1753,2122,2317,LGA1700,,121,
CPU,Intel Core Gen-10 Model-1754,1038,885,AM5,,107,
CPU,AMD Ryzen Gen-10 Model-1755,1080,923,AM4,,190,
CPU,Intel Core Gen-9 Model-1756,1402,1353,AM5,,192,
CPU,Intel Core Gen-12 Model-1757,981,969,AM5,,49,
CPU,AMD Ryzen Gen-10 Model-1758,1143,1282,LGA1851,,119,
CPU,AMD Ryzen Gen-12 Model-1759,1840,1553,LGA1200,,168,
CPU,AMD Ryzen Gen-12 Model-1760,460,550,AM5,,70,
CPU,Intel Core Gen-14 Model-1761,3375,3409,LGA1851,,118,
CPU,AMD Ryzen Gen-14 Model-1762,3128,2603,LGA1851,,85,
CPU,Intel Core Gen-11 Model-1763,1326,1590,LGA1851,,48,
CPU,AMD Ryzen Gen-9 Model-1764,560,652,LGA1200,,219,
CPU,Intel Core Gen-12 Model-1765,443,364,LGA1700,,124,
CPU,AMD Ryzen Gen-10 Model-1766,2961,3404,AM5,,73,
CPU,AMD Ryzen Gen-14 Model-1767,508,593,LGA1851,,235,
CPU,Intel Core Gen-14 Model-1768,3216,2967,LGA1700,,125,
CPU,AMD Ryzen Gen-10 Model-1769,1265,1159,LGA1200,,175,
CPU,AMD Ryzen Gen-9 Model-1770,2757,2671,LGA1200,,79,
CPU,Intel Core Gen-14 Model-1771,1720,1808,LGA1851,,161,
CPU,AMD Ryzen Gen-12 Model-1772,1129,1251,LGA1851,,73,
CPU,Intel Core Gen-10 Model-1773,813,748,AM5,,140,
CPU,AMD Ryzen Gen-10 Model-1774,2621,3031,LGA1200,,162,
CPU,AMD Ryzen Gen-13 Model-1775,2014,2339,LGA1700,,150,
CPU,AMD Ryzen Gen-9 Model-1776,2519,2509,AM4,,84,
CPU,AMD Ryzen Gen-10 Model-1777,931,1091,LGA1200,,250,
CPU,AMD Ryzen Gen-10 Model-1778,2588,2318,AM5,,247,
CPU,AMD Ryzen Gen-14 Model-1779,3329,3100,LGA1700,,90,
CPU,AMD Ryzen Gen-10 Model-1780,3285,3260,LGA1851,,206,
CPU,AMD Ryzen Gen-14 Model-1781,1059,1098,LGA1200,,202,
CPU,Intel Core Gen-14 Model-1782,1000,863,AM4,,84,
CPU,AMD Ryzen Gen-9 Model-1783,1156,1329,AM4,,227,
CPU,Intel Core Gen-12 Model-1784,1563,1362,LGA1200,,239,
CPU,Intel Core Gen-9 Model-1785,2961,2391,LGA1851,,145,
CPU,Intel Core Gen-14 Model-1786,2978,3538,LGA1700,,93,
CPU,AMD Ryzen Gen-9 Model-1787,1828,1583,LGA1700,,222,
CPU,AMD Ryzen Gen-12 Model-1788,388,331,AM4,,192,
CPU,AMD Ryzen Gen-14 Model-1789,2594,2601,AM5,,237,
CPU,AMD Ryzen Gen-13 Model-1790,2234,1887,AM5,,137,
CPU,AMD Ryzen Gen-10 Model-1791,2058,2364,AM4,,244,
CPU,AMD Ryzen Gen-14 Model-1792,807,856,AM4,,198,
CPU,AMD Ryzen Gen-12 Model-1793,1037,962,LGA1700,,119,
CPU,Intel Core Gen-11 Model-1794,1673,1587,LGA1851,,130,
CPU,AMD Ryzen Gen-12 Model-1795,928,898,AM5,,187,
CPU,AMD Ryzen Gen-10 Model-1796,3075,3575,LGA1700,,142,
CPU,Intel Core Gen-10 Model-1797,982,869,LGA1200,,59,
CPU,Intel Core Gen-14 Model-1798,1896,1835,LGA1851,,232,
CPU,Intel Core Gen-10 Model-1799,1690,1953,LGA1700,,115,
CPU,Intel Core Gen-12 Model-1800,427,494,LGA1200,,60,
CPU,AMD Ryzen Gen-12 Model-1801,1511,1795,AM5,,200,
CPU,AMD Ryzen Gen-14 Model-1802,1744,1716,LGA1700,,164,
CPU,Intel Core Gen-11 Model-1803,2660,2292,LGA1851,,63,
CPU,AMD Ryzen Gen-10 Model-1804,2660,3100,AM4,,205,
CPU,AMD Ryzen Gen-14 Model-1805,1681,1727,LGA1851,,56,
CPU,AMD Ryzen Gen-14 Model-1806,2908,3164,AM5,,185,
CPU,Intel Core Gen-11 Model-1807,309,253,AM5,,213,
CPU,Intel Core Gen-10 Model-1808,2356,2003,LGA1851,,118,
CPU,AMD Ryzen Gen-11 Model-1809,2989,2622,LGA1200,,59,
CPU,Intel Core Gen-9 Model-1810,1239,1016,LGA1200,,176,
CPU,Intel Core Gen-12 Model-1811,1416,1276,LGA1200,,113,
CPU,Intel Core Gen-11 Model-1812,1467,1760,AM5,,51,
CPU,Intel Core Gen-10 Model-1813,1627,1907,LGA1700,,103,
CPU,Intel Core Gen-10 Model-1814,2135,2380,LGA1851,,89,
CPU,Intel Core Gen-13 Model-1815,1612,1863,AM4,,51,
CPU,Intel Core Gen-10 Model-1816,1236,1272,LGA1851,,106,
CPU,Intel Core Gen-10 Model-1817,1741,1977,AM4,,175,
CPU,Intel Core Gen-9 Model-1818,1142,1299,LGA1700,,190,
CPU,AMD Ryzen Gen-10 Model-1819,2809,2294,LGA1851,,238,
CPU,AMD Ryzen Gen-9 Model-1820,2204,2001,AM4,,225,
CPU,AMD Ryzen Gen-14 Model-1821,3447,3271,LGA1851,,105,
CPU,Intel Core Gen-10 Model-1822,1978,2210,LGA1700,,198,
CPU,AMD Ryzen Gen-11 Model-1823,2661,2689,AM5,,134,
CPU,AMD Ryzen Gen-14 Model-1824,444,357,LGA1851,,250,
CPU,AMD Ryzen Gen-14 Model-1825,2117,1740,AM4,,143,
CPU,AMD Ryzen Gen-10 Model-1826,2874,2907,LGA1200,,227,
CPU,AMD Ryzen Gen-11 Model-1827,2249,2173,LGA1851,,118,
CPU,AMD Ryzen Gen-10 Model-1828,1142,931,LGA1700,,234,
CPU,AMD Ryzen Gen-9 Model-1829,622,659,LGA1851,,236,
CPU,Intel Core Gen-12 Model-1830,879,809,LGA1200,,250,
CPU,AMD Ryzen Gen-14 Model-1831,1081,1296,LGA1700,,206,
CPU,AMD Ryzen Gen-11 Model-1832,942,914,AM5,,80,
CPU,Intel Core Gen-11 Model-1833,329,339,AM4,,113,
CPU,AMD Ryzen Gen-11 Model-1834,507,606,AM4,,92,
CPU,Intel Core Gen-12 Model-1835,1534,1588,LGA1700,,135,
CPU,Intel Core Gen-12 Model-1836,1859,1931,AM4,,106,
CPU,Intel Core Gen-13 Model-1837,3171,2819,LGA1700,,153,
CPU,AMD Ryzen Gen-11 Model-1838,1593,1340,AM5,,109,
CPU,Intel Core Gen-12 Model-1839,2600,2522,LGA1700,,197,
CPU,Intel Core Gen-13 Model-1840,1020,850,AM5,,128,
CPU,Intel Core Gen-13 Model-1841,2847,3276,LGA1700,,64,
CPU,AMD Ryzen Gen-12 Model-1842,2763,2524,LGA1200,,100,
CPU,AMD Ryzen Gen-11 Model-1843,1239,1285,LGA1200,,139,
CPU,AMD Ryzen Gen-12 Model-1844,1635,1549,AM4,,249,
CPU,AMD Ryzen Gen-10 Model-1845,3333,2997,AM5,,70,
CPU,Intel Core Gen-13 Model-1846,2655,2459,LGA1700,,184,
CPU,AMD Ryzen Gen-13 Model-1847,2968,2564,LGA1851,,88,
CPU,AMD Ryzen Gen-11 Model-1848,540,516,AM5,,76,
CPU,Intel Core Gen-10 Model-1849,1499,1644,AM4,,198,
CPU,AMD Ryzen Gen-11 Model-1850,2393,2693,AM5,,85,
CPU,AMD Ryzen Gen-10 Model-1851,1752,1598,LGA1851,,167,
CPU,AMD Ryzen Gen-13 Model-1852,2703,2424,AM4,,136,
CPU,Intel Core Gen-14 Model-1853,2139,2182,LGA1851,,83,
CPU,Intel Core Gen-11 Model-1854,2561,2703,LGA1851,,159,
CPU,Intel Core Gen-14 Model-1855,2729,2509,AM4,,192,
CPU,Intel Core Gen-14 Model-1856,1688,1617,LGA1700,,150,
CPU,AMD Ryzen Gen-13 Model-1857,2126,1847,LGA1700,,89,
CPU,Intel Core Gen-10 Model-1858,1746,1663,LGA1200,,222,
CPU,Intel Core Gen-13 Model-1859,1526,1768,LGA1700,,109,
CPU,Intel Core Gen-12 Model-1860,2986,2680,LGA1700,,48,
CPU,AMD Ryzen Gen-11 Model-1861,853,744,AM5,,93,
CPU,Intel Core Gen-12 Model-1862,3337,2789,LGA1200,,151,
CPU,AMD Ryzen Gen-11 Model-1863,2501,2126,LGA1851,,134,
CPU,AMD Ryzen Gen-12 Model-1864,3275,3905,LGA1200,,58,
CPU,AMD Ryzen Gen-14 Model-1865,3199,2633,AM5,,124,
CPU,AMD Ryzen Gen-14 Model-1866,1507,1385,LGA1200,,186,
CPU,Intel Core Gen-13 Model-1867,1181,1327,LGA1200,,48,
CPU,Intel Core Gen-10 Model-1868,1133,977,LGA1700,,75,
CPU,AMD Ryzen Gen-11 Model-1869,939,795,AM4,,205,
CPU,Intel Core Gen-11 Model-1870,356,290,AM4,,71,
CPU,AMD Ryzen Gen-14 Model-1871,2528,2642,LGA1200,,93,
CPU,AMD Ryzen Gen-9 Model-1872,3066,2801,LGA1700,,181,
CPU,Intel Core Gen-13 Model-1873,1622,1909,LGA1700,,209,
CPU,Intel Core Gen-13 Model-1874,3000,3572,LGA1700,,59,
CPU,Intel Core Gen-10 Model-1875,721,807,LGA1200,,240,
CPU,Intel Core Gen-12 Model-1876,1221,1269,LGA1200,,219,
CPU,Intel Core Gen-10 Model-1877,3426,3389,LGA1200,,235,
CPU,Intel Core Gen-12 Model-1878,2026,1733,LGA1851,,248,
CPU,Intel Core Gen-13 Model-1879,1468,1294,LGA1200,,152,
CPU,Intel Core Gen-10 Model-1880,2217,2502,LGA1700,,166,
CPU,Intel Core Gen-14 Model-1881,672,587,AM4,,167,
CPU,AMD Ryzen Gen-10 Model-1882,785,669,LGA1851,,57,
CPU,Intel Core Gen-13 Model-1883,3216,3138,LGA1851,,229,
CPU,AMD Ryzen Gen-13 Model-1884,899,945,AM4,,108,
CPU,AMD Ryzen Gen-10 Model-1885,1977,2052,LGA1200,,114,
CPU,Intel Core Gen-11 Model-1886,3276,2696,LGA1700,,79,
CPU,AMD Ryzen Gen-13 Model-1887,1401,1516,AM4,,82,
CPU,AMD Ryzen Gen-12 Model-1888,321,276,LGA1200,,223,
CPU,AMD Ryzen Gen-9 Model-1889,1012,912,LGA1200,,125,
CPU,Intel Core Gen-10 Model-1890,526,504,LGA1700,,118,
CPU,Intel Core Gen-10 Model-1891,652,636,AM4,,238,
CPU,AMD Ryzen Gen-11 Model-1892,1164,1013,LGA1700,,162,
CPU,Intel Core Gen-9 Model-1893,1145,1318,LGA1200,,54,
CPU,Intel Core Gen-14 Model-1894,865,934,LGA1200,,98,
CPU,AMD Ryzen Gen-14 Model-1895,1240,1288,LGA1700,,178,
CPU,AMD Ryzen Gen-14 Model-1896,1779,1534,LGA1700,,215,
CPU,AMD Ryzen Gen-13 Model-1897,1237,1469,LGA1851,,137,
CPU,Intel Core Gen-13 Model-1898,2673,2366,AM4,,178,
CPU,AMD Ryzen Gen-13 Model-1899,2724,2217,LGA1851,,135,
CPU,Intel Core Gen-11 Model-1900,2998,3581,LGA1700,,247,
CPU,AMD Ryzen Gen-11 Model-1901,312,268,AM5,,51,
CPU,AMD Ryzen Gen-9 Model-1902,2916,2907,LGA1700,,221,
CPU,Intel Core Gen-9 Model-1903,930,949,AM4,,169,
CPU,AMD Ryzen Gen-9 Model-1904,2954,2699,AM4,,155,
CPU,Intel Core Gen-12 Model-1905,2615,3073,LGA1200,,244,
CPU,AMD Ryzen Gen-9 Model-1906,344,279,LGA1700,,53,
CPU,AMD Ryzen Gen-10 Model-1907,3253,3289,LGA1851,,138,
CPU,Intel Core Gen-14 Model-1908,1830,1578,AM4,,61,
CPU,AMD Ryzen Gen-11 Model-1909,714,669,LGA1851,,211,
CPU,Intel Core Gen-11 Model-1910,1206,1283,LGA1851,,203,
CPU,AMD Ryzen Gen-13 Model-1911,1420,1579,LGA1851,,193,
CPU,Intel Core Gen-10 Model-1912,1010,1128,AM4,,105,
CPU,AMD Ryzen Gen-13 Model-1913,878,740,AM5,,99,
CPU,AMD Ryzen Gen-10 Model-1914,2364,2214,AM5,,73,
CPU,AMD Ryzen Gen-11 Model-1915,2258,2406,LGA1700,,201,
CPU,AMD Ryzen Gen-12 Model-1916,2842,2990,LGA1851,,150,
CPU,Intel Core Gen-13 Model-1917,3455,2821,AM4,,218,
CPU,AMD Ryzen Gen-9 Model-1918,2662,2815,AM4,,161,
CPU,Intel Core Gen-11 Model-1919,964,970,LGA1700,,121,
CPU,AMD Ryzen Gen-10 Model-1920,3099,2579,LGA1851,,142,
CPU,Intel Core Gen-10 Model-1921,3472,3585,LGA1700,,71,
CPU,AMD Ryzen Gen-10 Model-1922,3351,3010,LGA1851,,231,
CPU,Intel Core Gen-11 Model-1923,2211,2514,AM5,,207,
CPU,AMD Ryzen Gen-9 Model-1924,2263,2579,AM4,,124,
CPU,Intel Core Gen-10 Model-1925,563,562,LGA1851,,61,
CPU,AMD Ryzen Gen-13 Model-1926,578,594,LGA1700,,208,
CPU,Intel Core Gen-14 Model-1927,3017,2493,AM4,,84,
CPU,Intel Core Gen-14 Model-1928,3156,3163,LGA1851,,248,
CPU,Intel Core Gen-10 Model-1929,827,844,AM5,,173,
CPU,AMD Ryzen Gen-14 Model-1930,2695,2842,LGA1200,,186,
CPU,Intel Core Gen-12 Model-1931,1860,1730,LGA1700,,65,
CPU,AMD Ryzen Gen-11 Model-1932,2514,2788,LGA1700,,223,
CPU,AMD Ryzen Gen-9 Model-1933,3205,3835,AM5,,55,
CPU,AMD Ryzen Gen-13 Model-1934,1342,1089,AM5,,234,
CPU,Intel Core Gen-10 Model-1935,1617,1559,LGA1851,,147,
CPU,Intel Core Gen-10 Model-1936,1677,1675,LGA1700,,112,
CPU,Intel Core Gen-9 Model-1937,3338,3462,LGA1700,,120,
CPU,Intel Core Gen-14 Model-1938,724,717,AM4,,89,
CPU,Intel Core Gen-9 Model-1939,1949,1749,LGA1700,,108,
CPU,Intel Core Gen-9 Model-1940,791,735,AM4,,236,
CPU,Intel Core Gen-10 Model-1941,2450,2014,LGA1851,,138,
CPU,AMD Ryzen Gen-14 Model-1942,1680,1682,LGA1200,,97,
CPU,AMD Ryzen Gen-10 Model-1943,3189,3391,LGA1200,,87,
CPU,AMD Ryzen Gen-10 Model-1944,2477,2918,LGA1700,,81,
CPU,AMD Ryzen Gen-9 Model-1945,1269,1352,LGA1200,,199,
CPU,AMD Ryzen Gen-11 Model-1946,1190,1351,AM5,,143,
CPU,AMD Ryzen Gen-9 Model-1947,480,460,LGA1851,,150,
CPU,AMD Ryzen Gen-12 Model-1948,1247,1179,LGA1200,,196,
CPU,AMD Ryzen Gen-9 Model-1949,2870,2507,AM5,,199,
CPU,AMD Ryzen Gen-14 Model-1950,2432,2179,AM5,,166,
CPU,AMD Ryzen Gen-13 Model-1951,656,781,LGA1851,,194,
CPU,AMD Ryzen Gen-13 Model-1952,3287,3699,AM4,,58,
CPU,Intel Core Gen-13 Model-1953,3169,3235,LGA1851,,111,
CPU,Intel Core Gen-14 Model-1954,1571,1718,LGA1200,,234,
CPU,Intel Core Gen-12 Model-1955,512,578,LGA1851,,188,
CPU,Intel Core Gen-10 Model-1956,2068,2292,AM5,,108,
CPU,Intel Core Gen-10 Model-1957,982,887,LGA1200,,213,
CPU,AMD Ryzen Gen-14 Model-1958,1630,1869,LGA1851,,189,
CPU,AMD Ryzen Gen-10 Model-1959,2072,2203,LGA1851,,182,
CPU,AMD Ryzen Gen-13 Model-1960,1424,1511,LGA1851,,235,
CPU,AMD Ryzen Gen-12 Model-1961,2052,1704,AM4,,107,
CPU,Intel Core Gen-13 Model-1962,3480,3408,AM4,,47,
CPU,Intel Core Gen-12 Model-1963,3249,3764,LGA1851,,102,
CPU,Intel Core Gen-12 Model-1964,1462,1217,LGA1851,,125,
CPU,Intel Core Gen-13 Model-1965,3145,3113,LGA1200,,216,
CPU,AMD Ryzen Gen-10 Model-1966,1198,1036,LGA1700,,198,
CPU,Intel Core Gen-12 Model-1967,883,918,AM4,,58,
CPU,AMD Ryzen Gen-14 Model-1968,2973,2602,LGA1200,,226,
CPU,AMD Ryzen Gen-14 Model-1969,2249,2037,LGA1700,,82,
CPU,AMD Ryzen Gen-11 Model-1970,1964,2095,LGA1700,,240,
CPU,Intel Core Gen-9 Model-1971,1238,1415,AM4,,194,
CPU,AMD Ryzen Gen-14 Model-1972,638,750,AM5,,225,
CPU,AMD Ryzen Gen-13 Model-1973,2942,3160,LGA1700,,188,
CPU,Intel Core Gen-9 Model-1974,2976,2866,LGA1851,,132,
CPU,AMD Ryzen Gen-9 Model-1975,550,478,LGA1200,,87,
CPU,AMD Ryzen Gen-9 Model-1976,1305,1381,AM4,,221,
CPU,AMD Ryzen Gen-9 Model-1977,1058,862,LGA1700,,150,
CPU,Intel Core Gen-14 Model-1978,553,576,AM4,,78,
CPU,AMD Ryzen Gen-11 Model-1979,2131,1733,AM4,,171,
CPU,AMD Ryzen Gen-10 Model-1980,2187,1921,LGA1700,,225,
CPU,Intel Core Gen-12 Model-1981,1033,931,LGA1700,,234,
CPU,Intel Core Gen-9 Model-1982,411,469,LGA1700,,55,
CPU,Intel Core Gen-14 Model-1983,1145,1373,LGA1700,,47,
CPU,AMD Ryzen Gen-12 Model-1984,1727,1639,LGA1851,,95,
CPU,Intel Core Gen-14 Model-1985,2891,2401,AM4,,150,
CPU,AMD Ryzen Gen-10 Model-1986,2812,3301,LGA1200,,112,
CPU,Intel Core Gen-13 Model-1987,3131,3515,LGA1851,,183,
CPU,AMD Ryzen Gen-13 Model-1988,690,646,LGA1200,,98,
CPU,Intel Core Gen-12 Model-1989,891,790,LGA1851,,221,
CPU,Intel Core Gen-13 Model-1990,1024,898,LGA1851,,145,
CPU,AMD Ryzen Gen-12 Model-1991,2628,2903,AM4,,228,
CPU,AMD Ryzen Gen-11 Model-1992,857,970,LGA1700,,242,
CPU,Intel Core Gen-10 Model-1993,2897,2863,LGA1700,,50,
CPU,Intel Core Gen-13 Model-1994,367,344,AM5,,163,
CPU,Intel Core Gen-14 Model-1995,1406,1396,LGA1200,,118,
CPU,Intel Core Gen-10 Model-1996,2636,2552,AM4,,104,
CPU,Intel Core Gen-9 Model-1997,2299,1944,AM5,,160,
CPU,Intel Core Gen-9 Model-1998,2180,2407,LGA1700,,81,
CPU,Intel Core Gen-13 Model-1999,1646,1622,AM5,,198,
Motherboard,ASUS PRO-LGA1700 v0,579,581,LGA1700,DDR4,,
Motherboard,ASRock PRO-LGA1700 v1,743,818,LGA1700,DDR4,,
Motherboard,ASUS PRO-AM5 v2,714,846,AM5,DDR5,,
Motherboard,ASUS PRO-LGA1851 v3,1361,1459,LGA1851,DDR5,,
Motherboard,MSI PRO-LGA1200 v4,564,477,LGA1200,DDR4,,
Motherboard,ASUS PRO-LGA1200 v5,1628,1581,LGA1200,DDR5,,
Motherboard,MSI PRO-LGA1700 v6,1687,1619,LGA1700,DDR5,,
Motherboard,MSI PRO-AM4 v7,1594,1424,AM4,DDR5,,
Motherboard,ASUS PRO-AM4 v8,636,760,AM4,DDR4,,
Motherboard,ASRock PRO-LGA1851 v9,612,589,LGA1851,DDR5,,
Motherboard,Gigabyte PRO-LGA1200 v10,539,471,LGA1200,DDR4,,
Motherboard,MSI PRO-LGA1700 v11,1527,1630,LGA1700,DDR4,,
Motherboard,Gigabyte PRO-LGA1200 v12,572,583,LGA1200,DDR5,,
Motherboard,MSI PRO-AM5 v13,385,312,AM5,DDR5,,
Motherboard,ASRock PRO-LGA1700 v14,1516,1600,LGA1700,DDR4,,
Motherboard,ASUS PRO-LGA1200 v15,1896,1571,LGA1200,DDR5,,
Motherboard,ASRock PRO-AM5 v16,1432,1702,AM5,DDR5,,
Motherboard,ASRock PRO-AM4 v17,1021,1044,AM4,DDR5,,
Motherboard,ASUS PRO-AM4 v18,1982,2188,AM4,DDR5,,
Motherboard,ASRock PRO-LGA1200 v19,1205,1152,LGA1200,DDR5,,
Motherboard,Gigabyte PRO-LGA1700 v20,1518,1416,LGA1700,DDR5,,
Motherboard,Gigabyte PRO-LGA1200 v21,1511,1301,LGA1200,DDR5,,
Motherboard,Gigabyte PRO-AM4 v22,1222,1005,AM4,DDR4,,
Motherboard,Gigabyte PRO-AM4 v23,1491,1351,AM4,DDR4,,
Motherboard,MSI PRO-AM4 v24,1261,1305,AM4,DDR4,,
Motherboard,Gigabyte PRO-LGA1851 v25,1514,1730,LGA1851,DDR5,,
Motherboard,ASRock PRO-LGA1700 v26,1427,1467,LGA1700,DDR4,,
Motherboard,ASUS PRO-LGA1700 v27,854,910,LGA1700,DDR5,,
Motherboard,Gigabyte PRO-AM4 v28,490,460,AM4,DDR4,,
Motherboard,ASRock PRO-LGA1851 v29,477,484,LGA1851,DDR5,,
Motherboard,MSI PRO-LGA1851 v30,1949,2300,LGA1851,DDR5,,
Motherboard,Gigabyte PRO-AM5 v31,1055,1045,AM5,DDR5,,
Motherboard,ASRock PRO-LGA1851 v32,307,283,LGA1851,DDR5,,
Motherboard,ASUS PRO-AM5 v33,362,397,AM5,DDR5,,
Motherboard,ASUS PRO-LGA1700 v34,1248,1104,LGA1700,DDR5,,
Motherboard,ASUS PRO-LGA1851 v35,542,469,LGA1851,DDR5,,
Motherboard,ASRock PRO-AM4 v36,1819,1588,AM4,DDR4,,
Motherboard,ASUS PRO-LGA1200 v37,1128,1278,LGA1200,DDR5,,
Motherboard,ASUS PRO-AM5 v38,1477,1354,AM5,DDR5,,
Motherboard,ASUS PRO-AM5 v39,1487,1331,AM5,DDR5,,
Motherboard,Gigabyte PRO-LGA1851 v40,1866,2026,LGA1851,DDR5,,
Motherboard,Gigabyte PRO-LGA1851 v41,754,860,LGA1851,DDR5,,
Motherboard,ASRock PRO-LGA1851 v42,1333,1441,LGA1851,DDR5,,
Motherboard,Gigabyte PRO-AM5 v43,1770,1599,AM5,DDR5,,
Motherboard,MSI PRO-LGA1200 v44,878,977,LGA1200,DDR4,,
Motherboard,Gigabyte PRO-LGA1851 v45,1024,1043,LGA1851,DDR5,,
Motherboard,ASUS PRO-LGA1851 v46,654,547,LGA1851,DDR5,,
Motherboard,ASRock PRO-AM4 v47,1108,946,AM4,DDR5,,
Motherboard,ASUS PRO-LGA1700 v48,1046,1028,LGA1700,DDR4,,
Motherboard,Gigabyte PRO-LGA1851 v49,441,416,LGA1851,DDR5,,
Motherboard,MSI PRO-LGA1700 v50,1593,1654,LGA1700,DDR5,,
Motherboard,ASRock PRO-LGA1200 v51,418,346,LGA1200,DDR4,,
Motherboard,ASUS PRO-LGA1200 v52,308,335,LGA1200,DDR5,,
Motherboard,Gigabyte PRO-LGA1200 v53,1787,1602,LGA1200,DDR4,,
Motherboard,ASUS PRO-LGA1700 v54,1806,2088,LGA1700,DDR5,,
Motherboard,Gigabyte PRO-LGA1851 v55,1104,1289,LGA1851,DDR5,,
Motherboard,Gigabyte PRO-AM4 v56,1773,1843,AM4,DDR4,,
Motherboard,Gigabyte PRO-LGA1851 v57,1402,1458,LGA1851,DDR5,,
Motherboard,MSI PRO-LGA1200 v58,813,972,LGA1200,DDR4,,
Motherboard,ASUS PRO-LGA1200 v59,784,678,LGA1200,DDR4,,
Motherboard,Gigabyte PRO-LGA1200 v60,1315,1459,LGA1200,DDR5,,
Motherboard,Gigabyte PRO-LGA1700 v61,350,344,LGA1700,DDR5,,
Motherboard,Gigabyte PRO-LGA1700 v62,1086,1096,LGA1700,DDR5,,
Motherboard,ASUS PRO-AM4 v63,488,571,AM4,DDR4,,
Motherboard,ASUS PRO-LGA1200 v64,1466,1552,LGA1200,DDR5,,
Motherboard,ASUS PRO-LGA1851 v65,779,884,LGA1851,DDR5,,
Motherboard,ASUS PRO-LGA1700 v66,468,516,LGA1700,DDR5,,
Motherboard,Gigabyte PRO-AM4 v67,455,459,AM4,DDR5,,
Motherboard,ASUS PRO-LGA1700 v68,708,633,LGA1700,DDR4,,
Motherboard,MSI PRO-LGA1700 v69,1174,1115,LGA1700,DDR5,,
Motherboard,ASUS PRO-AM4 v70,347,361,AM4,DDR5,,
Motherboard,ASRock PRO-AM5 v71,1529,1396,AM5,DDR5,,
Motherboard,MSI PRO-AM4 v72,895,784,AM4,DDR5,,
Motherboard,MSI PRO-LGA1700 v73,1896,1911,LGA1700,DDR4,,
Motherboard,ASRock PRO-AM4 v74,1577,1865,AM4,DDR5,,
Motherboard,Gigabyte PRO-LGA1200 v75,654,598,LGA1200,DDR5,,
Motherboard,ASUS PRO-AM5 v76,1086,1285,AM5,DDR5,,
Motherboard,MSI PRO-AM4 v77,1588,1733,AM4,DDR4,,
Motherboard,MSI PRO-LGA1700 v78,1940,1817,LGA1700,DDR4,,
Motherboard,MSI PRO-AM5 v79,1311,1196,AM5,DDR5,,
Motherboard,ASRock PRO-AM5 v80,737,805,AM5,DDR5,,
Motherboard,ASRock PRO-LGA1200 v81,1282,1344,LGA1200,DDR4,,
Motherboard,Gigabyte PRO-LGA1200 v82,1402,1378,LGA1200,DDR4,,
Motherboard,ASUS PRO-AM4 v83,1870,2053,AM4,DDR4,,
Motherboard,MSI PRO-LGA1700 v84,944,1116,LGA1700,DDR5,,
Motherboard,ASUS PRO-LGA1851 v85,1823,1532,LGA1851,DDR5,,
Motherboard,ASUS PRO-LGA1851 v86,694,603,LGA1851,DDR5,,
Motherboard,ASRock PRO-LGA1200 v87,1414,1375,LGA1200,DDR4,,
Motherboard,ASRock PRO-AM4 v88,1916,1887,AM4,DDR4,,
Motherboard,ASRock PRO-AM5 v89,969,1048,AM5,DDR5,,
Motherboard,Gigabyte PRO-AM4 v90,513,582,AM4,DDR4,,
Motherboard,ASUS PRO-AM4 v91,1642,1669,AM4,DDR5,,
Motherboard,Gigabyte PRO-AM4 v92,427,395,AM4,DDR5,,
Motherboard,ASRock PRO-LGA1200 v93,1484,1224,LGA1200,DDR5,,
Motherboard,MSI PRO-LGA1700 v94,1851,1590,LGA1700,DDR4,,
Motherboard,Gigabyte PRO-LGA1700 v95,1902,1680,LGA1700,DDR4,,
Motherboard,Gigabyte PRO-LGA1700 v96,802,817,LGA1700,DDR5,,
Motherboard,Gigabyte PRO-LGA1200 v97,361,334,LGA1200,DDR4,,
Motherboard,ASUS PRO-LGA1200 v98,828,826,LGA1200,DDR5,,
Motherboard,ASRock PRO-AM5 v99,1120,944,AM5,DDR5,,
Motherboard,ASUS PRO-LGA1200 v100,1721,1748,LGA1200,DDR5,,
Motherboard,ASUS PRO-AM5 v101,1377,1443,AM5,DDR5,,
Motherboard,ASRock PRO-LGA1700 v102,901,1029,LGA1700,DDR4,,
Motherboard,MSI PRO-LGA1200 v103,1895,1728,LGA1200,DDR5,,
Motherboard,ASRock PRO-AM4 v104,454,373,AM4,DDR5,,
Motherboard,Gigabyte PRO-AM4 v105,900,754,AM4,DDR5,,
Motherboard,ASUS PRO-AM5 v106,1001,953,AM5,DDR5,,
Motherboard,MSI PRO-LGA1200 v107,1363,1142,LGA1200,DDR5,,
Motherboard,MSI PRO-LGA1700 v108,1982,1736,LGA1700,DDR5,,
Motherboard,ASRock PRO-LGA1700 v109,1595,1330,LGA1700,DDR5,,
Motherboard,ASRock PRO-LGA1200 v110,1876,1708,LGA1200,DDR4,,
Motherboard,MSI PRO-LGA1851 v111,821,715,LGA1851,DDR5,,
Motherboard,MSI PRO-LGA1851 v112,1047,1191,LGA1851,DDR5,,
Motherboard,ASUS PRO-LGA1700 v113,408,394,LGA1700,DDR5,,
Motherboard,ASRock PRO-LGA1200 v114,653,642,LGA1200,DDR4,,
Motherboard,Gigabyte PRO-LGA1200 v115,309,257,LGA1200,DDR5,,
Motherboard,MSI PRO-AM4 v116,1538,1776,AM4,DDR5,,
Motherboard,ASRock PRO-AM5 v117,1692,1361,AM5,DDR5,,
Motherboard,MSI PRO-AM4 v118,1718,1933,AM4,DDR4,,
Motherboard,Gigabyte PRO-LGA1200 v119,1101,1013,LGA1200,DDR4,,
Motherboard,Gigabyte PRO-LGA1851 v120,1709,1545,LGA1851,DDR5,,
Motherboard,MSI PRO-AM5 v121,545,447,AM5,DDR5,,
Motherboard,Gigabyte PRO-LGA1851 v122,881,924,LGA1851,DDR5,,
Motherboard,Gigabyte PRO-LGA1851 v123,1346,1463,LGA1851,DDR5,,
Motherboard,ASUS PRO-AM4 v124,400,398,AM4,DDR5,,
Motherboard,ASRock PRO-AM4 v125,382,405,AM4,DDR4,,
Motherboard,Gigabyte PRO-LGA1700 v126,1679,1669,LGA1700,DDR4,,
Motherboard,Gigabyte PRO-AM4 v127,1649,1378,AM4,DDR5,,
Motherboard,MSI PRO-LGA1700 v128,661,763,LGA1700,DDR4,,
Motherboard,MSI PRO-AM5 v129,354,330,AM5,DDR5,,
Motherboard,ASUS PRO-AM5 v130,782,752,AM5,DDR5,,
Motherboard,MSI PRO-LGA1200 v131,1557,1297,LGA1200,DDR5,,
Motherboard,ASUS PRO-AM5 v132,1660,1401,AM5,DDR5,,
Motherboard,MSI PRO-AM4 v133,1491,1779,AM4,DDR5,,
Motherboard,MSI PRO-AM4 v134,1993,1910,AM4,DDR5,,
Motherboard,ASUS PRO-LGA1200 v135,1322,1351,LGA1200,DDR5,,
Motherboard,ASUS PRO-AM4 v136,869,745,AM4,DDR4,,
Motherboard,ASRock PRO-LGA1851 v137,1317,1467,LGA1851,DDR5,,
Motherboard,Gigabyte PRO-LGA1700 v138,470,472,LGA1700,DDR5,,
Motherboard,ASRock PRO-LGA1700 v139,1955,1858,LGA1700,DDR5,,
Motherboard,Gigabyte PRO-LGA1200 v140,1667,1562,LGA1200,DDR4,,
Motherboard,ASRock PRO-AM4 v141,723,765,AM4,DDR4,,
Motherboard,ASRock PRO-LGA1200 v142,722,680,LGA1200,DDR5,,
Motherboard,ASUS PRO-LGA1851 v143,585,505,LGA1851,DDR5,,
Motherboard,Gigabyte PRO-LGA1200 v144,492,458,LGA1200,DDR4,,
Motherboard,ASRock PRO-LGA1851 v145,994,1089,LGA1851,DDR5,,
Motherboard,ASUS PRO-LGA1700 v146,875,982,LGA1700,DDR4,,
Motherboard,Gigabyte PRO-AM5 v147,1926,1819,AM5,DDR5,,
Motherboard,ASRock PRO-LGA1851 v148,1601,1666,LGA1851,DDR5,,
Motherboard,Gigabyte PRO-LGA1700 v149,1111,996,LGA1700,DDR4,,
Motherboard,ASRock PRO-LGA1700 v150,1850,1681,LGA1700,DDR5,,
Motherboard,ASRock PRO-AM4 v151,1828,1522,AM4,DDR5,,
Motherboard,MSI PRO-LGA1851 v152,431,477,LGA1851,DDR5,,
Motherboard,ASUS PRO-LGA1200 v153,1545,1625,LGA1200,DDR5,,
Motherboard,MSI PRO-AM5 v154,453,390,AM5,DDR5,,
Motherboard,ASUS PRO-AM4 v155,1599,1856,AM4,DDR4,,
Motherboard,ASRock PRO-LGA1851 v156,648,724,LGA1851,DDR5,,
Motherboard,Gigabyte PRO-AM5 v157,1354,1407,AM5,DDR5,,
Motherboard,MSI PRO-AM5 v158,1714,1829,AM5,DDR5,,
Motherboard,Gigabyte PRO-LGA1700 v159,1108,941,LGA1700,DDR5,,
Motherboard,ASRock PRO-LGA1700 v160,1197,1249,LGA1700,DDR4,,
Motherboard,ASRock PRO-LGA1200 v161,1317,1479,LGA1200,DDR5,,
Motherboard,ASUS PRO-LGA1851 v162,722,816,LGA1851,DDR5,,
Motherboard,ASUS PRO-AM4 v163,1922,2221,AM4,DDR4,,
Motherboard,ASRock PRO-AM4 v164,1090,1200,AM4,DDR4,,
Motherboard,ASUS PRO-LGA1200 v165,1574,1816,LGA1200,DDR5,,
Motherboard,ASUS PRO-LGA1851 v166,1076,931,LGA1851,DDR5,,
Motherboard,Gigabyte PRO-AM4 v167,1277,1452,AM4,DDR5,,
Motherboard,Gigabyte PRO-AM5 v168,643,546,AM5,DDR5,,
Motherboard,Gigabyte PRO-AM5 v169,995,940,AM5,DDR5,,
Motherboard,ASRock PRO-AM5 v170,355,355,AM5,DDR5,,
Motherboard,ASRock PRO-LGA1700 v171,1328,1277,LGA1700,DDR5,,
Motherboard,ASRock PRO-AM5 v172,1213,993,AM5,DDR5,,
Motherboard,MSI PRO-AM4 v173,1060,902,AM4,DDR5,,
Motherboard,ASUS PRO-LGA1700 v174,1391,1532,LGA1700,DDR5,,
Motherboard,ASUS PRO-AM5 v175,1049,1064,AM5,DDR5,,
Motherboard,Gigabyte PRO-LGA1200 v176,590,634,LGA1200,DDR4,,
Motherboard,ASRock PRO-AM5 v177,676,743,AM5,DDR5,,
Motherboard,ASUS PRO-LGA1200 v178,1453,1489,LGA1200,DDR4,,
Motherboard,MSI PRO-LGA1851 v179,1937,2254,LGA1851,DDR5,,
Motherboard,MSI PRO-AM5 v180,858,806,AM5,DDR5,,
Motherboard,ASUS PRO-AM4 v181,915,1052,AM4,DDR4,,
Motherboard,Gigabyte PRO-LGA1700 v182,848,1016,LGA1700,DDR4,,
Motherboard,MSI PRO-AM5 v183,1203,1242,AM5,DDR5,,
Motherboard,ASRock PRO-LGA1700 v184,1553,1620,LGA1700,DDR4,,
Motherboard,Gigabyte PRO-LGA1851 v185,1921,2144,LGA1851,DDR5,,
Motherboard,ASUS PRO-AM4 v186,1751,2083,AM4,DDR5,,
Motherboard,ASRock PRO-AM5 v187,1937,2214,AM5,DDR5,,
Motherboard,Gigabyte PRO-LGA1851 v188,583,554,LGA1851,DDR5,,
Motherboard,ASUS PRO-LGA1851 v189,660,760,LGA1851,DDR5,,
Motherboard,Gigabyte PRO-LGA1700 v190,1584,1565,LGA1700,DDR4,,
Motherboard,ASRock PRO-AM5 v191,414,354,AM5,DDR5,,
Motherboard,ASUS PRO-LGA1851 v192,1276,1124,LGA1851,DDR5,,
Motherboard,Gigabyte PRO-AM4 v193,544,559,AM4,DDR5,,
Motherboard,ASRock PRO-LGA1200 v194,1537,1814,LGA1200,DDR5,,
Motherboard,ASUS PRO-AM4 v195,752,771,AM4,DDR4,,
Motherboard,ASUS PRO-LGA1700 v196,474,497,LGA1700,DDR4,,
Motherboard,Gigabyte PRO-AM4 v197,566,528,AM4,DDR4,,
Motherboard,ASRock PRO-LGA1700 v198,444,490,LGA1700,DDR5,,
Motherboard,Gigabyte PRO-LGA1700 v199,785,856,LGA1700,DDR4,,
Motherboard,ASRock PRO-AM4 v200,1430,1343,AM4,DDR4,,
Motherboard,MSI PRO-LGA1200 v201,1410,1398,LGA1200,DDR5,,
Motherboard,Gigabyte PRO-LGA1700 v202,1751,1801,LGA1700,DDR5,,
Motherboard,MSI PRO-AM5 v203,1805,1678,AM5,DDR5,,
Motherboard,ASUS PRO-LGA1851 v204,1034,941,LGA1851,DDR5,,
Motherboard,Gigabyte PRO-AM4 v205,1129,1171,AM4,DDR4,,
Motherboard,ASRock PRO-LGA1851 v206,1262,1368,LGA1851,DDR5,,
Motherboard,ASRock PRO-LGA1700 v207,1547,1469,LGA1700,DDR4,,
Motherboard,Gigabyte PRO-AM5 v208,1149,1288,AM5,DDR5,,
Motherboard,MSI PRO-LGA1200 v209,1997,2277,LGA1200,DDR5,,
Motherboard,ASUS PRO-AM5 v210,1083,884,AM5,DDR5,,
Motherboard,MSI PRO-LGA1200 v211,556,554,LGA1200,DDR5,,
Motherboard,Gigabyte PRO-AM5 v212,1228,1291,AM5,DDR5,,
Motherboard,Gigabyte PRO-AM4 v213,1428,1597,AM4,DDR5,,
Motherboard,ASUS PRO-LGA1700 v214,1711,2041,LGA1700,DDR5,,
Motherboard,Gigabyte PRO-LGA1851 v215,397,446,LGA1851,DDR5,,
Motherboard,MSI PRO-AM4 v216,1740,1588,AM4,DDR4,,
Motherboard,ASUS PRO-AM5 v217,1045,867,AM5,DDR5,,
Motherboard,MSI PRO-AM4 v218,1688,1691,AM4,DDR4,,
Motherboard,Gigabyte PRO-LGA1200 v219,1595,1870,LGA1200,DDR4,,
Motherboard,ASRock PRO-LGA1851 v220,590,673,LGA1851,DDR5,,
Motherboard,Gigabyte PRO-LGA1851 v221,1452,1678,LGA1851,DDR5,,
Motherboard,Gigabyte PRO-AM4 v222,622,596,AM4,DDR5,,
Motherboard,ASUS PRO-AM5 v223,1193,1051,AM5,DDR5,,
Motherboard,ASUS PRO-LGA1200 v224,612,721,LGA1200,DDR4,,
Motherboard,ASUS PRO-LGA1851 v225,966,1156,LGA1851,DDR5,,
Motherboard,Gigabyte PRO-AM4 v226,1858,2000,AM4,DDR5,,
Motherboard,MSI PRO-LGA1851 v227,1697,1871,LGA1851,DDR5,,
Motherboard,ASUS PRO-LGA1200 v228,1375,1218,LGA1200,DDR4,,
Motherboard,ASUS PRO-LGA1851 v229,749,796,LGA1851,DDR5,,
Motherboard,ASUS PRO-LGA1700 v230,766,777,LGA1700,DDR5,,
Motherboard,ASUS PRO-AM5 v231,919,810,AM5,DDR5,,
Motherboard,MSI PRO-LGA1200 v232,923,790,LGA1200,DDR4,,
Motherboard,MSI PRO-LGA1700 v233,1360,1295,LGA1700,DDR5,,
Motherboard,ASUS PRO-LGA1851 v234,1821,1825,LGA1851,DDR5,,
Motherboard,MSI PRO-LGA1200 v235,1202,962,LGA1200,DDR4,,
Motherboard,Gigabyte PRO-LGA1700 v236,885,1009,LGA1700,DDR4,,
Motherboard,ASUS PRO-LGA1851 v237,1143,1034,LGA1851,DDR5,,
Motherboard,MSI PRO-LGA1700 v238,664,612,LGA1700,DDR4,,
Motherboard,Gigabyte PRO-AM5 v239,1810,1475,AM5,DDR5,,
Motherboard,Gigabyte PRO-LGA1700 v240,398,424,LGA1700,DDR5,,
Motherboard,ASUS PRO-AM5 v241,614,523,AM5,DDR5,,
Motherboard,Gigabyte PRO-AM4 v242,1226,1293,AM4,DDR4,,
Motherboard,ASUS PRO-LGA1200 v243,379,404,LGA1200,DDR4,,
Motherboard,ASRock PRO-LGA1851 v244,551,575,LGA1851,DDR5,,
Motherboard,MSI PRO-LGA1200 v245,1049,843,LGA1200,DDR5,,
Motherboard,Gigabyte PRO-AM4 v246,470,526,AM4,DDR5,,
Motherboard,ASUS PRO-AM5 v247,1751,2032,AM5,DDR5,,
Motherboard,Gigabyte PRO-LGA1851 v248,1582,1450,LGA1851,DDR5,,
Motherboard,ASUS PRO-LGA1200 v249,1287,1453,LGA1200,DDR5,,
Motherboard,MSI PRO-AM4 v250,776,855,AM4,DDR4,,
Motherboard,Gigabyte PRO-LGA1700 v251,1583,1684,LGA1700,DDR4,,
Motherboard,MSI PRO-AM4 v252,311,360,AM4,DDR4,,
Motherboard,Gigabyte PRO-LGA1851 v253,1069,1129,LGA1851,DDR5,,
Motherboard,Gigabyte PRO-AM5 v254,1274,1120,AM5,DDR5,,
Motherboard,ASUS PRO-LGA1200 v255,1946,2033,LGA1200,DDR4,,
Motherboard,ASRock PRO-LGA1851 v256,960,1124,LGA1851,DDR5,,
Motherboard,ASUS PRO-LGA1200 v257,1666,1777,LGA1200,DDR5,,
Motherboard,ASRock PRO-AM5 v258,824,972,AM5,DDR5,,
Motherboard,Gigabyte PRO-AM4 v259,1805,1654,AM4,DDR4,,
Motherboard,MSI PRO-LGA1200 v260,1242,1122,LGA1200,DDR5,,
Motherboard,ASRock PRO-LGA1851 v261,1798,2044,LGA1851,DDR5,,
Motherboard,ASRock PRO-LGA1851 v262,1318,1296,LGA1851,DDR5,,
Motherboard,ASUS PRO-AM5 v263,1668,1375,AM5,DDR5,,
Motherboard,Gigabyte PRO-LGA1851 v264,515,505,LGA1851,DDR5,,
Motherboard,ASUS PRO-LGA1200 v265,1960,2014,LGA1200,DDR5,,
Motherboard,ASUS PRO-LGA1200 v266,395,426,LGA1200,DDR4,,
Motherboard,ASRock PRO-LGA1200 v267,1797,1560,LGA1200,DDR4,,
Motherboard,ASUS PRO-AM5 v268,695,820,AM5,DDR5,,
Motherboard,MSI PRO-AM5 v269,1350,1230,AM5,DDR5,,
Motherboard,MSI PRO-LGA1851 v270,1666,1457,LGA1851,DDR5,,
Motherboard,ASUS PRO-LGA1700 v271,1170,1087,LGA1700,DDR4,,
Motherboard,Gigabyte PRO-LGA1200 v272,539,603,LGA1200,DDR5,,
Motherboard,Gigabyte PRO-LGA1700 v273,1686,1518,LGA1700,DDR4,,
Motherboard,Gigabyte PRO-LGA1700 v274,670,791,LGA1700,DDR4,,
Motherboard,ASUS PRO-LGA1851 v275,425,414,LGA1851,DDR5,,
Motherboard,MSI PRO-LGA1851 v276,1799,1930,LGA1851,DDR5,,
Motherboard,ASUS PRO-AM4 v277,1011,987,AM4,DDR5,,
Motherboard,ASRock PRO-AM4 v278,1808,1585,AM4,DDR5,,
Motherboard,ASRock PRO-AM4 v279,1158,1238,AM4,DDR4,,
Motherboard,Gigabyte PRO-LGA1700 v280,1794,1848,LGA1700,DDR5,,
Motherboard,ASUS PRO-LGA1200 v281,570,529,LGA1200,DDR4,,
Motherboard,ASRock PRO-AM4 v282,832,735,AM4,DDR5,,
Motherboard,ASUS PRO-LGA1700 v283,924,794,LGA1700,DDR5,,
Motherboard,ASRock PRO-LGA1200 v284,1347,1299,LGA1200,DDR5,,
Motherboard,ASUS PRO-LGA1851 v285,617,513,LGA1851,DDR5,,
Motherboard,ASRock PRO-LGA1200 v286,1624,1815,LGA1200,DDR4,,
Motherboard,ASUS PRO-AM4 v287,1831,2044,AM4,DDR4,,
Motherboard,ASRock PRO-AM5 v288,699,779,AM5,DDR5,,
Motherboard,Gigabyte PRO-AM5 v289,728,855,AM5,DDR5,,
Motherboard,MSI PRO-AM5 v290,1857,1715,AM5,DDR5,,
Motherboard,Gigabyte PRO-LGA1700 v291,1338,1080,LGA1700,DDR4,,
Motherboard,ASUS PRO-LGA1700 v292,680,765,LGA1700,DDR4,,
Motherboard,Gigabyte PRO-AM4 v293,1216,1085,AM4,DDR4,,
Motherboard,ASRock PRO-AM5 v294,1614,1902,AM5,DDR5,,
Motherboard,MSI PRO-LGA1200 v295,1381,1247,LGA1200,DDR4,,
Motherboard,ASUS PRO-AM4 v296,1833,1851,AM4,DDR5,,
Motherboard,ASUS PRO-AM5 v297,1195,961,AM5,DDR5,,
Motherboard,ASRock PRO-AM4 v298,1758,2048,AM4,DDR5,,
Motherboard,MSI PRO-AM5 v299,1808,1756,AM5,DDR5,,
Motherboard,MSI PRO-LGA1200 v300,337,280,LGA1200,DDR5,,
Motherboard,MSI PRO-LGA1200 v301,334,302,LGA1200,DDR5,,
Motherboard,Gigabyte PRO-LGA1851 v302,1461,1553,LGA1851,DDR5,,
Motherboard,Gigabyte PRO-AM4 v303,1906,1875,AM4,DDR4,,
Motherboard,ASRock PRO-AM4 v304,1625,1837,AM4,DDR4,,
Motherboard,ASRock PRO-AM5 v305,1882,2039,AM5,DDR5,,
Motherboard,MSI PRO-LGA1200 v306,895,1052,LGA1200,DDR5,,
Motherboard,ASRock PRO-LGA1700 v307,1289,1444,LGA1700,DDR4,,
Motherboard,MSI PRO-LGA1200 v308,1964,1907,LGA1200,DDR4,,
Motherboard,MSI PRO-AM4 v309,904,805,AM4,DDR5,,
Motherboard,Gigabyte PRO-LGA1700 v310,1999,2274,LGA1700,DDR5,,
Motherboard,Gigabyte PRO-LGA1700 v311,1421,1540,LGA1700,DDR5,,
Motherboard,MSI PRO-AM5 v312,529,439,AM5,DDR5,,
Motherboard,ASUS PRO-AM4 v313,1112,1319,AM4,DDR4,,
Motherboard,Gigabyte PRO-LGA1200 v314,477,514,LGA1200,DDR4,,
Motherboard,ASUS PRO-LGA1700 v315,1094,1021,LGA1700,DDR5,,
Motherboard,ASUS PRO-LGA1200 v316,1792,2033,LGA1200,DDR5,,
Motherboard,Gigabyte PRO-AM4 v317,1599,1303,AM4,DDR5,,
Motherboard,Gigabyte PRO-LGA1200 v318,1760,1582,LGA1200,DDR5,,
Motherboard,ASRock PRO-AM4 v319,1132,1074,AM4,DDR5,,
Motherboard,Gigabyte PRO-AM4 v320,1215,1350,AM4,DDR4,,
Motherboard,ASRock PRO-AM5 v321,1114,1267,AM5,DDR5,,
Motherboard,ASUS PRO-AM5 v322,1498,1343,AM5,DDR5,,
Motherboard,ASUS PRO-AM4 v323,1031,1062,AM4,DDR4,,
Motherboard,Gigabyte PRO-LGA1851 v324,1626,1874,LGA1851,DDR5,,
Motherboard,ASUS PRO-LGA1851 v325,1131,1315,LGA1851,DDR5,,
Motherboard,MSI PRO-AM4 v326,1403,1157,AM4,DDR5,,
Motherboard,Gigabyte PRO-LGA1200 v327,1001,1009,LGA1200,DDR4,,
Motherboard,MSI PRO-LGA1200 v328,1916,2129,LGA1200,DDR5,,
Motherboard,Gigabyte PRO-LGA1851 v329,635,541,LGA1851,DDR5,,
Motherboard,ASUS PRO-AM5 v330,1731,1873,AM5,DDR5,,
Motherboard,ASUS PRO-LGA1200 v331,1933,1924,LGA1200,DDR5,,
Motherboard,MSI PRO-LGA1700 v332,1639,1783,LGA1700,DDR4,,
Motherboard,ASRock PRO-LGA1851 v333,1359,1176,LGA1851,DDR5,,
Motherboard,MSI PRO-AM4 v334,860,898,AM4,DDR5,,
Motherboard,Gigabyte PRO-LGA1700 v335,1061,1202,LGA1700,DDR4,,
Motherboard,ASUS PRO-AM4 v336,707,790,AM4,DDR4,,
Motherboard,ASUS PRO-LGA1851 v337,652,758,LGA1851,DDR5,,
Motherboard,ASRock PRO-LGA1200 v338,1162,1346,LGA1200,DDR5,,
Motherboard,Gigabyte PRO-LGA1851 v339,1099,1000,LGA1851,DDR5,,
Motherboard,Gigabyte PRO-LGA1200 v340,1767,1586,LGA1200,DDR5,,
Motherboard,ASUS PRO-LGA1200 v341,1525,1500,LGA1200,DDR5,,
Motherboard,MSI PRO-LGA1700 v342,1132,1301,LGA1700,DDR5,,
Motherboard,ASRock PRO-AM5 v343,1062,939,AM5,DDR5,,
Motherboard,ASUS PRO-LGA1851 v344,1611,1599,LGA1851,DDR5,,
Motherboard,ASUS PRO-LGA1200 v345,1903,1886,LGA1200,DDR4,,
Motherboard,Gigabyte PRO-LGA1200 v346,710,835,LGA1200,DDR4,,
Motherboard,Gigabyte PRO-AM4 v347,646,640,AM4,DDR5,,
Motherboard,ASRock PRO-LGA1851 v348,1601,1463,LGA1851,DDR5,,
Motherboard,Gigabyte PRO-LGA1200 v349,330,361,LGA1200,DDR4,,
Motherboard,MSI PRO-LGA1851 v350,766,786,LGA1851,DDR5,,
Motherboard,ASRock PRO-AM5 v351,1555,1398,AM5,DDR5,,
Motherboard,Gigabyte PRO-LGA1851 v352,1368,1623,LGA1851,DDR5,,
Motherboard,ASUS PRO-AM5 v353,1872,2193,AM5,DDR5,,
Motherboard,Gigabyte PRO-LGA1700 v354,995,1006,LGA1700,DDR4,,
Motherboard,ASRock PRO-LGA1200 v355,455,369,LGA1200,DDR4,,
Motherboard,ASRock PRO-LGA1700 v356,1548,1854,LGA1700,DDR5,,
Motherboard,ASUS PRO-LGA1200 v357,848,926,LGA1200,DDR5,,
Motherboard,ASUS PRO-AM5 v358,1892,1577,AM5,DDR5,,
Motherboard,Gigabyte PRO-AM5 v359,461,519,AM5,DDR5,,
Motherboard,ASUS PRO-LGA1200 v360,1101,912,LGA1200,DDR5,,
Motherboard,MSI PRO-AM4 v361,1679,1454,AM4,DDR4,,
Motherboard,Gigabyte PRO-AM5 v362,501,482,AM5,DDR5,,
Motherboard,MSI PRO-AM4 v363,1822,2108,AM4,DDR5,,
Motherboard,ASRock PRO-LGA1700 v364,413,407,LGA1700,DDR5,,
Motherboard,MSI PRO-LGA1200 v365,1769,2082,LGA1200,DDR4,,
Motherboard,ASRock PRO-AM4 v366,623,641,AM4,DDR5,,
Motherboard,ASUS PRO-AM5 v367,1597,1401,AM5,DDR5,,
Motherboard,ASRock PRO-AM5 v368,1551,1421,AM5,DDR5,,
Motherboard,MSI PRO-LGA1200 v369,660,576,LGA1200,DDR4,,
Motherboard,Gigabyte PRO-LGA1851 v370,687,557,LGA1851,DDR5,,
Motherboard,ASUS PRO-AM4 v371,1655,1461,AM4,DDR4,,
Motherboard,MSI PRO-LGA1200 v372,1541,1272,LGA1200,DDR5,,
Motherboard,Gigabyte PRO-AM4 v373,786,865,AM4,DDR5,,
Motherboard,ASUS PRO-LGA1700 v374,1934,2165,LGA1700,DDR5,,
Motherboard,ASUS PRO-LGA1700 v375,1137,1126,LGA1700,DDR4,,
Motherboard,MSI PRO-AM4 v376,719,773,AM4,DDR5,,
Motherboard,ASUS PRO-LGA1200 v377,1318,1279,LGA1200,DDR4,,
Motherboard,Gigabyte PRO-LGA1700 v378,1165,1184,LGA1700,DDR4,,
Motherboard,MSI PRO-AM4 v379,1384,1619,AM4,DDR5,,
Motherboard,ASUS PRO-AM4 v380,649,696,AM4,DDR5,,
Motherboard,Gigabyte PRO-AM4 v381,1072,865,AM4,DDR4,,
Motherboard,MSI PRO-AM4 v382,1740,1497,AM4,DDR5,,
Motherboard,ASRock PRO-LGA1700 v383,1955,1860,LGA1700,DDR5,,
Motherboard,ASUS PRO-AM5 v384,1442,1288,AM5,DDR5,,
Motherboard,ASUS PRO-LGA1700 v385,1336,1513,LGA1700,DDR5,,
Motherboard,ASUS PRO-AM4 v386,619,657,AM4,DDR5,,
Motherboard,ASRock PRO-AM5 v387,742,602,AM5,DDR5,,
Motherboard,ASRock PRO-AM5 v388,1388,1288,AM5,DDR5,,
Motherboard,MSI PRO-LGA1700 v389,678,812,LGA1700,DDR4,,
Motherboard,ASUS PRO-LGA1851 v390,1377,1575,LGA1851,DDR5,,
Motherboard,ASRock PRO-LGA1851 v391,1397,1373,LGA1851,DDR5,,
Motherboard,MSI PRO-LGA1200 v392,1642,1684,LGA1200,DDR4,,
Motherboard,MSI PRO-LGA1700 v393,1292,1062,LGA1700,DDR5,,
Motherboard,ASUS PRO-AM4 v394,1554,1290,AM4,DDR5,,
Motherboard,Gigabyte PRO-AM4 v395,1590,1649,AM4,DDR5,,
Motherboard,ASRock PRO-LGA1851 v396,1830,1651,LGA1851,DDR5,,
Motherboard,ASRock PRO-LGA1700 v397,1633,1653,LGA1700,DDR4,,
Motherboard,Gigabyte PRO-LGA1851 v398,772,670,LGA1851,DDR5,,
Motherboard,MSI PRO-LGA1200 v399,1602,1321,LGA1200,DDR4,,
Motherboard,ASRock PRO-LGA1200 v400,465,434,LGA1200,DDR5,,
Motherboard,Gigabyte PRO-LGA1700 v401,1831,2141,LGA1700,DDR4,,
Motherboard,ASUS PRO-AM5 v402,1500,1435,AM5,DDR5,,
Motherboard,Gigabyte PRO-LGA1851 v403,1821,1855,LGA1851,DDR5,,
Motherboard,MSI PRO-LGA1700 v404,943,937,LGA1700,DDR4,,
Motherboard,Gigabyte PRO-AM5 v405,934,976,AM5,DDR5,,
Motherboard,ASUS PRO-LGA1851 v406,670,544,LGA1851,DDR5,,
Motherboard,MSI PRO-AM4 v407,1686,1781,AM4,DDR4,,
Motherboard,Gigabyte PRO-LGA1200 v408,426,457,LGA1200,DDR4,,
Motherboard,ASRock PRO-AM4 v409,620,544,AM4,DDR5,,
Motherboard,Gigabyte PRO-AM4 v410,1640,1592,AM4,DDR5,,
Motherboard,Gigabyte PRO-AM5 v411,1027,1226,AM5,DDR5,,
Motherboard,ASRock PRO-AM5 v412,1973,2348,AM5,DDR5,,
Motherboard,Gigabyte PRO-LGA1200 v413,352,397,LGA1200,DDR5,,
Motherboard,ASRock PRO-LGA1200 v414,1885,2233,LGA1200,DDR5,,
Motherboard,MSI PRO-LGA1700 v415,990,927,LGA1700,DDR4,,
Motherboard,Gigabyte PRO-AM5 v416,677,605,AM5,DDR5,,
Motherboard,Gigabyte PRO-LGA1851 v417,1103,1118,LGA1851,DDR5,,
Motherboard,MSI PRO-LGA1200 v418,1689,1735,LGA1200,DDR5,,
Motherboard,MSI PRO-AM4 v419,1277,1457,AM4,DDR4,,
Motherboard,ASRock PRO-LGA1851 v420,1182,1182,LGA1851,DDR5,,
Motherboard,ASUS PRO-LGA1200 v421,312,336,LGA1200,DDR4,,
Motherboard,MSI PRO-LGA1700 v422,1982,2181,LGA1700,DDR5,,
Motherboard,MSI PRO-LGA1200 v423,600,667,LGA1200,DDR4,,
Motherboard,ASUS PRO-LGA1200 v424,1081,1277,LGA1200,DDR4,,
Motherboard,Gigabyte PRO-AM4 v425,1170,1070,AM4,DDR4,,
Motherboard,ASUS PRO-AM4 v426,447,455,AM4,DDR4,,
Motherboard,ASUS PRO-LGA1200 v427,1611,1533,LGA1200,DDR4,,
Motherboard,Gigabyte PRO-LGA1851 v428,1905,1600,LGA1851,DDR5,,
Motherboard,Gigabyte PRO-AM5 v429,1981,1718,AM5,DDR5,,
Motherboard,MSI PRO-AM4 v430,1517,1456,AM4,DDR5,,
Motherboard,ASRock PRO-LGA1851 v431,1921,2282,LGA1851,DDR5,,
Motherboard,ASUS PRO-AM5 v432,1671,1637,AM5,DDR5,,
Motherboard,Gigabyte PRO-LGA1200 v433,989,919,LGA1200,DDR5,,
Motherboard,ASUS PRO-LGA1200 v434,634,734,LGA1200,DDR4,,
Motherboard,Gigabyte PRO-AM4 v435,1390,1323,AM4,DDR5,,
Motherboard,ASUS PRO-LGA1851 v436,344,388,LGA1851,DDR5,,
Motherboard,ASRock PRO-AM4 v437,1862,1855,AM4,DDR5,,
Motherboard,Gigabyte PRO-LGA1200 v438,801,829,LGA1200,DDR4,,
Motherboard,MSI PRO-AM5 v439,751,678,AM5,DDR5,,
Motherboard,MSI PRO-LGA1700 v440,1345,1168,LGA1700,DDR5,,
Motherboard,MSI PRO-LGA1200 v441,1298,1503,LGA1200,DDR4,,
Motherboard,MSI PRO-LGA1200 v442,1782,2102,LGA1200,DDR5,,
Motherboard,ASRock PRO-LGA1700 v443,1297,1509,LGA1700,DDR4,,
Motherboard,MSI PRO-AM5 v444,455,387,AM5,DDR5,,
Motherboard,ASRock PRO-LGA1700 v445,1490,1660,LGA1700,DDR4,,
Motherboard,ASUS PRO-AM5 v446,1379,1109,AM5,DDR5,,
Motherboard,ASRock PRO-LGA1200 v447,1517,1715,LGA1200,DDR4,,
Motherboard,ASUS PRO-AM4 v448,1915,1597,AM4,DDR4,,
Motherboard,ASRock PRO-LGA1700 v449,1200,1241,LGA1700,DDR4,,
Motherboard,ASRock PRO-AM4 v450,695,561,AM4,DDR5,,
Motherboard,ASUS PRO-AM4 v451,1299,1335,AM4,DDR4,,
Motherboard,Gigabyte PRO-LGA1200 v452,1362,1271,LGA1200,DDR5,,
Motherboard,MSI PRO-LGA1200 v453,1463,1511,LGA1200,DDR5,,
Motherboard,ASUS PRO-AM4 v454,351,331,AM4,DDR5,,
Motherboard,ASUS PRO-LGA1851 v455,1895,1529,LGA1851,DDR5,,
Motherboard,ASRock PRO-LGA1700 v456,1503,1642,LGA1700,DDR5,,
Motherboard,Gigabyte PRO-LGA1200 v457,1655,1716,LGA1200,DDR5,,
Motherboard,Gigabyte PRO-LGA1700 v458,662,742,LGA1700,DDR4,,
Motherboard,ASRock PRO-AM4 v459,815,833,AM4,DDR5,,
Motherboard,ASUS PRO-AM5 v460,1167,971,AM5,DDR5,,
Motherboard,Gigabyte PRO-LGA1851 v461,913,837,LGA1851,DDR5,,
Motherboard,MSI PRO-LGA1851 v462,1094,1107,LGA1851,DDR5,,
Motherboard,ASRock PRO-LGA1200 v463,318,365,LGA1200,DDR4,,
Motherboard,ASRock PRO-LGA1200 v464,1928,1566,LGA1200,DDR5,,
Motherboard,ASUS PRO-AM4 v465,689,655,AM4,DDR5,,
Motherboard,Gigabyte PRO-AM4 v466,889,995,AM4,DDR4,,
Motherboard,ASUS PRO-LGA1200 v467,1666,1969,LGA1200,DDR4,,
Motherboard,MSI PRO-AM5 v468,1087,1095,AM5,DDR5,,
Motherboard,MSI PRO-AM5 v469,1996,1686,AM5,DDR5,,
Motherboard,ASUS PRO-AM5 v470,1187,1292,AM5,DDR5,,
Motherboard,ASUS PRO-AM5 v471,1625,1339,AM5,DDR5,,
Motherboard,ASUS PRO-AM5 v472,377,394,AM5,DDR5,,
Motherboard,ASUS PRO-AM5 v473,396,402,AM5,DDR5,,
Motherboard,ASRock PRO-AM4 v474,1300,1319,AM4,DDR5,,
Motherboard,ASRock PRO-LGA1851 v475,1909,1663,LGA1851,DDR5,,
Motherboard,ASRock PRO-AM5 v476,1377,1490,AM5,DDR5,,
Motherboard,ASUS PRO-AM5 v477,1140,1102,AM5,DDR5,,
Motherboard,Gigabyte PRO-LGA1200 v478,1589,1307,LGA1200,DDR4,,
Motherboard,MSI PRO-LGA1851 v479,533,469,LGA1851,DDR5,,
Motherboard,MSI PRO-AM4 v480,1968,2297,AM4,DDR4,,
Motherboard,ASRock PRO-AM4 v481,854,907,AM4,DDR4,,
Motherboard,Gigabyte PRO-LGA1700 v482,1120,1029,LGA1700,DDR4,,
Motherboard,MSI PRO-LGA1851 v483,1349,1297,LGA1851,DDR5,,
Motherboard,ASUS PRO-LGA1851 v484,1528,1719,LGA1851,DDR5,,
Motherboard,ASUS PRO-LGA1851 v485,600,710,LGA1851,DDR5,,
Motherboard,Gigabyte PRO-LGA1200 v486,890,880,LGA1200,DDR5,,
Motherboard,ASUS PRO-AM5 v487,1900,2068,AM5,DDR5,,
Motherboard,Gigabyte PRO-AM4 v488,1853,1661,AM4,DDR4,,
Motherboard,ASUS PRO-LGA1851 v489,1279,1358,LGA1851,DDR5,,
Motherboard,MSI PRO-LGA1851 v490,1623,1765,LGA1851,DDR5,,
Motherboard,ASUS PRO-LGA1200 v491,1311,1171,LGA1200,DDR5,,
Motherboard,Gigabyte PRO-LGA1851 v492,918,863,LGA1851,DDR5,,
Motherboard,ASUS PRO-LGA1700 v493,726,786,LGA1700,DDR4,,
Motherboard,ASUS PRO-LGA1700 v494,1631,1562,LGA1700,DDR4,,
Motherboard,ASUS PRO-AM4 v495,1292,1464,AM4,DDR5,,
Motherboard,ASRock PRO-LGA1851 v496,1656,1687,LGA1851,DDR5,,
Motherboard,ASRock PRO-LGA1200 v497,1667,1923,LGA1200,DDR4,,
Motherboard,ASRock PRO-LGA1200 v498,1011,897,LGA1200,DDR4,,
Motherboard,Gigabyte PRO-LGA1851 v499,1897,1935,LGA1851,DDR5,,
Motherboard,ASUS PRO-LGA1700 v500,1754,1699,LGA1700,DDR4,,
Motherboard,ASRock PRO-LGA1700 v501,1188,1140,LGA1700,DDR4,,
Motherboard,MSI PRO-AM5 v502,1906,1626,AM5,DDR5,,
Motherboard,MSI PRO-AM5 v503,444,388,AM5,DDR5,,
Motherboard,ASUS PRO-LGA1851 v504,821,797,LGA1851,DDR5,,
Motherboard,Gigabyte PRO-LGA1851 v505,1666,1570,LGA1851,DDR5,,
Motherboard,Gigabyte PRO-AM5 v506,1946,1627,AM5,DDR5,,
Motherboard,MSI PRO-LGA1700 v507,1096,1283,LGA1700,DDR4,,
Motherboard,MSI PRO-LGA1200 v508,771,774,LGA1200,DDR5,,
Motherboard,MSI PRO-LGA1851 v509,869,740,LGA1851,DDR5,,
Motherboard,Gigabyte PRO-LGA1700 v510,1891,1969,LGA1700,DDR5,,
Motherboard,Gigabyte PRO-LGA1700 v511,1946,1711,LGA1700,DDR5,,
Motherboard,Gigabyte PRO-AM4 v512,830,734,AM4,DDR4,,
Motherboard,ASRock PRO-LGA1700 v513,409,481,LGA1700,DDR5,,
Motherboard,MSI PRO-LGA1851 v514,1891,1879,LGA1851,DDR5,,
Motherboard,ASRock PRO-LGA1200 v515,1919,2020,LGA1200,DDR5,,
Motherboard,ASUS PRO-AM4 v516,1435,1297,AM4,DDR4,,
Motherboard,MSI PRO-LGA1700 v517,1431,1654,LGA1700,DDR4,,
Motherboard,MSI PRO-LGA1200 v518,1518,1503,LGA1200,DDR4,,
Motherboard,ASUS PRO-LGA1851 v519,1589,1305,LGA1851,DDR5,,
Motherboard,ASRock PRO-LGA1851 v520,605,720,LGA1851,DDR5,,
Motherboard,ASUS PRO-AM4 v521,990,912,AM4,DDR5,,
Motherboard,MSI PRO-LGA1851 v522,776,808,LGA1851,DDR5,,
Motherboard,MSI PRO-AM5 v523,1249,1421,AM5,DDR5,,
Motherboard,ASRock PRO-LGA1700 v524,1681,1504,LGA1700,DDR5,,
Motherboard,ASUS PRO-AM4 v525,842,852,AM4,DDR4,,
Motherboard,Gigabyte PRO-AM5 v526,1598,1809,AM5,DDR5,,
Motherboard,Gigabyte PRO-AM5 v527,813,885,AM5,DDR5,,
Motherboard,ASRock PRO-LGA1700 v528,398,333,LGA1700,DDR4,,
Motherboard,ASRock PRO-AM4 v529,752,639,AM4,DDR5,,
Motherboard,MSI PRO-AM5 v530,714,716,AM5,DDR5,,
Motherboard,ASRock PRO-LGA1851 v531,385,334,LGA1851,DDR5,,
Motherboard,MSI PRO-LGA1200 v532,1914,2167,LGA1200,DDR5,,
Motherboard,MSI PRO-LGA1200 v533,1403,1560,LGA1200,DDR4,,
Motherboard,MSI PRO-LGA1200 v534,1047,1245,LGA1200,DDR4,,
Motherboard,MSI PRO-LGA1200 v535,1371,1601,LGA1200,DDR5,,
Motherboard,ASUS PRO-AM5 v536,1457,1695,AM5,DDR5,,
Motherboard,MSI PRO-LGA1851 v537,578,550,LGA1851,DDR5,,
Motherboard,MSI PRO-AM4 v538,1227,1088,AM4,DDR4,,
Motherboard,Gigabyte PRO-AM5 v539,1805,1603,AM5,DDR5,,
Motherboard,ASRock PRO-AM5 v540,845,941,AM5,DDR5,,
Motherboard,ASUS PRO-AM5 v541,1465,1558,AM5,DDR5,,
Motherboard,ASRock PRO-LGA1700 v542,888,801,LGA1700,DDR5,,
Motherboard,ASUS PRO-LGA1200 v543,1407,1460,LGA1200,DDR5,,
Motherboard,MSI PRO-AM4 v544,1919,2014,AM4,DDR4,,
Motherboard,MSI PRO-LGA1700 v545,660,663,LGA1700,DDR5,,
Motherboard,ASUS PRO-LGA1851 v546,539,641,LGA1851,DDR5,,
Motherboard,MSI PRO-LGA1851 v547,625,683,LGA1851,DDR5,,
Motherboard,Gigabyte PRO-LGA1200 v548,343,308,LGA1200,DDR4,,
Motherboard,MSI PRO-LGA1200 v549,326,387,LGA1200,DDR4,,
Motherboard,MSI PRO-LGA1200 v550,1372,1327,LGA1200,DDR4,,
Motherboard,ASUS PRO-LGA1200 v551,484,553,LGA1200,DDR4,,
Motherboard,ASRock PRO-AM5 v552,1858,2009,AM5,DDR5,,
Motherboard,Gigabyte PRO-LGA1851 v553,1280,1082,LGA1851,DDR5,,
Motherboard,ASUS PRO-LGA1200 v554,1728,1858,LGA1200,DDR4,,
Motherboard,Gigabyte PRO-LGA1700 v555,1033,1181,LGA1700,DDR4,,
Motherboard,ASRock PRO-LGA1700 v556,465,490,LGA1700,DDR4,,
Motherboard,Gigabyte PRO-LGA1851 v557,683,647,LGA1851,DDR5,,
Motherboard,Gigabyte PRO-LGA1700 v558,1547,1361,LGA1700,DDR4,,
Motherboard,Gigabyte PRO-LGA1851 v559,1317,1479,LGA1851,DDR5,,
Motherboard,ASUS PRO-LGA1851 v560,1628,1695,LGA1851,DDR5,,
Motherboard,ASRock PRO-AM4 v561,1199,1007,AM4,DDR4,,
Motherboard,ASRock PRO-LGA1700 v562,1969,1850,LGA1700,DDR4,,
Motherboard,ASUS PRO-AM5 v563,1686,1946,AM5,DDR5,,
Motherboard,ASRock PRO-LGA1700 v564,1386,1112,LGA1700,DDR4,,
Motherboard,MSI PRO-LGA1700 v565,1222,1408,LGA1700,DDR4,,
Motherboard,ASRock PRO-LGA1700 v566,1188,1070,LGA1700,DDR4,,
Motherboard,MSI PRO-LGA1700 v567,422,443,LGA1700,DDR4,,
Motherboard,MSI PRO-LGA1200 v568,1332,1079,LGA1200,DDR4,,
Motherboard,ASUS PRO-LGA1200 v569,345,354,LGA1200,DDR4,,
Motherboard,MSI PRO-LGA1851 v570,1518,1647,LGA1851,DDR5,,
Motherboard,Gigabyte PRO-AM5 v571,1033,855,AM5,DDR5,,
Motherboard,Gigabyte PRO-LGA1700 v572,1389,1432,LGA1700,DDR4,,
Motherboard,MSI PRO-LGA1200 v573,502,459,LGA1200,DDR5,,
Motherboard,ASRock PRO-LGA1200 v574,521,448,LGA1200,DDR4,,
Motherboard,ASRock PRO-AM5 v575,465,402,AM5,DDR5,,
Motherboard,MSI PRO-AM4 v576,548,558,AM4,DDR4,,
Motherboard,Gigabyte PRO-AM5 v577,385,396,AM5,DDR5,,
Motherboard,ASUS PRO-LGA1700 v578,1809,2047,LGA1700,DDR5,,
Motherboard,ASRock PRO-LGA1700 v579,1931,2275,LGA1700,DDR4,,
Motherboard,Gigabyte PRO-LGA1851 v580,794,838,LGA1851,DDR5,,
Motherboard,ASUS PRO-LGA1700 v581,1809,1868,LGA1700,DDR4,,
Motherboard,ASRock PRO-AM4 v582,557,538,AM4,DDR5,,
Motherboard,Gigabyte PRO-AM5 v583,1145,1345,AM5,DDR5,,
Motherboard,MSI PRO-LGA1200 v584,1885,1705,LGA1200,DDR4,,
Motherboard,MSI PRO-LGA1200 v585,1026,1091,LGA1200,DDR5,,
Motherboard,Gigabyte PRO-LGA1700 v586,1786,1474,LGA1700,DDR4,,
Motherboard,Gigabyte PRO-LGA1200 v587,1237,1056,LGA1200,DDR4,,
Motherboard,ASRock PRO-LGA1851 v588,1856,1728,LGA1851,DDR5,,
Motherboard,ASUS PRO-LGA1200 v589,1551,1356,LGA1200,DDR4,,
Motherboard,ASUS PRO-LGA1700 v590,745,662,LGA1700,DDR5,,
Motherboard,ASUS PRO-LGA1200 v591,1941,2104,LGA1200,DDR5,,
Motherboard,ASUS PRO-AM4 v592,1391,1446,AM4,DDR5,,
Motherboard,Gigabyte PRO-LGA1200 v593,1632,1694,LGA1200,DDR4,,
Motherboard,MSI PRO-LGA1851 v594,1064,930,LGA1851,DDR5,,
Motherboard,ASRock PRO-LGA1851 v595,1862,1666,LGA1851,DDR5,,
Motherboard,ASRock PRO-LGA1200 v596,1249,1136,LGA1200,DDR5,,
Motherboard,ASRock PRO-LGA1700 v597,669,632,LGA1700,DDR5,,
Motherboard,Gigabyte PRO-AM5 v598,767,752,AM5,DDR5,,
Motherboard,ASRock PRO-LGA1200 v599,382,449,LGA1200,DDR4,,
Motherboard,MSI PRO-AM4 v600,1484,1395,AM4,DDR4,,
Motherboard,MSI PRO-LGA1200 v601,1203,1305,LGA1200,DDR5,,
Motherboard,ASUS PRO-AM4 v602,1696,1934,AM4,DDR5,,
Motherboard,Gigabyte PRO-LGA1200 v603,1465,1304,LGA1200,DDR4,,
Motherboard,MSI PRO-AM4 v604,1200,1063,AM4,DDR5,,
Motherboard,Gigabyte PRO-AM5 v605,684,567,AM5,DDR5,,
Motherboard,MSI PRO-AM5 v606,1745,1675,AM5,DDR5,,
Motherboard,ASUS PRO-AM5 v607,1580,1674,AM5,DDR5,,
Motherboard,ASRock PRO-LGA1851 v608,1293,1143,LGA1851,DDR5,,
Motherboard,Gigabyte PRO-LGA1851 v609,546,576,LGA1851,DDR5,,
Motherboard,MSI PRO-LGA1200 v610,698,800,LGA1200,DDR4,,
Motherboard,MSI PRO-LGA1851 v611,1229,1039,LGA1851,DDR5,,
Motherboard,Gigabyte PRO-LGA1200 v612,1411,1256,LGA1200,DDR5,,
Motherboard,ASRock PRO-LGA1700 v613,720,732,LGA1700,DDR5,,
Motherboard,ASRock PRO-LGA1851 v614,1246,1134,LGA1851,DDR5,,
Motherboard,Gigabyte PRO-LGA1700 v615,735,870,LGA1700,DDR5,,
Motherboard,Gigabyte PRO-LGA1851 v616,722,847,LGA1851,DDR5,,
Motherboard,ASUS PRO-LGA1200 v617,865,983,LGA1200,DDR4,,
Motherboard,ASUS PRO-LGA1700 v618,423,434,LGA1700,DDR4,,
Motherboard,Gigabyte PRO-AM4 v619,1068,1127,AM4,DDR5,,
Motherboard,MSI PRO-AM4 v620,1093,1003,AM4,DDR5,,
Motherboard,MSI PRO-LGA1700 v621,1841,2051,LGA1700,DDR5,,
Motherboard,ASRock PRO-LGA1851 v622,564,455,LGA1851,DDR5,,
Motherboard,ASUS PRO-LGA1200 v623,1423,1338,LGA1200,DDR4,,
Motherboard,ASUS PRO-AM5 v624,962,809,AM5,DDR5,,
Motherboard,ASRock PRO-AM5 v625,679,695,AM5,DDR5,,
Motherboard,ASRock PRO-LGA1200 v626,541,645,LGA1200,DDR5,,
Motherboard,ASUS PRO-LGA1851 v627,1066,938,LGA1851,DDR5,,
Motherboard,MSI PRO-LGA1200 v628,592,614,LGA1200,DDR4,,
Motherboard,ASRock PRO-LGA1851 v629,378,349,LGA1851,DDR5,,
Motherboard,ASUS PRO-LGA1700 v630,1059,1020,LGA1700,DDR5,,
Motherboard,Gigabyte PRO-LGA1200 v631,533,499,LGA1200,DDR5,,
Motherboard,ASUS PRO-AM5 v632,368,366,AM5,DDR5,,
Motherboard,Gigabyte PRO-AM5 v633,1035,835,AM5,DDR5,,
Motherboard,ASRock PRO-AM5 v634,486,548,AM5,DDR5,,
Motherboard,ASRock PRO-LGA1700 v635,1677,2004,LGA1700,DDR4,,
Motherboard,ASRock PRO-AM4 v636,925,880,AM4,DDR4,,
Motherboard,ASUS PRO-LGA1700 v637,1436,1429,LGA1700,DDR5,,
Motherboard,ASUS PRO-LGA1200 v638,396,378,LGA1200,DDR4,,
Motherboard,ASRock PRO-LGA1851 v639,832,695,LGA1851,DDR5,,
Motherboard,ASUS PRO-LGA1851 v640,919,873,LGA1851,DDR5,,
Motherboard,MSI PRO-LGA1200 v641,1986,1987,LGA1200,DDR5,,
Motherboard,ASUS PRO-LGA1851 v642,1834,1803,LGA1851,DDR5,,
Motherboard,ASRock PRO-AM5 v643,1965,1629,AM5,DDR5,,
Motherboard,ASUS PRO-LGA1700 v644,1773,1477,LGA1700,DDR5,,
Motherboard,Gigabyte PRO-AM4 v645,1321,1209,AM4,DDR5,,
Motherboard,Gigabyte PRO-AM4 v646,633,694,AM4,DDR4,,
Motherboard,ASRock PRO-LGA1700 v647,1897,1691,LGA1700,DDR5,,
Motherboard,ASRock PRO-AM4 v648,1838,2034,AM4,DDR5,,
Motherboard,MSI PRO-AM4 v649,1708,1500,AM4,DDR5,,
Motherboard,MSI PRO-AM5 v650,947,873,AM5,DDR5,,
Motherboard,ASRock PRO-LGA1200 v651,1260,1167,LGA1200,DDR4,,
Motherboard,MSI PRO-LGA1851 v652,1179,1316,LGA1851,DDR5,,
Motherboard,ASRock PRO-LGA1851 v653,1442,1660,LGA1851,DDR5,,
Motherboard,Gigabyte PRO-AM4 v654,1251,1327,AM4,DDR5,,
Motherboard,ASRock PRO-LGA1851 v655,1223,1363,LGA1851,DDR5,,
Motherboard,ASRock PRO-AM4 v656,1101,1150,AM4,DDR4,,
Motherboard,ASUS PRO-LGA1700 v657,1009,1207,LGA1700,DDR4,,
Motherboard,MSI PRO-LGA1851 v658,1168,1065,LGA1851,DDR5,,
Motherboard,MSI PRO-LGA1700 v659,1045,1040,LGA1700,DDR5,,
Motherboard,ASRock PRO-LGA1700 v660,1086,1234,LGA1700,DDR4,,
Motherboard,MSI PRO-AM5 v661,988,876,AM5,DDR5,,
Motherboard,ASRock PRO-LGA1700 v662,1002,1076,LGA1700,DDR5,,
Motherboard,MSI PRO-AM4 v663,523,534,AM4,DDR4,,
Motherboard,ASUS PRO-AM5 v664,1839,1975,AM5,DDR5,,
Motherboard,Gigabyte PRO-LGA1200 v665,1852,1782,LGA1200,DDR5,,
Motherboard,Gigabyte PRO-AM5 v666,1905,1951,AM5,DDR5,,
Motherboard,Gigabyte PRO-LGA1700 v667,1927,2018,LGA1700,DDR4,,
Motherboard,ASUS PRO-AM5 v668,440,387,AM5,DDR5,,
Motherboard,ASRock PRO-AM4 v669,1480,1678,AM4,DDR5,,
Motherboard,ASRock PRO-LGA1200 v670,1160,1008,LGA1200,DDR4,,
Motherboard,Gigabyte PRO-AM4 v671,1467,1197,AM4,DDR4,,
Motherboard,ASUS PRO-LGA1200 v672,1698,1453,LGA1200,DDR4,,
Motherboard,Gigabyte PRO-AM5 v673,1538,1839,AM5,DDR5,,
Motherboard,Gigabyte PRO-LGA1700 v674,1944,1736,LGA1700,DDR4,,
Motherboard,ASRock PRO-LGA1200 v675,1658,1966,LGA1200,DDR5,,
Motherboard,MSI PRO-LGA1200 v676,590,513,LGA1200,DDR5,,
Motherboard,ASUS PRO-LGA1700 v677,1958,2243,LGA1700,DDR4,,
Motherboard,ASUS PRO-AM4 v678,1109,1116,AM4,DDR5,,
Motherboard,Gigabyte PRO-LGA1851 v679,935,911,LGA1851,DDR5,,
Motherboard,ASRock PRO-LGA1851 v680,580,589,LGA1851,DDR5,,
Motherboard,ASUS PRO-LGA1700 v681,1624,1580,LGA1700,DDR4,,
Motherboard,ASRock PRO-AM5 v682,474,497,AM5,DDR5,,
Motherboard,ASRock PRO-LGA1851 v683,403,351,LGA1851,DDR5,,
Motherboard,Gigabyte PRO-AM5 v684,1131,1108,AM5,DDR5,,
Motherboard,ASUS PRO-LGA1851 v685,1214,1248,LGA1851,DDR5,,
Motherboard,MSI PRO-AM4 v686,454,451,AM4,DDR4,,
Motherboard,Gigabyte PRO-LGA1700 v687,901,823,LGA1700,DDR4,,
Motherboard,ASRock PRO-AM4 v688,1997,1972,AM4,DDR5,,
Motherboard,MSI PRO-AM4 v689,705,606,AM4,DDR4,,
Motherboard,ASRock PRO-AM5 v690,1845,1521,AM5,DDR5,,
Motherboard,ASRock PRO-LGA1200 v691,413,408,LGA1200,DDR4,,
Motherboard,ASUS PRO-LGA1700 v692,1707,1898,LGA1700,DDR4,,
Motherboard,Gigabyte PRO-AM5 v693,1836,2172,AM5,DDR5,,
Motherboard,Gigabyte PRO-AM5 v694,553,509,AM5,DDR5,,
Motherboard,ASUS PRO-LGA1200 v695,503,507,LGA1200,DDR4,,
Motherboard,Gigabyte PRO-LGA1851 v696,1513,1680,LGA1851,DDR5,,
Motherboard,MSI PRO-LGA1200 v697,1841,1721,LGA1200,DDR5,,
Motherboard,ASRock PRO-LGA1851 v698,891,782,LGA1851,DDR5,,
Motherboard,ASRock PRO-AM5 v699,1852,2160,AM5,DDR5,,
Motherboard,ASUS PRO-AM5 v700,1884,1764,AM5,DDR5,,
Motherboard,ASUS PRO-LGA1851 v701,909,1045,LGA1851,DDR5,,
Motherboard,Gigabyte PRO-AM4 v702,1708,1681,AM4,DDR4,,
Motherboard,Gigabyte PRO-LGA1851 v703,1171,1077,LGA1851,DDR5,,
Motherboard,ASRock PRO-LGA1851 v704,1793,1529,LGA1851,DDR5,,
Motherboard,MSI PRO-LGA1851 v705,967,941,LGA1851,DDR5,,
Motherboard,MSI PRO-LGA1700 v706,1720,1689,LGA1700,DDR5,,
Motherboard,Gigabyte PRO-LGA1700 v707,1268,1247,LGA1700,DDR5,,
Motherboard,Gigabyte PRO-LGA1200 v708,993,858,LGA1200,DDR5,,
Motherboard,ASUS PRO-AM4 v709,1234,1064,AM4,DDR5,,
Motherboard,Gigabyte PRO-AM4 v710,595,648,AM4,DDR4,,
Motherboard,ASRock PRO-LGA1851 v711,459,419,LGA1851,DDR5,,
Motherboard,MSI PRO-LGA1851 v712,1479,1322,LGA1851,DDR5,,
Motherboard,ASRock PRO-LGA1200 v713,1844,2084,LGA1200,DDR5,,
Motherboard,ASRock PRO-AM4 v714,1559,1820,AM4,DDR4,,
Motherboard,ASRock PRO-LGA1200 v715,1224,1105,LGA1200,DDR4,,
Motherboard,MSI PRO-LGA1700 v716,1312,1485,LGA1700,DDR4,,
Motherboard,ASRock PRO-LGA1851 v717,1960,1687,LGA1851,DDR5,,
Motherboard,ASUS PRO-LGA1700 v718,1715,1818,LGA1700,DDR4,,
Motherboard,Gigabyte PRO-AM4 v719,1692,1550,AM4,DDR5,,
Motherboard,ASRock PRO-LGA1851 v720,1850,1792,LGA1851,DDR5,,
Motherboard,ASRock PRO-LGA1700 v721,1832,1631,LGA1700,DDR4,,
Motherboard,ASRock PRO-LGA1851 v722,1845,1962,LGA1851,DDR5,,
Motherboard,Gigabyte PRO-LGA1851 v723,1141,987,LGA1851,DDR5,,
Motherboard,ASUS PRO-LGA1851 v724,403,442,LGA1851,DDR5,,
Motherboard,MSI PRO-LGA1851 v725,1903,1722,LGA1851,DDR5,,
Motherboard,ASUS PRO-LGA1700 v726,1713,1642,LGA1700,DDR5,,
Motherboard,Gigabyte PRO-LGA1851 v727,502,572,LGA1851,DDR5,,
Motherboard,ASUS PRO-LGA1700 v728,325,347,LGA1700,DDR5,,
Motherboard,ASUS PRO-LGA1851 v729,361,345,LGA1851,DDR5,,
Motherboard,MSI PRO-LGA1700 v730,811,837,LGA1700,DDR4,,
Motherboard,ASRock PRO-LGA1200 v731,1081,977,LGA1200,DDR4,,
Motherboard,ASUS PRO-LGA1851 v732,1211,1437,LGA1851,DDR5,,
Motherboard,ASRock PRO-LGA1200 v733,737,817,LGA1200,DDR4,,
Motherboard,ASUS PRO-LGA1200 v734,689,563,LGA1200,DDR5,,
Motherboard,ASRock PRO-LGA1851 v735,1010,933,LGA1851,DDR5,,
Motherboard,ASRock PRO-LGA1700 v736,1941,2279,LGA1700,DDR5,,
Motherboard,ASRock PRO-LGA1851 v737,1778,1976,LGA1851,DDR5,,
Motherboard,ASRock PRO-AM5 v738,1687,1512,AM5,DDR5,,
Motherboard,ASRock PRO-LGA1200 v739,784,934,LGA1200,DDR5,,
Motherboard,ASUS PRO-LGA1700 v740,515,436,LGA1700,DDR5,,
Motherboard,ASUS PRO-AM5 v741,1616,1703,AM5,DDR5,,
Motherboard,ASUS PRO-AM5 v742,1992,1652,AM5,DDR5,,
Motherboard,ASRock PRO-AM5 v743,1615,1429,AM5,DDR5,,
Motherboard,ASRock PRO-AM4 v744,638,664,AM4,DDR4,,
Motherboard,Gigabyte PRO-LGA1700 v745,1171,1107,LGA1700,DDR4,,
Motherboard,MSI PRO-LGA1851 v746,933,782,LGA1851,DDR5,,
Motherboard,ASUS PRO-LGA1200 v747,1637,1355,LGA1200,DDR5,,
Motherboard,ASUS PRO-LGA1200 v748,1111,1219,LGA1200,DDR4,,
Motherboard,MSI PRO-LGA1700 v749,347,280,LGA1700,DDR4,,
Motherboard,Gigabyte PRO-LGA1200 v750,965,1000,LGA1200,DDR5,,
Motherboard,Gigabyte PRO-LGA1700 v751,563,532,LGA1700,DDR4,,
Motherboard,MSI PRO-LGA1200 v752,1248,1406,LGA1200,DDR4,,
Motherboard,ASUS PRO-AM4 v753,921,832,AM4,DDR5,,
Motherboard,Gigabyte PRO-AM4 v754,1914,1852,AM4,DDR5,,
Motherboard,MSI PRO-AM4 v755,1074,1069,AM4,DDR5,,
Motherboard,Gigabyte PRO-AM4 v756,987,959,AM4,DDR4,,
Motherboard,ASUS PRO-AM5 v757,1096,964,AM5,DDR5,,
Motherboard,ASUS PRO-LGA1851 v758,1228,1427,LGA1851,DDR5,,
Motherboard,MSI PRO-LGA1200 v759,723,766,LGA1200,DDR5,,
Motherboard,MSI PRO-LGA1200 v760,1182,1171,LGA1200,DDR5,,
Motherboard,ASRock PRO-AM4 v761,310,272,AM4,DDR4,,
Motherboard,ASUS PRO-AM4 v762,313,374,AM4,DDR5,,
Motherboard,MSI PRO-LGA1200 v763,1326,1142,LGA1200,DDR5,,
Motherboard,Gigabyte PRO-LGA1851 v764,341,371,LGA1851,DDR5,,
Motherboard,ASRock PRO-LGA1200 v765,1949,2238,LGA1200,DDR4,,
Motherboard,MSI PRO-LGA1851 v766,1613,1440,LGA1851,DDR5,,
Motherboard,MSI PRO-AM4 v767,1710,1432,AM4,DDR5,,
Motherboard,MSI PRO-AM4 v768,408,411,AM4,DDR4,,
Motherboard,ASRock PRO-AM4 v769,688,693,AM4,DDR5,,
Motherboard,MSI PRO-LGA1851 v770,1676,1542,LGA1851,DDR5,,
Motherboard,MSI PRO-AM5 v771,1386,1442,AM5,DDR5,,
Motherboard,MSI PRO-LGA1200 v772,1532,1304,LGA1200,DDR5,,
Motherboard,ASRock PRO-LGA1700 v773,1323,1481,LGA1700,DDR4,,
Motherboard,MSI PRO-AM5 v774,1935,1619,AM5,DDR5,,
Motherboard,ASUS PRO-LGA1851 v775,1990,1671,LGA1851,DDR5,,
Motherboard,MSI PRO-LGA1851 v776,883,808,LGA1851,DDR5,,
Motherboard,ASRock PRO-LGA1700 v777,849,931,LGA1700,DDR5,,
Motherboard,ASUS PRO-LGA1700 v778,364,376,LGA1700,DDR4,,
Motherboard,ASUS PRO-LGA1700 v779,1509,1526,LGA1700,DDR5,,
Motherboard,ASRock PRO-AM4 v780,1076,873,AM4,DDR4,,
Motherboard,ASUS PRO-LGA1851 v781,1272,1241,LGA1851,DDR5,,
Motherboard,Gigabyte PRO-AM4 v782,428,365,AM4,DDR4,,
Motherboard,ASUS PRO-LGA1700 v783,1351,1281,LGA1700,DDR4,,
Motherboard,ASUS PRO-LGA1851 v784,1677,1579,LGA1851,DDR5,,
Motherboard,ASRock PRO-LGA1851 v785,1995,1864,LGA1851,DDR5,,
Motherboard,Gigabyte PRO-AM4 v786,940,769,AM4,DDR5,,
Motherboard,ASRock PRO-LGA1851 v787,1052,1072,LGA1851,DDR5,,
Motherboard,MSI PRO-AM4 v788,1409,1539,AM4,DDR5,,
Motherboard,ASRock PRO-AM5 v789,1282,1191,AM5,DDR5,,
Motherboard,ASUS PRO-AM5 v790,1528,1276,AM5,DDR5,,
Motherboard,ASRock PRO-LGA1851 v791,447,469,LGA1851,DDR5,,
Motherboard,ASRock PRO-AM5 v792,1953,1587,AM5,DDR5,,
Motherboard,MSI PRO-LGA1700 v793,1266,1055,LGA1700,DDR5,,
Motherboard,MSI PRO-AM5 v794,640,534,AM5,DDR5,,
Motherboard,ASRock PRO-AM5 v795,1364,1580,AM5,DDR5,,
Motherboard,ASRock PRO-LGA1200 v796,1304,1157,LGA1200,DDR5,,
Motherboard,ASUS PRO-LGA1851 v797,1559,1600,LGA1851,DDR5,,
Motherboard,ASUS PRO-LGA1700 v798,847,962,LGA1700,DDR4,,
Motherboard,MSI PRO-LGA1851 v799,1911,2192,LGA1851,DDR5,,
Motherboard,ASRock PRO-LGA1200 v800,918,827,LGA1200,DDR4,,
Motherboard,ASRock PRO-LGA1200 v801,1007,1051,LGA1200,DDR4,,
Motherboard,ASRock PRO-LGA1851 v802,862,1026,LGA1851,DDR5,,
Motherboard,ASUS PRO-AM5 v803,576,550,AM5,DDR5,,
Motherboard,ASUS PRO-LGA1851 v804,1082,1022,LGA1851,DDR5,,
Motherboard,ASRock PRO-AM4 v805,378,319,AM4,DDR4,,
Motherboard,Gigabyte PRO-AM5 v806,817,980,AM5,DDR5,,
Motherboard,MSI PRO-LGA1851 v807,956,1047,LGA1851,DDR5,,
Motherboard,ASUS PRO-LGA1200 v808,345,397,LGA1200,DDR5,,
Motherboard,Gigabyte PRO-LGA1200 v809,1360,1479,LGA1200,DDR5,,
Motherboard,ASRock PRO-AM4 v810,1559,1542,AM4,DDR4,,
Motherboard,ASRock PRO-LGA1200 v811,1825,1923,LGA1200,DDR5,,
Motherboard,ASUS PRO-AM5 v812,1191,1018,AM5,DDR5,,
Motherboard,ASRock PRO-AM4 v813,1585,1728,AM4,DDR4,,
Motherboard,MSI PRO-LGA1851 v814,1957,2221,LGA1851,DDR5,,
Motherboard,ASRock PRO-LGA1700 v815,1970,2049,LGA1700,DDR5,,
Motherboard,Gigabyte PRO-AM4 v816,1528,1631,AM4,DDR5,,
Motherboard,ASUS PRO-AM5 v817,1696,1683,AM5,DDR5,,
Motherboard,MSI PRO-AM5 v818,926,879,AM5,DDR5,,
Motherboard,MSI PRO-AM4 v819,967,857,AM4,DDR4,,
Motherboard,MSI PRO-LGA1851 v820,603,486,LGA1851,DDR5,,
Motherboard,MSI PRO-AM4 v821,671,775,AM4,DDR4,,
Motherboard,MSI PRO-AM5 v822,928,857,AM5,DDR5,,
Motherboard,ASRock PRO-LGA1851 v823,1727,1398,LGA1851,DDR5,,
Motherboard,MSI PRO-LGA1200 v824,1776,1697,LGA1200,DDR4,,
Motherboard,ASRock PRO-LGA1700 v825,1979,2106,LGA1700,DDR5,,
Motherboard,ASRock PRO-AM4 v826,1198,1422,AM4,DDR5,,
Motherboard,ASUS PRO-LGA1200 v827,464,471,LGA1200,DDR4,,
Motherboard,MSI PRO-LGA1851 v828,1893,2050,LGA1851,DDR5,,
Motherboard,MSI PRO-LGA1700 v829,1023,906,LGA1700,DDR5,,
Motherboard,MSI PRO-LGA1851 v830,976,870,LGA1851,DDR5,,
Motherboard,ASRock PRO-AM5 v831,1492,1432,AM5,DDR5,,
Motherboard,Gigabyte PRO-LGA1700 v832,1175,1300,LGA1700,DDR5,,
Motherboard,ASRock PRO-AM4 v833,423,375,AM4,DDR5,,
Motherboard,Gigabyte PRO-AM5 v834,1551,1763,AM5,DDR5,,
Motherboard,MSI PRO-LGA1851 v835,836,953,LGA1851,DDR5,,
Motherboard,ASRock PRO-LGA1851 v836,1543,1250,LGA1851,DDR5,,
Motherboard,ASUS PRO-AM5 v837,1762,1675,AM5,DDR5,,
Motherboard,Gigabyte PRO-AM5 v838,687,776,AM5,DDR5,,
Motherboard,ASUS PRO-LGA1200 v839,636,641,LGA1200,DDR5,,
Motherboard,ASRock PRO-LGA1851 v840,868,810,LGA1851,DDR5,,
Motherboard,Gigabyte PRO-AM4 v841,1947,1767,AM4,DDR4,,
Motherboard,ASUS PRO-AM4 v842,1078,900,AM4,DDR4,,
Motherboard,ASRock PRO-AM4 v843,1916,2121,AM4,DDR4,,
Motherboard,Gigabyte PRO-LGA1851 v844,1767,1622,LGA1851,DDR5,,
Motherboard,ASRock PRO-LGA1200 v845,1114,1104,LGA1200,DDR4,,
Motherboard,Gigabyte PRO-AM5 v846,767,644,AM5,DDR5,,
Motherboard,MSI PRO-LGA1851 v847,809,906,LGA1851,DDR5,,
Motherboard,Gigabyte PRO-AM4 v848,1915,1951,AM4,DDR4,,
Motherboard,ASUS PRO-LGA1700 v849,838,721,LGA1700,DDR5,,
Motherboard,MSI PRO-AM4 v850,1177,1356,AM4,DDR5,,
Motherboard,Gigabyte PRO-LGA1200 v851,643,711,LGA1200,DDR4,,
Motherboard,ASUS PRO-AM5 v852,1530,1461,AM5,DDR5,,
Motherboard,ASRock PRO-LGA1700 v853,426,432,LGA1700,DDR4,,
Motherboard,MSI PRO-LGA1200 v854,1914,1661,LGA1200,DDR5,,
Motherboard,Gigabyte PRO-AM5 v855,442,394,AM5,DDR5,,
Motherboard,ASRock PRO-LGA1851 v856,821,825,LGA1851,DDR5,,
Motherboard,ASUS PRO-AM4 v857,661,769,AM4,DDR4,,
Motherboard,ASRock PRO-LGA1851 v858,1725,1548,LGA1851,DDR5,,
Motherboard,ASRock PRO-AM5 v859,1740,1914,AM5,DDR5,,
Motherboard,MSI PRO-AM4 v860,1351,1568,AM4,DDR4,,
Motherboard,ASRock PRO-LGA1700 v861,1455,1379,LGA1700,DDR4,,
Motherboard,MSI PRO-LGA1851 v862,1988,2308,LGA1851,DDR5,,
Motherboard,Gigabyte PRO-AM4 v863,774,624,AM4,DDR4,,
Motherboard,ASUS PRO-AM5 v864,749,859,AM5,DDR5,,
Motherboard,ASUS PRO-AM4 v865,1722,1903,AM4,DDR5,,
Motherboard,ASRock PRO-AM5 v866,781,841,AM5,DDR5,,
Motherboard,Gigabyte PRO-LGA1200 v867,1360,1622,LGA1200,DDR5,,
Motherboard,ASRock PRO-AM4 v868,608,590,AM4,DDR5,,
Motherboard,ASUS PRO-AM4 v869,558,653,AM4,DDR4,,
Motherboard,ASRock PRO-AM5 v870,588,693,AM5,DDR5,,
Motherboard,ASRock PRO-LGA1700 v871,462,544,LGA1700,DDR5,,
Motherboard,ASRock PRO-LGA1851 v872,1738,1832,LGA1851,DDR5,,
Motherboard,ASRock PRO-LGA1851 v873,1307,1096,LGA1851,DDR5,,
Motherboard,Gigabyte PRO-LGA1700 v874,928,1058,LGA1700,DDR4,,
Motherboard,MSI PRO-LGA1200 v875,538,530,LGA1200,DDR4,,
Motherboard,ASRock PRO-AM4 v876,558,559,AM4,DDR4,,
Motherboard,Gigabyte PRO-AM4 v877,1264,1107,AM4,DDR5,,
Motherboard,MSI PRO-AM4 v878,1024,856,AM4,DDR5,,
Motherboard,MSI PRO-LGA1200 v879,678,786,LGA1200,DDR4,,
Motherboard,ASRock PRO-LGA1200 v880,1322,1082,LGA1200,DDR5,,
Motherboard,Gigabyte PRO-AM5 v881,1586,1519,AM5,DDR5,,
Motherboard,MSI PRO-AM5 v882,1146,1098,AM5,DDR5,,
Motherboard,MSI PRO-AM4 v883,599,569,AM4,DDR4,,
Motherboard,MSI PRO-LGA1700 v884,410,391,LGA1700,DDR5,,
Motherboard,Gigabyte PRO-LGA1851 v885,1923,1694,LGA1851,DDR5,,
Motherboard,ASUS PRO-LGA1851 v886,1511,1728,LGA1851,DDR5,,
Motherboard,ASUS PRO-LGA1851 v887,1751,1516,LGA1851,DDR5,,
Motherboard,ASUS PRO-AM5 v888,638,518,AM5,DDR5,,
Motherboard,MSI PRO-LGA1700 v889,789,683,LGA1700,DDR4,,
Motherboard,MSI PRO-LGA1700 v890,1574,1644,LGA1700,DDR5,,
Motherboard,ASRock PRO-LGA1700 v891,1507,1470,LGA1700,DDR4,,
Motherboard,Gigabyte PRO-AM4 v892,1956,2194,AM4,DDR5,,
Motherboard,MSI PRO-LGA1200 v893,637,643,LGA1200,DDR5,,
Motherboard,Gigabyte PRO-AM4 v894,1822,1751,AM4,DDR4,,
Motherboard,MSI PRO-AM5 v895,1971,2280,AM5,DDR5,,
Motherboard,ASUS PRO-AM4 v896,919,986,AM4,DDR5,,
Motherboard,ASUS PRO-AM5 v897,1836,1885,AM5,DDR5,,
Motherboard,ASRock PRO-LGA1851 v898,1288,1086,LGA1851,DDR5,,
Motherboard,ASUS PRO-AM4 v899,1793,1675,AM4,DDR4,,
Motherboard,ASRock PRO-AM4 v900,1361,1099,AM4,DDR5,,
Motherboard,ASRock PRO-LGA1700 v901,568,459,LGA1700,DDR5,,
Motherboard,ASUS PRO-AM4 v902,1344,1253,AM4,DDR5,,
Motherboard,MSI PRO-LGA1851 v903,683,576,LGA1851,DDR5,,
Motherboard,MSI PRO-LGA1200 v904,401,369,LGA1200,DDR5,,
Motherboard,ASRock PRO-LGA1700 v905,514,518,LGA1700,DDR4,,
Motherboard,Gigabyte PRO-LGA1200 v906,1243,1419,LGA1200,DDR4,,
Motherboard,ASUS PRO-LGA1200 v907,1526,1260,LGA1200,DDR5,,
Motherboard,ASRock PRO-AM5 v908,1848,1701,AM5,DDR5,,
Motherboard,Gigabyte PRO-LGA1700 v909,666,625,LGA1700,DDR5,,
Motherboard,MSI PRO-LGA1851 v910,903,806,LGA1851,DDR5,,
Motherboard,MSI PRO-LGA1700 v911,332,281,LGA1700,DDR4,,
Motherboard,Gigabyte PRO-LGA1700 v912,1881,2106,LGA1700,DDR4,,
Motherboard,MSI PRO-AM4 v913,1220,984,AM4,DDR4,,
Motherboard,ASUS PRO-AM5 v914,714,606,AM5,DDR5,,
Motherboard,ASRock PRO-AM4 v915,501,587,AM4,DDR5,,
Motherboard,ASUS PRO-LGA1200 v916,1085,1112,LGA1200,DDR5,,
Motherboard,MSI PRO-AM5 v917,1334,1129,AM5,DDR5,,
Motherboard,MSI PRO-AM4 v918,1241,1329,AM4,DDR4,,
Motherboard,MSI PRO-AM4 v919,335,305,AM4,DDR5,,
Motherboard,MSI PRO-LGA1200 v920,1016,864,LGA1200,DDR4,,
Motherboard,ASUS PRO-LGA1851 v921,1389,1639,LGA1851,DDR5,,
Motherboard,ASRock PRO-AM5 v922,1279,1193,AM5,DDR5,,
Motherboard,MSI PRO-LGA1851 v923,1741,1485,LGA1851,DDR5,,
Motherboard,ASUS PRO-LGA1200 v924,1226,1246,LGA1200,DDR5,,
Motherboard,ASUS PRO-LGA1700 v925,1086,1028,LGA1700,DDR5,,
Motherboard,ASUS PRO-LGA1200 v926,618,628,LGA1200,DDR4,,
Motherboard,ASUS PRO-AM5 v927,1407,1236,AM5,DDR5,,
Motherboard,ASRock PRO-LGA1700 v928,1895,1962,LGA1700,DDR5,,
Motherboard,ASRock PRO-AM5 v929,1878,1822,AM5,DDR5,,
Motherboard,ASUS PRO-LGA1851 v930,782,889,LGA1851,DDR5,,
Motherboard,ASRock PRO-AM4 v931,1385,1470,AM4,DDR4,,
Motherboard,ASRock PRO-LGA1200 v932,648,598,LGA1200,DDR4,,
Motherboard,Gigabyte PRO-AM4 v933,1135,1145,AM4,DDR4,,
Motherboard,ASRock PRO-AM5 v934,656,772,AM5,DDR5,,
Motherboard,ASUS PRO-AM4 v935,1814,2143,AM4,DDR5,,
Motherboard,Gigabyte PRO-LGA1851 v936,977,861,LGA1851,DDR5,,
Motherboard,MSI PRO-LGA1700 v937,1024,1192,LGA1700,DDR4,,
Motherboard,ASUS PRO-LGA1700 v938,1903,2033,LGA1700,DDR5,,
Motherboard,MSI PRO-LGA1200 v939,1933,1569,LGA1200,DDR4,,
Motherboard,ASUS PRO-LGA1851 v940,1506,1764,LGA1851,DDR5,,
Motherboard,MSI PRO-AM4 v941,1413,1492,AM4,DDR5,,
Motherboard,MSI PRO-AM4 v942,1965,2338,AM4,DDR4,,
Motherboard,Gigabyte PRO-LGA1700 v943,1374,1243,LGA1700,DDR4,,
Motherboard,ASUS PRO-AM4 v944,1306,1196,AM4,DDR5,,
Motherboard,ASUS PRO-AM5 v945,563,484,AM5,DDR5,,
Motherboard,MSI PRO-LGA1200 v946,1012,882,LGA1200,DDR4,,
Motherboard,ASUS PRO-LGA1200 v947,1212,1304,LGA1200,DDR4,,
Motherboard,MSI PRO-LGA1700 v948,643,725,LGA1700,DDR4,,
Motherboard,MSI PRO-LGA1700 v949,454,407,LGA1700,DDR4,,
Motherboard,ASRock PRO-LGA1851 v950,1842,1777,LGA1851,DDR5,,
Motherboard,ASUS PRO-LGA1200 v951,1486,1741,LGA1200,DDR5,,
Motherboard,ASUS PRO-AM5 v952,775,626,AM5,DDR5,,
Motherboard,ASRock PRO-LGA1700 v953,1817,1870,LGA1700,DDR5,,
Motherboard,ASUS PRO-LGA1851 v954,1664,1947,LGA1851,DDR5,,
Motherboard,ASUS PRO-LGA1851 v955,1847,1808,LGA1851,DDR5,,
Motherboard,ASUS PRO-LGA1200 v956,516,509,LGA1200,DDR4,,
Motherboard,MSI PRO-LGA1700 v957,923,876,LGA1700,DDR5,,
Motherboard,ASRock PRO-LGA1700 v958,1681,1552,LGA1700,DDR4,,
Motherboard,Gigabyte PRO-AM5 v959,453,481,AM5,DDR5,,
Motherboard,Gigabyte PRO-LGA1851 v960,717,645,LGA1851,DDR5,,
Motherboard,MSI PRO-LGA1851 v961,1156,958,LGA1851,DDR5,,
Motherboard,ASUS PRO-LGA1200 v962,847,1008,LGA1200,DDR5,,
Motherboard,ASUS PRO-LGA1700 v963,1722,1520,LGA1700,DDR4,,
Motherboard,MSI PRO-LGA1700 v964,917,940,LGA1700,DDR4,,
Motherboard,ASUS PRO-LGA1851 v965,1832,2082,LGA1851,DDR5,,
Motherboard,ASUS PRO-AM4 v966,1975,2091,AM4,DDR5,,
Motherboard,MSI PRO-LGA1700 v967,1895,1535,LGA1700,DDR4,,
Motherboard,ASRock PRO-AM5 v968,757,811,AM5,DDR5,,
Motherboard,MSI PRO-LGA1851 v969,1051,1026,LGA1851,DDR5,,
Motherboard,Gigabyte PRO-AM5 v970,897,910,AM5,DDR5,,
Motherboard,MSI PRO-LGA1851 v971,1675,1448,LGA1851,DDR5,,
Motherboard,ASRock PRO-LGA1851 v972,1409,1346,LGA1851,DDR5,,
Motherboard,Gigabyte PRO-LGA1700 v973,1652,1966,LGA1700,DDR4,,
Motherboard,MSI PRO-LGA1200 v974,1698,1426,LGA1200,DDR4,,
Motherboard,Gigabyte PRO-AM5 v975,613,627,AM5,DDR5,,
Motherboard,Gigabyte PRO-LGA1200 v976,1430,1260,LGA1200,DDR4,,
Motherboard,MSI PRO-LGA1851 v977,1862,2117,LGA1851,DDR5,,
Motherboard,ASUS PRO-AM4 v978,648,703,AM4,DDR4,,
Motherboard,MSI PRO-AM5 v979,1801,2064,AM5,DDR5,,
Motherboard,ASRock PRO-LGA1700 v980,1535,1714,LGA1700,DDR4,,
Motherboard,ASRock PRO-AM4 v981,394,468,AM4,DDR5,,
Motherboard,ASRock PRO-LGA1851 v982,351,395,LGA1851,DDR5,,
Motherboard,ASRock PRO-AM5 v983,1721,1918,AM5,DDR5,,
Motherboard,ASUS PRO-AM4 v984,1163,1021,AM4,DDR5,,
Motherboard,MSI PRO-LGA1851 v985,1539,1547,LGA1851,DDR5,,
Motherboard,ASRock PRO-LGA1200 v986,1459,1456,LGA1200,DDR4,,
Motherboard,ASUS PRO-LGA1200 v987,750,853,LGA1200,DDR4,,
Motherboard,MSI PRO-AM5 v988,1561,1309,AM5,DDR5,,
Motherboard,ASUS PRO-LGA1200 v989,1943,1767,LGA1200,DDR5,,
Motherboard,MSI PRO-LGA1200 v990,1293,1137,LGA1200,DDR5,,
Motherboard,MSI PRO-LGA1700 v991,1024,1168,LGA1700,DDR4,,
Motherboard,MSI PRO-LGA1700 v992,1898,2011,LGA1700,DDR4,,
Motherboard,ASUS PRO-LGA1200 v993,1756,1918,LGA1200,DDR5,,
Motherboard,MSI PRO-AM4 v994,1590,1831,AM4,DDR5,,
Motherboard,MSI PRO-LGA1700 v995,499,479,LGA1700,DDR4,,
Motherboard,ASRock PRO-LGA1200 v996,1047,1179,LGA1200,DDR5,,
Motherboard,ASRock PRO-LGA1700 v997,831,827,LGA1700,DDR5,,
Motherboard,ASUS PRO-LGA1200 v998,1719,1931,LGA1200,DDR5,,
Motherboard,ASUS PRO-AM4 v999,1578,1836,AM4,DDR5,,
Motherboard,MSI PRO-LGA1700 v1000,1136,1199,LGA1700,DDR5,,
Motherboard,Gigabyte PRO-LGA1200 v1001,315,325,LGA1200,DDR4,,
Motherboard,Gigabyte PRO-AM5 v1002,342,370,AM5,DDR5,,
Motherboard,MSI PRO-LGA1700 v1003,1753,1684,LGA1700,DDR5,,
Motherboard,ASUS PRO-LGA1200 v1004,1579,1290,LGA1200,DDR5,,
Motherboard,ASRock PRO-AM5 v1005,703,799,AM5,DDR5,,
Motherboard,ASUS PRO-LGA1851 v1006,1997,1658,LGA1851,DDR5,,
Motherboard,ASRock PRO-LGA1700 v1007,1355,1101,LGA1700,DDR4,,
Motherboard,MSI PRO-AM5 v1008,948,922,AM5,DDR5,,
Motherboard,Gigabyte PRO-LGA1851 v1009,512,427,LGA1851,DDR5,,
Motherboard,ASUS PRO-AM5 v1010,1961,1727,AM5,DDR5,,
Motherboard,ASRock PRO-AM5 v1011,661,573,AM5,DDR5,,
Motherboard,ASRock PRO-LGA1700 v1012,556,519,LGA1700,DDR5,,
Motherboard,ASRock PRO-LGA1851 v1013,1900,1570,LGA1851,DDR5,,
Motherboard,MSI PRO-AM5 v1014,308,328,AM5,DDR5,,
Motherboard,ASRock PRO-LGA1700 v1015,1419,1623,LGA1700,DDR4,,
Motherboard,ASRock PRO-AM4 v1016,926,800,AM4,DDR4,,
Motherboard,ASRock PRO-AM5 v1017,1005,902,AM5,DDR5,,
Motherboard,Gigabyte PRO-LGA1700 v1018,1309,1474,LGA1700,DDR4,,
Motherboard,MSI PRO-LGA1700 v1019,794,802,LGA1700,DDR4,,
Motherboard,ASUS PRO-LGA1200 v1020,1540,1370,LGA1200,DDR4,,
Motherboard,ASUS PRO-LGA1851 v1021,1251,1161,LGA1851,DDR5,,
Motherboard,MSI PRO-LGA1700 v1022,619,509,LGA1700,DDR5,,
Motherboard,ASUS PRO-LGA1700 v1023,1697,1976,LGA1700,DDR5,,
Motherboard,ASRock PRO-LGA1851 v1024,1964,1995,LGA1851,DDR5,,
Motherboard,ASRock PRO-AM5 v1025,441,418,AM5,DDR5,,
Motherboard,MSI PRO-LGA1851 v1026,1532,1396,LGA1851,DDR5,,
Motherboard,ASRock PRO-AM5 v1027,897,780,AM5,DDR5,,
Motherboard,ASUS PRO-LGA1200 v1028,1875,1631,LGA1200,DDR5,,
Motherboard,ASUS PRO-AM4 v1029,1384,1582,AM4,DDR5,,
Motherboard,ASRock PRO-AM4 v1030,917,1055,AM4,DDR5,,
Motherboard,ASRock PRO-LGA1700 v1031,1875,1722,LGA1700,DDR5,,
Motherboard,ASRock PRO-LGA1200 v1032,469,513,LGA1200,DDR4,,
Motherboard,Gigabyte PRO-LGA1700 v1033,385,383,LGA1700,DDR4,,
Motherboard,ASUS PRO-LGA1700 v1034,1241,1119,LGA1700,DDR4,,
Motherboard,ASUS PRO-AM5 v1035,1675,1521,AM5,DDR5,,
Motherboard,ASUS PRO-LGA1200 v1036,772,779,LGA1200,DDR5,,
Motherboard,ASRock PRO-LGA1700 v1037,1449,1720,LGA1700,DDR4,,
Motherboard,ASRock PRO-LGA1200 v1038,1559,1384,LGA1200,DDR5,,
Motherboard,MSI PRO-LGA1851 v1039,874,811,LGA1851,DDR5,,
Motherboard,ASUS PRO-AM4 v1040,1676,1400,AM4,DDR4,,
Motherboard,ASUS PRO-LGA1200 v1041,1076,890,LGA1200,DDR4,,
Motherboard,MSI PRO-LGA1851 v1042,418,419,LGA1851,DDR5,,
Motherboard,ASUS PRO-LGA1700 v1043,1188,1253,LGA1700,DDR5,,
Motherboard,ASUS PRO-LGA1200 v1044,1778,1934,LGA1200,DDR5,,
Motherboard,MSI PRO-AM4 v1045,764,828,AM4,DDR4,,
Motherboard,Gigabyte PRO-AM5 v1046,691,711,AM5,DDR5,,
Motherboard,ASRock PRO-AM5 v1047,595,524,AM5,DDR5,,
Motherboard,MSI PRO-AM4 v1048,617,675,AM4,DDR4,,
Motherboard,Gigabyte PRO-LGA1700 v1049,1483,1758,LGA1700,DDR4,,
Motherboard,ASRock PRO-LGA1700 v1050,788,702,LGA1700,DDR5,,
Motherboard,MSI PRO-AM4 v1051,1545,1739,AM4,DDR4,,
Motherboard,ASUS PRO-AM4 v1052,1955,1611,AM4,DDR5,,
Motherboard,Gigabyte PRO-LGA1200 v1053,720,595,LGA1200,DDR5,,
Motherboard,Gigabyte PRO-LGA1851 v1054,1523,1620,LGA1851,DDR5,,
Motherboard,MSI PRO-LGA1700 v1055,1066,948,LGA1700,DDR4,,
Motherboard,Gigabyte PRO-AM4 v1056,1051,915,AM4,DDR4,,
Motherboard,ASRock PRO-AM5 v1057,1055,1151,AM5,DDR5,,
Motherboard,Gigabyte PRO-LGA1200 v1058,723,836,LGA1200,DDR4,,
Motherboard,ASRock PRO-LGA1200 v1059,1013,922,LGA1200,DDR5,,
Motherboard,ASUS PRO-AM4 v1060,1194,1004,AM4,DDR4,,
Motherboard,MSI PRO-LGA1700 v1061,1145,1307,LGA1700,DDR5,,
Motherboard,MSI PRO-LGA1851 v1062,1907,1786,LGA1851,DDR5,,
Motherboard,Gigabyte PRO-AM4 v1063,1245,1336,AM4,DDR4,,
Motherboard,Gigabyte PRO-LGA1700 v1064,811,853,LGA1700,DDR4,,
Motherboard,MSI PRO-LGA1200 v1065,1696,1604,LGA1200,DDR5,,
Motherboard,ASUS PRO-AM5 v1066,1527,1713,AM5,DDR5,,
Motherboard,MSI PRO-AM4 v1067,553,546,AM4,DDR5,,
Motherboard,ASUS PRO-LGA1851 v1068,1168,1306,LGA1851,DDR5,,
Motherboard,MSI PRO-LGA1851 v1069,439,510,LGA1851,DDR5,,
Motherboard,MSI PRO-AM5 v1070,1502,1516,AM5,DDR5,,
Motherboard,Gigabyte PRO-LGA1851 v1071,1032,987,LGA1851,DDR5,,
Motherboard,ASUS PRO-AM4 v1072,1964,2196,AM4,DDR5,,
Motherboard,Gigabyte PRO-LGA1200 v1073,1389,1427,LGA1200,DDR5,,
Motherboard,Gigabyte PRO-AM5 v1074,1876,2077,AM5,DDR5,,
Motherboard,ASRock PRO-AM5 v1075,1086,916,AM5,DDR5,,
Motherboard,Gigabyte PRO-AM4 v1076,888,912,AM4,DDR5,,
Motherboard,ASRock PRO-AM4 v1077,1358,1093,AM4,DDR5,,
Motherboard,ASRock PRO-AM4 v1078,1226,1156,AM4,DDR4,,
Motherboard,Gigabyte PRO-LGA1700 v1079,1970,1970,LGA1700,DDR5,,
Motherboard,ASRock PRO-LGA1200 v1080,1853,1868,LGA1200,DDR5,,
Motherboard,ASUS PRO-LGA1700 v1081,1371,1286,LGA1700,DDR4,,
Motherboard,Gigabyte PRO-LGA1700 v1082,1971,1830,LGA1700,DDR4,,
Motherboard,ASUS PRO-AM5 v1083,1487,1592,AM5,DDR5,,
Motherboard,Gigabyte PRO-LGA1700 v1084,878,759,LGA1700,DDR4,,
Motherboard,Gigabyte PRO-LGA1851 v1085,321,310,LGA1851,DDR5,,
Motherboard,MSI PRO-AM5 v1086,1181,1256,AM5,DDR5,,
Motherboard,Gigabyte PRO-LGA1700 v1087,391,450,LGA1700,DDR4,,
Motherboard,ASRock PRO-LGA1200 v1088,629,666,LGA1200,DDR4,,
Motherboard,Gigabyte PRO-LGA1700 v1089,1397,1227,LGA1700,DDR5,,
Motherboard,Gigabyte PRO-AM4 v1090,399,359,AM4,DDR4,,
Motherboard,ASUS PRO-AM5 v1091,427,455,AM5,DDR5,,
Motherboard,ASUS PRO-LGA1200 v1092,919,1028,LGA1200,DDR5,,
Motherboard,MSI PRO-LGA1700 v1093,684,551,LGA1700,DDR5,,
Motherboard,Gigabyte PRO-LGA1700 v1094,1913,1852,LGA1700,DDR5,,
Motherboard,Gigabyte PRO-LGA1851 v1095,506,513,LGA1851,DDR5,,
Motherboard,Gigabyte PRO-AM5 v1096,1175,1072,AM5,DDR5,,
Motherboard,ASUS PRO-AM4 v1097,1758,2065,AM4,DDR4,,
Motherboard,ASRock PRO-AM5 v1098,1008,1015,AM5,DDR5,,
Motherboard,ASRock PRO-AM5 v1099,1565,1622,AM5,DDR5,,
Motherboard,MSI PRO-LGA1200 v1100,1776,1452,LGA1200,DDR5,,
Motherboard,ASRock PRO-AM4 v1101,887,862,AM4,DDR5,,
Motherboard,ASUS PRO-LGA1700 v1102,1240,1068,LGA1700,DDR4,,
Motherboard,Gigabyte PRO-AM5 v1103,1518,1371,AM5,DDR5,,
Motherboard,ASRock PRO-LGA1200 v1104,1528,1408,LGA1200,DDR5,,
Motherboard,Gigabyte PRO-AM5 v1105,691,659,AM5,DDR5,,
Motherboard,MSI PRO-AM4 v1106,372,310,AM4,DDR5,,
Motherboard,ASUS PRO-LGA1200 v1107,622,574,LGA1200,DDR4,,
Motherboard,ASRock PRO-AM4 v1108,1533,1753,AM4,DDR4,,
Motherboard,ASUS PRO-LGA1200 v1109,1196,1154,LGA1200,DDR4,,
Motherboard,Gigabyte PRO-AM5 v1110,1409,1510,AM5,DDR5,,
Motherboard,MSI PRO-LGA1200 v1111,591,639,LGA1200,DDR5,,
Motherboard,MSI PRO-LGA1851 v1112,1433,1207,LGA1851,DDR5,,
Motherboard,ASRock PRO-AM4 v1113,1680,1931,AM4,DDR5,,
Motherboard,MSI PRO-LGA1200 v1114,1868,1967,LGA1200,DDR4,,
Motherboard,MSI PRO-LGA1200 v1115,1747,2054,LGA1200,DDR5,,
Motherboard,ASRock PRO-LGA1700 v1116,1239,1014,LGA1700,DDR5,,
Motherboard,MSI PRO-LGA1700 v1117,653,702,LGA1700,DDR4,,
Motherboard,Gigabyte PRO-LGA1200 v1118,1641,1353,LGA1200,DDR5,,
Motherboard,ASUS PRO-AM5 v1119,1103,947,AM5,DDR5,,
Motherboard,MSI PRO-LGA1200 v1120,531,567,LGA1200,DDR4,,
Motherboard,ASUS PRO-AM4 v1121,1887,1730,AM4,DDR4,,
Motherboard,ASRock PRO-LGA1700 v1122,830,718,LGA1700,DDR4,,
Motherboard,Gigabyte PRO-LGA1851 v1123,549,653,LGA1851,DDR5,,
Motherboard,Gigabyte PRO-AM4 v1124,441,428,AM4,DDR5,,
Motherboard,ASRock PRO-LGA1851 v1125,1172,1342,LGA1851,DDR5,,
Motherboard,MSI PRO-AM4 v1126,1242,1252,AM4,DDR4,,
Motherboard,ASRock PRO-LGA1851 v1127,1049,949,LGA1851,DDR5,,
Motherboard,MSI PRO-AM4 v1128,978,1065,AM4,DDR5,,
Motherboard,ASUS PRO-LGA1851 v1129,1920,1893,LGA1851,DDR5,,
Motherboard,MSI PRO-AM4 v1130,1491,1717,AM4,DDR5,,
Motherboard,ASRock PRO-AM4 v1131,773,674,AM4,DDR5,,
Motherboard,ASUS PRO-LGA1700 v1132,321,275,LGA1700,DDR4,,
Motherboard,MSI PRO-AM5 v1133,788,732,AM5,DDR5,,
Motherboard,Gigabyte PRO-LGA1200 v1134,797,825,LGA1200,DDR5,,
Motherboard,MSI PRO-AM4 v1135,661,564,AM4,DDR4,,
Motherboard,Gigabyte PRO-LGA1700 v1136,1106,1303,LGA1700,DDR4,,
Motherboard,MSI PRO-AM5 v1137,1879,2068,AM5,DDR5,,
Motherboard,MSI PRO-AM4 v1138,1012,1086,AM4,DDR5,,
Motherboard,Gigabyte PRO-LGA1851 v1139,661,781,LGA1851,DDR5,,
Motherboard,ASRock PRO-AM4 v1140,1290,1312,AM4,DDR4,,
Motherboard,ASUS PRO-AM4 v1141,477,464,AM4,DDR4,,
Motherboard,ASRock PRO-LGA1700 v1142,734,681,LGA1700,DDR5,,
Motherboard,ASUS PRO-AM4 v1143,955,802,AM4,DDR4,,
Motherboard,ASUS PRO-LGA1200 v1144,1604,1885,LGA1200,DDR4,,
Motherboard,ASRock PRO-AM4 v1145,354,320,AM4,DDR5,,
Motherboard,ASUS PRO-LGA1851 v1146,1893,2008,LGA1851,DDR5,,
Motherboard,ASUS PRO-LGA1851 v1147,1169,1045,LGA1851,DDR5,,
Motherboard,Gigabyte PRO-LGA1200 v1148,1661,1385,LGA1200,DDR5,,
Motherboard,Gigabyte PRO-AM4 v1149,1205,1376,AM4,DDR4,,
Motherboard,MSI PRO-LGA1200 v1150,964,801,LGA1200,DDR5,,
Motherboard,ASRock PRO-LGA1200 v1151,1634,1599,LGA1200,DDR5,,
Motherboard,ASUS PRO-LGA1851 v1152,1497,1767,LGA1851,DDR5,,
Motherboard,ASRock PRO-LGA1851 v1153,1502,1764,LGA1851,DDR5,,
Motherboard,ASUS PRO-LGA1200 v1154,1232,1093,LGA1200,DDR5,,
Motherboard,Gigabyte PRO-LGA1700 v1155,529,584,LGA1700,DDR4,,
Motherboard,Gigabyte PRO-LGA1200 v1156,596,605,LGA1200,DDR4,,
Motherboard,MSI PRO-LGA1200 v1157,1719,1385,LGA1200,DDR5,,
Motherboard,ASUS PRO-AM5 v1158,1014,1043,AM5,DDR5,,
Motherboard,Gigabyte PRO-LGA1700 v1159,622,502,LGA1700,DDR5,,
Motherboard,MSI PRO-AM5 v1160,1917,1758,AM5,DDR5,,
Motherboard,ASUS PRO-LGA1700 v1161,1048,850,LGA1700,DDR4,,
Motherboard,MSI PRO-AM4 v1162,1455,1463,AM4,DDR4,,
Motherboard,ASRock PRO-AM5 v1163,1994,1620,AM5,DDR5,,
Motherboard,Gigabyte PRO-LGA1700 v1164,1293,1133,LGA1700,DDR4,,
Motherboard,MSI PRO-LGA1200 v1165,857,855,LGA1200,DDR5,,
Motherboard,ASRock PRO-AM5 v1166,691,658,AM5,DDR5,,
Motherboard,ASRock PRO-AM4 v1167,486,407,AM4,DDR4,,
Motherboard,ASRock PRO-LGA1700 v1168,825,846,LGA1700,DDR4,,
Motherboard,ASRock PRO-LGA1851 v1169,1358,1508,LGA1851,DDR5,,
Motherboard,Gigabyte PRO-LGA1851 v1170,1772,1689,LGA1851,DDR5,,
Motherboard,ASUS PRO-LGA1851 v1171,1219,1105,LGA1851,DDR5,,
Motherboard,Gigabyte PRO-AM4 v1172,1599,1725,AM4,DDR4,,
Motherboard,MSI PRO-AM5 v1173,532,493,AM5,DDR5,,
Motherboard,Gigabyte PRO-LGA1200 v1174,402,321,LGA1200,DDR4,,
Motherboard,ASRock PRO-AM5 v1175,848,717,AM5,DDR5,,
Motherboard,Gigabyte PRO-LGA1851 v1176,1471,1301,LGA1851,DDR5,,
Motherboard,ASUS PRO-LGA1851 v1177,899,822,LGA1851,DDR5,,
Motherboard,MSI PRO-LGA1851 v1178,1642,1888,LGA1851,DDR5,,
Motherboard,ASRock PRO-AM4 v1179,486,483,AM4,DDR4,,
Motherboard,ASUS PRO-LGA1851 v1180,1255,1033,LGA1851,DDR5,,
Motherboard,ASUS PRO-AM4 v1181,704,659,AM4,DDR5,,
Motherboard,Gigabyte PRO-AM5 v1182,1916,1935,AM5,DDR5,,
Motherboard,Gigabyte PRO-LGA1700 v1183,1159,1226,LGA1700,DDR4,,
Motherboard,ASUS PRO-LGA1700 v1184,925,793,LGA1700,DDR4,,
Motherboard,Gigabyte PRO-LGA1851 v1185,792,938,LGA1851,DDR5,,
Motherboard,Gigabyte PRO-LGA1851 v1186,1103,911,LGA1851,DDR5,,
Motherboard,ASRock PRO-LGA1200 v1187,464,436,LGA1200,DDR4,,
Motherboard,MSI PRO-LGA1700 v1188,1871,2079,LGA1700,DDR5,,
Motherboard,MSI PRO-AM4 v1189,1703,1549,AM4,DDR4,,
Motherboard,MSI PRO-LGA1700 v1190,1616,1421,LGA1700,DDR5,,
Motherboard,MSI PRO-LGA1851 v1191,1509,1291,LGA1851,DDR5,,
Motherboard,ASUS PRO-AM5 v1192,319,259,AM5,DDR5,,
Motherboard,Gigabyte PRO-AM5 v1193,1541,1530,AM5,DDR5,,
Motherboard,MSI PRO-AM5 v1194,1158,1125,AM5,DDR5,,
Motherboard,ASRock PRO-AM4 v1195,1171,1230,AM4,DDR4,,
Motherboard,MSI PRO-AM5 v1196,476,501,AM5,DDR5,,
Motherboard,ASRock PRO-LGA1200 v1197,973,1161,LGA1200,DDR5,,
Motherboard,Gigabyte PRO-AM5 v1198,818,845,AM5,DDR5,,
Motherboard,Gigabyte PRO-AM4 v1199,1145,1190,AM4,DDR4,,
Motherboard,Gigabyte PRO-AM4 v1200,1587,1281,AM4,DDR4,,
Motherboard,ASUS PRO-AM4 v1201,453,521,AM4,DDR4,,
Motherboard,ASRock PRO-LGA1200 v1202,1926,2215,LGA1200,DDR4,,
Motherboard,MSI PRO-LGA1700 v1203,1866,2109,LGA1700,DDR4,,
Motherboard,ASRock PRO-AM5 v1204,1313,1269,AM5,DDR5,,
Motherboard,ASRock PRO-AM5 v1205,1783,2057,AM5,DDR5,,
Motherboard,ASUS PRO-LGA1700 v1206,378,451,LGA1700,DDR4,,
Motherboard,Gigabyte PRO-AM5 v1207,469,491,AM5,DDR5,,
Motherboard,MSI PRO-LGA1700 v1208,541,643,LGA1700,DDR4,,
Motherboard,MSI PRO-AM5 v1209,324,380,AM5,DDR5,,
Motherboard,MSI PRO-LGA1200 v1210,843,794,LGA1200,DDR5,,
Motherboard,Gigabyte PRO-AM4 v1211,388,353,AM4,DDR4,,
Motherboard,MSI PRO-LGA1851 v1212,1653,1400,LGA1851,DDR5,,
Motherboard,Gigabyte PRO-LGA1851 v1213,1537,1784,LGA1851,DDR5,,
Motherboard,ASRock PRO-AM4 v1214,313,350,AM4,DDR4,,
Motherboard,Gigabyte PRO-LGA1700 v1215,714,589,LGA1700,DDR4,,
Motherboard,Gigabyte PRO-LGA1700 v1216,468,483,LGA1700,DDR4,,
Motherboard,MSI PRO-AM4 v1217,1290,1389,AM4,DDR5,,
Motherboard,ASUS PRO-LGA1851 v1218,1478,1494,LGA1851,DDR5,,
Motherboard,ASUS PRO-AM4 v1219,1975,1675,AM4,DDR4,,
Motherboard,Gigabyte PRO-AM4 v1220,1594,1361,AM4,DDR5,,
Motherboard,ASUS PRO-LGA1200 v1221,1159,1103,LGA1200,DDR4,,
Motherboard,Gigabyte PRO-LGA1200 v1222,1929,2067,LGA1200,DDR5,,
Motherboard,Gigabyte PRO-LGA1700 v1223,1492,1555,LGA1700,DDR4,,
Motherboard,ASUS PRO-LGA1851 v1224,307,342,LGA1851,DDR5,,
Motherboard,Gigabyte PRO-LGA1200 v1225,1040,1052,LGA1200,DDR5,,
Motherboard,ASUS PRO-LGA1851 v1226,1137,1076,LGA1851,DDR5,,
Motherboard,ASUS PRO-AM4 v1227,1962,1696,AM4,DDR5,,
Motherboard,MSI PRO-LGA1700 v1228,1061,1010,LGA1700,DDR4,,
Motherboard,ASUS PRO-LGA1851 v1229,1192,1044,LGA1851,DDR5,,
Motherboard,Gigabyte PRO-LGA1200 v1230,945,758,LGA1200,DDR5,,
Motherboard,Gigabyte PRO-LGA1700 v1231,1376,1165,LGA1700,DDR5,,
Motherboard,MSI PRO-AM4 v1232,1739,1610,AM4,DDR4,,
Motherboard,ASRock PRO-LGA1200 v1233,1191,1129,LGA1200,DDR5,,
Motherboard,ASUS PRO-AM4 v1234,921,1077,AM4,DDR5,,
Motherboard,ASUS PRO-AM5 v1235,1744,1561,AM5,DDR5,,
Motherboard,Gigabyte PRO-LGA1700 v1236,806,949,LGA1700,DDR4,,
Motherboard,ASUS PRO-AM4 v1237,666,660,AM4,DDR4,,
Motherboard,ASRock PRO-AM5 v1238,1995,2104,AM5,DDR5,,
Motherboard,ASUS PRO-LGA1700 v1239,311,340,LGA1700,DDR5,,
Motherboard,MSI PRO-LGA1700 v1240,643,704,LGA1700,DDR4,,
Motherboard,Gigabyte PRO-AM4 v1241,840,705,AM4,DDR5,,
Motherboard,ASRock PRO-LGA1200 v1242,1432,1285,LGA1200,DDR4,,
Motherboard,Gigabyte PRO-LGA1700 v1243,1750,1776,LGA1700,DDR5,,
Motherboard,ASUS PRO-LGA1700 v1244,802,730,LGA1700,DDR4,,
Motherboard,Gigabyte PRO-LGA1700 v1245,1652,1383,LGA1700,DDR4,,
Motherboard,ASUS PRO-LGA1200 v1246,1522,1314,LGA1200,DDR4,,
Motherboard,ASUS PRO-LGA1700 v1247,831,867,LGA1700,DDR5,,
Motherboard,Gigabyte PRO-AM5 v1248,701,739,AM5,DDR5,,
Motherboard,MSI PRO-LGA1700 v1249,964,1050,LGA1700,DDR4,,
Motherboard,Gigabyte PRO-LGA1700 v1250,1996,1630,LGA1700,DDR5,,
Motherboard,MSI PRO-LGA1200 v1251,1728,1873,LGA1200,DDR4,,
Motherboard,MSI PRO-LGA1851 v1252,873,962,LGA1851,DDR5,,
Motherboard,Gigabyte PRO-LGA1851 v1253,1243,1245,LGA1851,DDR5,,
Motherboard,ASUS PRO-AM5 v1254,961,814,AM5,DDR5,,
Motherboard,ASRock PRO-LGA1851 v1255,1718,1930,LGA1851,DDR5,,
Motherboard,MSI PRO-AM5 v1256,938,822,AM5,DDR5,,
Motherboard,Gigabyte PRO-LGA1851 v1257,1132,1226,LGA1851,DDR5,,
Motherboard,Gigabyte PRO-AM5 v1258,468,410,AM5,DDR5,,
Motherboard,ASRock PRO-AM4 v1259,1403,1144,AM4,DDR4,,
Motherboard,MSI PRO-LGA1700 v1260,469,554,LGA1700,DDR5,,
Motherboard,ASUS PRO-LGA1700 v1261,907,743,LGA1700,DDR5,,
Motherboard,Gigabyte PRO-AM5 v1262,934,1114,AM5,DDR5,,
Motherboard,MSI PRO-LGA1200 v1263,1178,1368,LGA1200,DDR4,,
Motherboard,Gigabyte PRO-LGA1700 v1264,1043,1010,LGA1700,DDR4,,
Motherboard,ASUS PRO-AM5 v1265,1310,1485,AM5,DDR5,,
Motherboard,ASUS PRO-AM4 v1266,857,835,AM4,DDR5,,
Motherboard,ASRock PRO-AM4 v1267,1823,2128,AM4,DDR5,,
Motherboard,ASRock PRO-AM5 v1268,901,1017,AM5,DDR5,,
Motherboard,ASRock PRO-AM5 v1269,1608,1389,AM5,DDR5,,
Motherboard,ASRock PRO-LGA1700 v1270,1713,1976,LGA1700,DDR5,,
Motherboard,MSI PRO-LGA1851 v1271,1289,1429,LGA1851,DDR5,,
Motherboard,MSI PRO-LGA1700 v1272,1127,1333,LGA1700,DDR5,,
Motherboard,Gigabyte PRO-LGA1200 v1273,1866,1719,LGA1200,DDR5,,
Motherboard,Gigabyte PRO-AM4 v1274,764,647,AM4,DDR4,,
Motherboard,Gigabyte PRO-LGA1851 v1275,1329,1398,LGA1851,DDR5,,
Motherboard,ASRock PRO-AM5 v1276,436,351,AM5,DDR5,,
Motherboard,Gigabyte PRO-AM5 v1277,1743,1494,AM5,DDR5,,
Motherboard,ASRock PRO-AM4 v1278,1716,1391,AM4,DDR5,,
Motherboard,Gigabyte PRO-LGA1200 v1279,934,904,LGA1200,DDR5,,
Motherboard,ASRock PRO-AM5 v1280,1984,1961,AM5,DDR5,,
Motherboard,Gigabyte PRO-LGA1851 v1281,1426,1402,LGA1851,DDR5,,
Motherboard,Gigabyte PRO-AM5 v1282,1498,1785,AM5,DDR5,,
Motherboard,Gigabyte PRO-AM5 v1283,1173,944,AM5,DDR5,,
Motherboard,MSI PRO-AM4 v1284,1355,1445,AM4,DDR5,,
Motherboard,ASUS PRO-AM5 v1285,443,438,AM5,DDR5,,
Motherboard,Gigabyte PRO-AM5 v1286,520,479,AM5,DDR5,,
Motherboard,MSI PRO-AM4 v1287,500,563,AM4,DDR5,,
Motherboard,ASUS PRO-AM4 v1288,811,844,AM4,DDR4,,
Motherboard,ASUS PRO-AM4 v1289,1183,1085,AM4,DDR5,,
Motherboard,Gigabyte PRO-AM4 v1290,1682,1942,AM4,DDR4,,
Motherboard,Gigabyte PRO-LGA1200 v1291,1251,1488,LGA1200,DDR4,,
Motherboard,ASUS PRO-AM5 v1292,1794,1714,AM5,DDR5,,
Motherboard,ASRock PRO-LGA1700 v1293,1784,1798,LGA1700,DDR4,,
Motherboard,ASUS PRO-LGA1851 v1294,1746,1642,LGA1851,DDR5,,
Motherboard,ASUS PRO-LGA1700 v1295,1811,1740,LGA1700,DDR4,,
Motherboard,ASUS PRO-AM5 v1296,1179,1281,AM5,DDR5,,
Motherboard,ASUS PRO-AM4 v1297,561,623,AM4,DDR5,,
Motherboard,MSI PRO-AM5 v1298,1548,1639,AM5,DDR5,,
Motherboard,MSI PRO-AM5 v1299,449,395,AM5,DDR5,,
Motherboard,ASUS PRO-LGA1851 v1300,809,650,LGA1851,DDR5,,
Motherboard,ASUS PRO-LGA1851 v1301,1128,984,LGA1851,DDR5,,
Motherboard,ASUS PRO-LGA1700 v1302,518,600,LGA1700,DDR5,,
Motherboard,MSI PRO-LGA1851 v1303,390,446,LGA1851,DDR5,,
Motherboard,Gigabyte PRO-AM5 v1304,529,433,AM5,DDR5,,
Motherboard,ASUS PRO-AM5 v1305,1915,1653,AM5,DDR5,,
Motherboard,Gigabyte PRO-LGA1851 v1306,830,698,LGA1851,DDR5,,
Motherboard,Gigabyte PRO-LGA1700 v1307,369,342,LGA1700,DDR4,,
Motherboard,MSI PRO-AM5 v1308,1918,1733,AM5,DDR5,,
Motherboard,Gigabyte PRO-LGA1200 v1309,953,976,LGA1200,DDR4,,
Motherboard,Gigabyte PRO-AM4 v1310,1360,1568,AM4,DDR5,,
Motherboard,MSI PRO-LGA1200 v1311,1219,1307,LGA1200,DDR4,,
Motherboard,Gigabyte PRO-LGA1700 v1312,1404,1645,LGA1700,DDR4,,
Motherboard,ASRock PRO-LGA1200 v1313,1584,1456,LGA1200,DDR4,,
Motherboard,Gigabyte PRO-AM5 v1314,784,795,AM5,DDR5,,
Motherboard,Gigabyte PRO-LGA1700 v1315,1006,993,LGA1700,DDR4,,
Motherboard,ASUS PRO-LGA1851 v1316,1109,1212,LGA1851,DDR5,,
Motherboard,Gigabyte PRO-LGA1200 v1317,991,806,LGA1200,DDR5,,
Motherboard,ASUS PRO-AM5 v1318,899,899,AM5,DDR5,,
Motherboard,MSI PRO-LGA1200 v1319,1141,920,LGA1200,DDR4,,
Motherboard,MSI PRO-LGA1851 v1320,703,691,LGA1851,DDR5,,
Motherboard,MSI PRO-AM4 v1321,635,738,AM4,DDR4,,
Motherboard,MSI PRO-AM5 v1322,949,761,AM5,DDR5,,
Motherboard,ASRock PRO-LGA1200 v1323,1226,1317,LGA1200,DDR5,,
Motherboard,ASRock PRO-AM4 v1324,1805,1984,AM4,DDR4,,
Motherboard,ASUS PRO-LGA1851 v1325,549,593,LGA1851,DDR5,,
Motherboard,Gigabyte PRO-AM4 v1326,414,436,AM4,DDR5,,
Motherboard,ASUS PRO-AM4 v1327,346,366,AM4,DDR4,,
Motherboard,ASUS PRO-LGA1851 v1328,461,375,LGA1851,DDR5,,
Motherboard,ASUS PRO-LGA1851 v1329,1603,1724,LGA1851,DDR5,,
Motherboard,MSI PRO-LGA1700 v1330,744,635,LGA1700,DDR4,,
Motherboard,Gigabyte PRO-AM4 v1331,1104,998,AM4,DDR5,,
Motherboard,MSI PRO-LGA1200 v1332,1369,1210,LGA1200,DDR4,,
Motherboard,MSI PRO-LGA1851 v1333,501,541,LGA1851,DDR5,,
Motherboard,ASRock PRO-AM5 v1334,1947,1692,AM5,DDR5,,
Motherboard,ASRock PRO-LGA1851 v1335,842,759,LGA1851,DDR5,,
Motherboard,Gigabyte PRO-AM4 v1336,954,1049,AM4,DDR4,,
Motherboard,ASUS PRO-AM4 v1337,370,301,AM4,DDR4,,
Motherboard,ASUS PRO-LGA1851 v1338,1273,1068,LGA1851,DDR5,,
Motherboard,Gigabyte PRO-AM4 v1339,1982,2273,AM4,DDR5,,
Motherboard,ASRock PRO-LGA1200 v1340,1821,2120,LGA1200,DDR5,,
Motherboard,ASUS PRO-AM4 v1341,334,276,AM4,DDR5,,
Motherboard,ASUS PRO-AM5 v1342,1245,1073,AM5,DDR5,,
Motherboard,ASRock PRO-LGA1851 v1343,1578,1387,LGA1851,DDR5,,
Motherboard,ASUS PRO-LGA1851 v1344,1012,1123,LGA1851,DDR5,,
Motherboard,ASUS PRO-LGA1200 v1345,1725,1405,LGA1200,DDR4,,
Motherboard,MSI PRO-AM4 v1346,1974,2277,AM4,DDR4,,
Motherboard,Gigabyte PRO-LGA1700 v1347,845,760,LGA1700,DDR4,,
Motherboard,ASRock PRO-AM4 v1348,955,944,AM4,DDR5,,
Motherboard,MSI PRO-AM4 v1349,552,529,AM4,DDR5,,
Motherboard,ASUS PRO-AM5 v1350,635,624,AM5,DDR5,,
Motherboard,MSI PRO-AM5 v1351,1144,1345,AM5,DDR5,,
Motherboard,ASRock PRO-LGA1851 v1352,1753,1715,LGA1851,DDR5,,
Motherboard,Gigabyte PRO-LGA1200 v1353,734,833,LGA1200,DDR4,,
Motherboard,Gigabyte PRO-AM5 v1354,1025,967,AM5,DDR5,,
Motherboard,MSI PRO-AM4 v1355,392,420,AM4,DDR5,,
Motherboard,Gigabyte PRO-AM4 v1356,1035,980,AM4,DDR4,,
Motherboard,ASUS PRO-AM4 v1357,1257,1138,AM4,DDR4,,
Motherboard,Gigabyte PRO-AM4 v1358,719,756,AM4,DDR5,,
Motherboard,MSI PRO-LGA1700 v1359,1350,1479,LGA1700,DDR4,,
Motherboard,Gigabyte PRO-LGA1700 v1360,1480,1724,LGA1700,DDR5,,
Motherboard,ASUS PRO-LGA1851 v1361,1334,1312,LGA1851,DDR5,,
Motherboard,MSI PRO-LGA1200 v1362,1496,1241,LGA1200,DDR5,,
Motherboard,Gigabyte PRO-AM5 v1363,751,631,AM5,DDR5,,
Motherboard,Gigabyte PRO-LGA1851 v1364,1761,1831,LGA1851,DDR5,,
Motherboard,MSI PRO-AM5 v1365,750,745,AM5,DDR5,,
Motherboard,ASUS PRO-LGA1700 v1366,1679,1794,LGA1700,DDR4,,
Motherboard,ASRock PRO-AM5 v1367,420,368,AM5,DDR5,,
Motherboard,ASUS PRO-LGA1200 v1368,1148,1221,LGA1200,DDR4,,
Motherboard,MSI PRO-LGA1200 v1369,1866,1728,LGA1200,DDR5,,
Motherboard,ASUS PRO-LGA1700 v1370,339,292,LGA1700,DDR4,,
Motherboard,ASRock PRO-AM4 v1371,1098,943,AM4,DDR5,,
Motherboard,ASRock PRO-LGA1700 v1372,516,423,LGA1700,DDR4,,
Motherboard,MSI PRO-LGA1700 v1373,311,317,LGA1700,DDR5,,
Motherboard,MSI PRO-LGA1851 v1374,411,488,LGA1851,DDR5,,
Motherboard,Gigabyte PRO-LGA1700 v1375,1832,1606,LGA1700,DDR4,,
Motherboard,ASUS PRO-AM5 v1376,1219,1239,AM5,DDR5,,
Motherboard,MSI PRO-LGA1200 v1377,732,661,LGA1200,DDR4,,
Motherboard,ASRock PRO-LGA1200 v1378,876,977,LGA1200,DDR4,,
Motherboard,Gigabyte PRO-LGA1851 v1379,1490,1668,LGA1851,DDR5,,
Motherboard,Gigabyte PRO-LGA1700 v1380,1764,2031,LGA1700,DDR5,,
Motherboard,ASRock PRO-AM5 v1381,984,899,AM5,DDR5,,
Motherboard,MSI PRO-AM4 v1382,756,853,AM4,DDR5,,
Motherboard,MSI PRO-LGA1851 v1383,540,458,LGA1851,DDR5,,
Motherboard,ASRock PRO-LGA1200 v1384,1853,1483,LGA1200,DDR5,,
Motherboard,MSI PRO-LGA1851 v1385,1784,1781,LGA1851,DDR5,,
Motherboard,MSI PRO-AM5 v1386,1855,1721,AM5,DDR5,,
Motherboard,ASRock PRO-LGA1700 v1387,483,490,LGA1700,DDR4,,
Motherboard,ASUS PRO-AM4 v1388,791,802,AM4,DDR4,,
Motherboard,ASUS PRO-LGA1200 v1389,673,603,LGA1200,DDR4,,
Motherboard,MSI PRO-LGA1851 v1390,1896,1712,LGA1851,DDR5,,
Motherboard,Gigabyte PRO-AM5 v1391,717,853,AM5,DDR5,,
Motherboard,Gigabyte PRO-AM5 v1392,984,1055,AM5,DDR5,,
Motherboard,Gigabyte PRO-AM4 v1393,1705,1459,AM4,DDR4,,
Motherboard,ASUS PRO-AM4 v1394,1745,2052,AM4,DDR4,,
Motherboard,ASUS PRO-LGA1851 v1395,917,1093,LGA1851,DDR5,,
Motherboard,Gigabyte PRO-LGA1851 v1396,706,651,LGA1851,DDR5,,
Motherboard,Gigabyte PRO-LGA1200 v1397,1339,1581,LGA1200,DDR4,,
Motherboard,ASRock PRO-LGA1200 v1398,1966,1695,LGA1200,DDR4,,
Motherboard,ASUS PRO-AM4 v1399,1992,1850,AM4,DDR5,,
Motherboard,ASUS PRO-LGA1200 v1400,1766,1743,LGA1200,DDR5,,
Motherboard,ASRock PRO-AM4 v1401,1643,1610,AM4,DDR4,,
Motherboard,MSI PRO-LGA1851 v1402,1903,1611,LGA1851,DDR5,,
Motherboard,MSI PRO-AM4 v1403,459,407,AM4,DDR4,,
Motherboard,ASUS PRO-LGA1700 v1404,1130,1305,LGA1700,DDR4,,
Motherboard,ASRock PRO-LGA1851 v1405,1464,1636,LGA1851,DDR5,,
Motherboard,ASRock PRO-LGA1700 v1406,1096,1246,LGA1700,DDR5,,
Motherboard,MSI PRO-AM5 v1407,1082,887,AM5,DDR5,,
Motherboard,MSI PRO-AM4 v1408,1643,1642,AM4,DDR5,,
Motherboard,Gigabyte PRO-LGA1851 v1409,1070,917,LGA1851,DDR5,,
Motherboard,ASUS PRO-LGA1200 v1410,303,344,LGA1200,DDR5,,
Motherboard,Gigabyte PRO-AM5 v1411,696,571,AM5,DDR5,,
Motherboard,MSI PRO-LGA1200 v1412,1564,1337,LGA1200,DDR4,,
Motherboard,ASUS PRO-AM5 v1413,1842,2179,AM5,DDR5,,
Motherboard,MSI PRO-AM4 v1414,606,526,AM4,DDR5,,
Motherboard,ASRock PRO-AM5 v1415,1775,2117,AM5,DDR5,,
Motherboard,ASUS PRO-AM5 v1416,1979,2287,AM5,DDR5,,
Motherboard,ASUS PRO-LGA1200 v1417,1659,1441,LGA1200,DDR4,,
Motherboard,MSI PRO-LGA1851 v1418,1593,1715,LGA1851,DDR5,,
Motherboard,Gigabyte PRO-LGA1200 v1419,1985,2199,LGA1200,DDR4,,
Motherboard,Gigabyte PRO-AM4 v1420,1453,1319,AM4,DDR5,,
Motherboard,ASRock PRO-LGA1200 v1421,783,787,LGA1200,DDR4,,
Motherboard,ASUS PRO-LGA1700 v1422,804,949,LGA1700,DDR5,,
Motherboard,ASUS PRO-LGA1200 v1423,1717,1469,LGA1200,DDR4,,
Motherboard,Gigabyte PRO-LGA1700 v1424,1798,2093,LGA1700,DDR4,,
Motherboard,ASUS PRO-AM4 v1425,314,268,AM4,DDR5,,
Motherboard,MSI PRO-LGA1700 v1426,763,713,LGA1700,DDR5,,
Motherboard,ASRock PRO-AM5 v1427,1267,1287,AM5,DDR5,,
Motherboard,MSI PRO-AM4 v1428,899,1032,AM4,DDR4,,
Motherboard,ASRock PRO-LGA1200 v1429,1792,1831,LGA1200,DDR4,,
Motherboard,MSI PRO-AM5 v1430,536,515,AM5,DDR5,,
Motherboard,ASRock PRO-LGA1700 v1431,747,643,LGA1700,DDR5,,
Motherboard,ASUS PRO-AM4 v1432,323,283,AM4,DDR4,,
Motherboard,MSI PRO-AM5 v1433,1643,1737,AM5,DDR5,,
Motherboard,ASUS PRO-LGA1700 v1434,1520,1537,LGA1700,DDR4,,
Motherboard,ASRock PRO-LGA1700 v1435,1917,2031,LGA1700,DDR4,,
Motherboard,MSI PRO-AM4 v1436,413,488,AM4,DDR5,,
Motherboard,ASRock PRO-AM4 v1437,1495,1718,AM4,DDR5,,
Motherboard,ASRock PRO-LGA1700 v1438,365,320,LGA1700,DDR4,,
Motherboard,Gigabyte PRO-LGA1700 v1439,1600,1340,LGA1700,DDR4,,
Motherboard,ASUS PRO-AM4 v1440,1162,1210,AM4,DDR4,,
Motherboard,ASRock PRO-LGA1200 v1441,1595,1453,LGA1200,DDR5,,
Motherboard,ASUS PRO-LGA1700 v1442,1564,1869,LGA1700,DDR4,,
Motherboard,MSI PRO-LGA1700 v1443,1208,1009,LGA1700,DDR4,,
Motherboard,ASUS PRO-AM4 v1444,970,904,AM4,DDR5,,
Motherboard,ASUS PRO-AM5 v1445,1503,1766,AM5,DDR5,,
Motherboard,ASRock PRO-AM4 v1446,652,536,AM4,DDR5,,
Motherboard,ASRock PRO-AM4 v1447,624,704,AM4,DDR5,,
Motherboard,MSI PRO-AM4 v1448,1712,1819,AM4,DDR4,,
Motherboard,Gigabyte PRO-AM4 v1449,1152,1211,AM4,DDR4,,
Motherboard,Gigabyte PRO-LGA1200 v1450,1875,2200,LGA1200,DDR4,,
Motherboard,ASRock PRO-LGA1851 v1451,1091,1049,LGA1851,DDR5,,
Motherboard,ASUS PRO-LGA1851 v1452,1844,1598,LGA1851,DDR5,,
Motherboard,ASUS PRO-LGA1851 v1453,604,513,LGA1851,DDR5,,
Motherboard,ASUS PRO-AM4 v1454,1125,1200,AM4,DDR4,,
Motherboard,ASRock PRO-AM4 v1455,340,391,AM4,DDR4,,
Motherboard,ASUS PRO-AM4 v1456,1313,1478,AM4,DDR4,,
Motherboard,Gigabyte PRO-AM5 v1457,1502,1301,AM5,DDR5,,
Motherboard,ASRock PRO-LGA1200 v1458,1392,1448,LGA1200,DDR5,,
Motherboard,MSI PRO-AM4 v1459,1506,1600,AM4,DDR5,,
Motherboard,ASRock PRO-AM5 v1460,1598,1635,AM5,DDR5,,
Motherboard,ASRock PRO-AM4 v1461,1131,1045,AM4,DDR5,,
Motherboard,ASUS PRO-LGA1851 v1462,661,565,LGA1851,DDR5,,
Motherboard,MSI PRO-AM4 v1463,1303,1146,AM4,DDR5,,
Motherboard,MSI PRO-AM4 v1464,1129,940,AM4,DDR4,,
Motherboard,ASUS PRO-AM4 v1465,539,519,AM4,DDR5,,
Motherboard,MSI PRO-LGA1700 v1466,1327,1179,LGA1700,DDR5,,
Motherboard,Gigabyte PRO-LGA1700 v1467,1460,1626,LGA1700,DDR4,,
Motherboard,ASUS PRO-LGA1200 v1468,1796,1572,LGA1200,DDR4,,
Motherboard,MSI PRO-AM4 v1469,1418,1441,AM4,DDR5,,
Motherboard,ASUS PRO-LGA1200 v1470,1206,1203,LGA1200,DDR5,,
Motherboard,MSI PRO-LGA1851 v1471,1431,1532,LGA1851,DDR5,,
Motherboard,ASUS PRO-AM4 v1472,762,908,AM4,DDR4,,
Motherboard,MSI PRO-AM4 v1473,573,504,AM4,DDR5,,
Motherboard,MSI PRO-LGA1200 v1474,760,907,LGA1200,DDR4,,
Motherboard,Gigabyte PRO-AM5 v1475,392,328,AM5,DDR5,,
Motherboard,ASUS PRO-AM4 v1476,1957,2133,AM4,DDR5,,
Motherboard,ASRock PRO-AM4 v1477,746,716,AM4,DDR5,,
Motherboard,ASRock PRO-LGA1851 v1478,1819,1484,LGA1851,DDR5,,
Motherboard,ASRock PRO-LGA1700 v1479,540,525,LGA1700,DDR5,,
Motherboard,ASRock PRO-LGA1700 v1480,1441,1696,LGA1700,DDR4,,
Motherboard,MSI PRO-LGA1700 v1481,1752,1465,LGA1700,DDR5,,
Motherboard,MSI PRO-LGA1200 v1482,1890,2213,LGA1200,DDR5,,
Motherboard,MSI PRO-LGA1200 v1483,1880,2063,LGA1200,DDR4,,
Motherboard,ASUS PRO-LGA1700 v1484,1867,1542,LGA1700,DDR4,,
Motherboard,ASRock PRO-LGA1700 v1485,1506,1713,LGA1700,DDR4,,
Motherboard,ASUS PRO-AM5 v1486,1268,1433,AM5,DDR5,,
Motherboard,Gigabyte PRO-LGA1700 v1487,1135,1093,LGA1700,DDR5,,
Motherboard,ASUS PRO-AM4 v1488,1333,1352,AM4,DDR4,,
Motherboard,ASRock PRO-LGA1200 v1489,324,380,LGA1200,DDR5,,
Motherboard,ASRock PRO-LGA1700 v1490,1171,1022,LGA1700,DDR5,,
Motherboard,MSI PRO-AM5 v1491,1816,1602,AM5,DDR5,,
Motherboard,Gigabyte PRO-LGA1200 v1492,1520,1349,LGA1200,DDR4,,
Motherboard,ASUS PRO-LGA1851 v1493,1565,1447,LGA1851,DDR5,,
Motherboard,Gigabyte PRO-LGA1851 v1494,1637,1723,LGA1851,DDR5,,
Motherboard,MSI PRO-AM4 v1495,641,515,AM4,DDR4,,
Motherboard,Gigabyte PRO-LGA1200 v1496,673,759,LGA1200,DDR5,,
Motherboard,ASRock PRO-AM5 v1497,1547,1257,AM5,DDR5,,
Motherboard,ASUS PRO-LGA1700 v1498,1968,2281,LGA1700,DDR5,,
Motherboard,MSI PRO-LGA1200 v1499,937,801,LGA1200,DDR5,,
RAM,G.Skill DDR5 3600MHz CL32-0,925,933,,DDR5,,
RAM,Crucial DDR4 6000MHz CL33-1,616,668,,DDR4,,
RAM,Corsair DDR4 4800MHz CL35-2,1140,1162,,DDR4,,
RAM,G.Skill DDR5 3200MHz CL39-3,986,841,,DDR5,,
RAM,G.Skill DDR4 6000MHz CL23-4,337,390,,DDR4,,
RAM,Kingston DDR5 6000MHz CL36-5,1325,1194,,DDR5,,
RAM,Corsair DDR4 6000MHz CL31-6,368,302,,DDR4,,
RAM,Crucial DDR5 3600MHz CL23-7,415,493,,DDR5,,
RAM,Corsair DDR5 4800MHz CL18-8,739,773,,DDR5,,
RAM,Corsair DDR4 4800MHz CL14-9,1167,1291,,DDR4,,
RAM,G.Skill DDR5 3200MHz CL40-10,485,513,,DDR5,,
RAM,G.Skill DDR4 3200MHz CL38-11,1024,1048,,DDR4,,
RAM,Crucial DDR5 3200MHz CL24-12,771,653,,DDR5,,
RAM,G.Skill DDR5 7200MHz CL27-13,845,763,,DDR5,,
RAM,Corsair DDR5 4800MHz CL19-14,371,391,,DDR5,,
RAM,G.Skill DDR4 3200MHz CL26-15,785,741,,DDR4,,
RAM,Crucial DDR4 3200MHz CL33-16,1287,1480,,DDR4,,
RAM,Crucial DDR5 7200MHz CL30-17,601,662,,DDR5,,
RAM,Kingston DDR5 6000MHz CL23-18,313,259,,DDR5,,
RAM,G.Skill DDR4 7200MHz CL25-19,1252,1265,,DDR4,,
RAM,Kingston DDR4 7200MHz CL32-20,861,745,,DDR4,,
RAM,G.Skill DDR5 3600MHz CL20-21,235,275,,DDR5,,
RAM,Kingston DDR5 3200MHz CL34-22,390,440,,DDR5,,
RAM,Kingston DDR5 4800MHz CL22-23,558,637,,DDR5,,
RAM,Corsair DDR4 3200MHz CL21-24,356,371,,DDR4,,
RAM,Corsair DDR4 6000MHz CL33-25,474,492,,DDR4,,
RAM,G.Skill DDR4 3600MHz CL32-26,635,522,,DDR4,,
RAM,Corsair DDR5 7200MHz CL22-27,1116,908,,DDR5,,
RAM,Kingston DDR5 3200MHz CL37-28,757,884,,DDR5,,
RAM,Kingston DDR5 4800MHz CL39-29,412,477,,DDR5,,
RAM,G.Skill DDR5 3600MHz CL37-30,810,759,,DDR5,,
RAM,G.Skill DDR4 5200MHz CL15-31,483,405,,DDR4,,
RAM,G.Skill DDR4 3600MHz CL18-32,1008,1102,,DDR4,,
RAM,Kingston DDR4 5200MHz CL20-33,505,583,,DDR4,,
RAM,Kingston DDR4 4800MHz CL20-34,1013,920,,DDR4,,
RAM,Kingston DDR4 5200MHz CL23-35,1302,1523,,DDR4,,
RAM,Corsair DDR5 5200MHz CL16-36,729,859,,DDR5,,
RAM,Crucial DDR4 6000MHz CL18-37,277,271,,DDR4,,
RAM,G.Skill DDR5 5200MHz CL26-38,493,462,,DDR5,,
RAM,Crucial DDR4 5200MHz CL27-39,610,636,,DDR4,,
RAM,Crucial DDR5 4800MHz CL27-40,507,574,,DDR5,,
RAM,G.Skill DDR4 6000MHz CL18-41,189,209,,DDR4,,
RAM,G.Skill DDR5 7200MHz CL22-42,1327,1131,,DDR5,,
RAM,Crucial DDR4 4800MHz CL18-43,201,239,,DDR4,,
RAM,Kingston DDR4 3200MHz CL29-44,704,775,,DDR4,,
RAM,Crucial DDR5 5200MHz CL20-45,774,927,,DDR5,,
RAM,Crucial DDR5 5200MHz CL18-46,1336,1500,,DDR5,,
RAM,Crucial DDR5 7200MHz CL36-47,1266,1259,,DDR5,,
RAM,Kingston DDR4 7200MHz CL22-48,607,662,,DDR4,,
RAM,Corsair DDR4 6000MHz CL17-49,373,350,,DDR4,,
RAM,Corsair DDR5 3600MHz CL33-50,1146,1209,,DDR5,,
RAM,G.Skill DDR4 5200MHz CL33-51,1267,1519,,DDR4,,
RAM,Corsair DDR5 6000MHz CL18-52,799,873,,DDR5,,
RAM,Corsair DDR4 7200MHz CL26-53,1352,1368,,DDR4,,
RAM,Corsair DDR5 7200MHz CL33-54,1088,1278,,DDR5,,
RAM,Crucial DDR4 6000MHz CL35-55,987,1097,,DDR4,,
RAM,Crucial DDR4 4800MHz CL15-56,1207,1378,,DDR4,,
RAM,Corsair DDR5 4800MHz CL21-57,558,475,,DDR5,,
RAM,Crucial DDR5 7200MHz CL32-58,408,384,,DDR5,,
RAM,Crucial DDR5 7200MHz CL31-59,1175,1367,,DDR5,,
RAM,Crucial DDR5 3200MHz CL16-60,483,386,,DDR5,,
RAM,G.Skill DDR5 5200MHz CL14-61,994,810,,DDR5,,
RAM,Kingston DDR5 4800MHz CL38-62,331,307,,DDR5,,
RAM,Crucial DDR4 5200MHz CL22-63,1394,1209,,DDR4,,
RAM,G.Skill DDR4 6000MHz CL23-64,1329,1562,,DDR4,,
RAM,G.Skill DDR4 3600MHz CL17-65,1224,1155,,DDR4,,
RAM,Kingston DDR5 3600MHz CL14-66,468,403,,DDR5,,
RAM,G.Skill DDR4 6000MHz CL34-67,215,216,,DDR4,,
RAM,Crucial DDR4 5200MHz CL14-68,1241,1043,,DDR4,,
RAM,G.Skill DDR4 6000MHz CL36-69,959,1136,,DDR4,,
RAM,Corsair DDR4 7200MHz CL31-70,1472,1318,,DDR4,,
RAM,G.Skill DDR5 5200MHz CL34-71,708,621,,DDR5,,
RAM,Kingston DDR4 3600MHz CL26-72,931,770,,DDR4,,
RAM,Crucial DDR4 6000MHz CL25-73,768,670,,DDR4,,
RAM,Corsair DDR5 3200MHz CL20-74,385,354,,DDR5,,
RAM,Kingston DDR5 5200MHz CL30-75,1084,889,,DDR5,,
RAM,G.Skill DDR4 4800MHz CL26-76,1289,1347,,DDR4,,
RAM,Kingston DDR5 4800MHz CL22-77,242,206,,DDR5,,
RAM,Corsair DDR5 7200MHz CL34-78,521,541,,DDR5,,
RAM,G.Skill DDR4 6000MHz CL25-79,1041,1211,,DDR4,,
RAM,G.Skill DDR5 4800MHz CL30-80,1159,1262,,DDR5,,
RAM,G.Skill DDR4 3600MHz CL28-81,981,820,,DDR4,,
RAM,Kingston DDR4 7200MHz CL38-82,302,336,,DDR4,,
RAM,Kingston DDR4 7200MHz CL18-83,652,588,,DDR4,,
RAM,Corsair DDR5 4800MHz CL25-84,163,151,,DDR5,,
RAM,Corsair DDR4 4800MHz CL16-85,233,200,,DDR4,,
RAM,G.Skill DDR4 4800MHz CL30-86,1105,906,,DDR4,,
RAM,Kingston DDR4 6000MHz CL26-87,271,309,,DDR4,,
RAM,Kingston DDR4 3600MHz CL24-88,1089,1287,,DDR4,,
RAM,Kingston DDR4 3600MHz CL40-89,883,980,,DDR4,,
RAM,Kingston DDR5 7200MHz CL31-90,1441,1517,,DDR5,,
RAM,Corsair DDR4 4800MHz CL24-91,200,200,,DDR4,,
RAM,Corsair DDR5 5200MHz CL28-92,201,204,,DDR5,,
RAM,Crucial DDR4 6000MHz CL27-93,1369,1541,,DDR4,,
RAM,Corsair DDR4 3200MHz CL20-94,737,756,,DDR4,,
RAM,Crucial DDR4 3600MHz CL26-95,308,270,,DDR4,,
RAM,G.Skill DDR4 4800MHz CL22-96,317,308,,DDR4,,
RAM,Corsair DDR4 6000MHz CL24-97,1422,1514,,DDR4,,
RAM,Crucial DDR5 6000MHz CL22-98,608,729,,DDR5,,
RAM,Crucial DDR5 3600MHz CL16-99,504,489,,DDR5,,
RAM,G.Skill DDR5 5200MHz CL29-100,1460,1227,,DDR5,,
RAM,Corsair DDR4 4800MHz CL30-101,868,859,,DDR4,,
RAM,Corsair DDR4 5200MHz CL14-102,993,947,,DDR4,,
RAM,G.Skill DDR4 4800MHz CL24-103,459,472,,DDR4,,
RAM,Kingston DDR5 4800MHz CL23-104,353,412,,DDR5,,
RAM,Kingston DDR5 6000MHz CL38-105,1020,1169,,DDR5,,
RAM,Corsair DDR5 7200MHz CL37-106,1230,1033,,DDR5,,
RAM,G.Skill DDR4 3600MHz CL26-107,867,736,,DDR4,,
RAM,Crucial DDR5 3600MHz CL16-108,816,880,,DDR5,,
RAM,Corsair DDR4 4800MHz CL29-109,804,934,,DDR4,,
RAM,Crucial DDR4 3200MHz CL22-110,1456,1241,,DDR4,,
RAM,Kingston DDR5 6000MHz CL21-111,1290,1334,,DDR5,,
RAM,Crucial DDR5 3600MHz CL36-112,533,429,,DDR5,,
RAM,Kingston DDR5 3600MHz CL24-113,166,189,,DDR5,,
RAM,G.Skill DDR4 6000MHz CL32-114,1122,1005,,DDR4,,
RAM,Kingston DDR5 5200MHz CL23-115,740,612,,DDR5,,
RAM,Kingston DDR5 3200MHz CL23-116,1382,1410,,DDR5,,
RAM,Crucial DDR4 3600MHz CL17-117,1334,1525,,DDR4,,
RAM,Crucial DDR5 6000MHz CL31-118,674,807,,DDR5,,
RAM,G.Skill DDR4 3600MHz CL32-119,688,601,,DDR4,,
RAM,Corsair DDR5 4800MHz CL34-120,580,478,,DDR5,,
RAM,Crucial DDR4 6000MHz CL18-121,573,554,,DDR4,,
RAM,Kingston DDR4 3200MHz CL18-122,585,475,,DDR4,,
RAM,Corsair DDR5 3600MHz CL20-123,1067,1058,,DDR5,,
RAM,Corsair DDR5 6000MHz CL32-124,847,786,,DDR5,,
RAM,Kingston DDR4 3200MHz CL33-125,745,793,,DDR4,,
RAM,Kingston DDR4 5200MHz CL15-126,1042,927,,DDR4,,
RAM,Kingston DDR5 4800MHz CL27-127,365,354,,DDR5,,
RAM,Corsair DDR5 6000MHz CL35-128,475,565,,DDR5,,
RAM,Crucial DDR5 5200MHz CL18-129,1062,1010,,DDR5,,
RAM,Corsair DDR5 3600MHz CL14-130,797,735,,DDR5,,
RAM,Kingston DDR5 4800MHz CL38-131,274,275,,DDR5,,
RAM,Kingston DDR4 7200MHz CL35-132,1137,1068,,DDR4,,
RAM,Kingston DDR4 7200MHz CL35-133,522,596,,DDR4,,
RAM,Crucial DDR5 4800MHz CL23-134,204,166,,DDR5,,
RAM,Kingston DDR4 3600MHz CL39-135,702,772,,DDR4,,
RAM,Kingston DDR4 4800MHz CL32-136,800,893,,DDR4,,
RAM,G.Skill DDR4 7200MHz CL35-137,533,433,,DDR4,,
RAM,Kingston DDR5 5200MHz CL24-138,1141,919,,DDR5,,
RAM,Crucial DDR4 6000MHz CL36-139,1327,1115,,DDR4,,
RAM,Kingston DDR5 4800MHz CL27-140,622,658,,DDR5,,
RAM,Kingston DDR4 4800MHz CL17-141,1139,1213,,DDR4,,
RAM,Kingston DDR5 7200MHz CL20-142,246,196,,DDR5,,
RAM,G.Skill DDR5 7200MHz CL17-143,923,1005,,DDR5,,
RAM,Corsair DDR5 3200MHz CL35-144,461,405,,DDR5,,
RAM,G.Skill DDR5 3600MHz CL37-145,876,1030,,DDR5,,
RAM,Kingston DDR5 3600MHz CL35-146,1294,1160,,DDR5,,
RAM,Corsair DDR4 3600MHz CL34-147,1196,1274,,DDR4,,
RAM,Kingston DDR5 6000MHz CL29-148,1017,944,,DDR5,,
RAM,Corsair DDR5 7200MHz CL24-149,1337,1540,,DDR5,,
RAM,Corsair DDR5 5200MHz CL24-150,186,152,,DDR5,,
RAM,Crucial DDR4 6000MHz CL15-151,579,515,,DDR4,,
RAM,Corsair DDR5 3200MHz CL35-152,1035,869,,DDR5,,
RAM,Corsair DDR5 6000MHz CL26-153,418,415,,DDR5,,
RAM,Corsair DDR5 4800MHz CL38-154,247,279,,DDR5,,
RAM,G.Skill DDR4 6000MHz CL35-155,1243,1351,,DDR4,,
RAM,Crucial DDR5 3200MHz CL29-156,686,572,,DDR5,,
RAM,Crucial DDR5 3200MHz CL18-157,892,1032,,DDR5,,
RAM,G.Skill DDR4 5200MHz CL27-158,1382,1553,,DDR4,,
RAM,Kingston DDR5 4800MHz CL32-159,323,319,,DDR5,,
RAM,Crucial DDR4 3200MHz CL37-160,732,631,,DDR4,,
RAM,G.Skill DDR5 3200MHz CL34-161,1227,1195,,DDR5,,
RAM,G.Skill DDR5 3600MHz CL17-162,396,421,,DDR5,,
RAM,Corsair DDR5 5200MHz CL16-163,203,176,,DDR5,,
RAM,Corsair DDR5 5200MHz CL17-164,399,371,,DDR5,,
RAM,Kingston DDR4 5200MHz CL29-165,495,445,,DDR4,,
RAM,Corsair DDR5 4800MHz CL17-166,597,644,,DDR5,,
RAM,Kingston DDR4 3200MHz CL21-167,1456,1339,,DDR4,,
RAM,Corsair DDR5 6000MHz CL30-168,807,714,,DDR5,,
RAM,Kingston DDR5 3200MHz CL33-169,226,220,,DDR5,,
RAM,Corsair DDR5 3200MHz CL39-170,1456,1430,,DDR5,,
RAM,Kingston DDR4 7200MHz CL15-171,1130,986,,DDR4,,
RAM,G.Skill DDR4 6000MHz CL30-172,1425,1263,,DDR4,,
RAM,Corsair DDR5 4800MHz CL31-173,280,270,,DDR5,,
RAM,Kingston DDR4 6000MHz CL29-174,693,717,,DDR4,,
RAM,Kingston DDR4 3200MHz CL25-175,1073,910,,DDR4,,
RAM,Crucial DDR4 6000MHz CL36-176,197,180,,DDR4,,
RAM,Kingston DDR4 3200MHz CL14-177,993,806,,DDR4,,
RAM,Kingston DDR5 4800MHz CL39-178,527,434,,DDR5,,
RAM,Corsair DDR5 7200MHz CL15-179,241,271,,DDR5,,
RAM,Corsair DDR4 7200MHz CL35-180,1415,1631,,DDR4,,
RAM,Corsair DDR5 4800MHz CL23-181,1354,1156,,DDR5,,
RAM,Corsair DDR5 4800MHz CL28-182,762,687,,DDR5,,
RAM,Kingston DDR5 5200MHz CL30-183,729,663,,DDR5,,
RAM,Corsair DDR5 5200MHz CL27-184,192,155,,DDR5,,
RAM,Kingston DDR4 5200MHz CL35-185,171,173,,DDR4,,
RAM,Crucial DDR5 6000MHz CL17-186,1334,1453,,DDR5,,
RAM,Corsair DDR5 3600MHz CL31-187,1078,1227,,DDR5,,
RAM,Crucial DDR5 6000MHz CL20-188,440,485,,DDR5,,
RAM,G.Skill DDR4 7200MHz CL22-189,984,918,,DDR4,,
RAM,Corsair DDR4 5200MHz CL16-190,1155,1381,,DDR4,,
RAM,G.Skill DDR5 3200MHz CL25-191,266,243,,DDR5,,
RAM,Kingston DDR4 3200MHz CL38-192,1268,1475,,DDR4,,
RAM,Corsair DDR4 7200MHz CL37-193,980,932,,DDR4,,
RAM,G.Skill DDR5 6000MHz CL26-194,1348,1279,,DDR5,,
RAM,Crucial DDR4 6000MHz CL14-195,1162,1012,,DDR4,,
RAM,Crucial DDR5 7200MHz CL24-196,889,980,,DDR5,,
RAM,G.Skill DDR5 3200MHz CL36-197,1415,1361,,DDR5,,
RAM,Crucial DDR5 4800MHz CL25-198,775,641,,DDR5,,
RAM,Corsair DDR5 4800MHz CL21-199,331,349,,DDR5,,
RAM,Kingston DDR4 3600MHz CL17-200,1248,1141,,DDR4,,
RAM,Corsair DDR5 4800MHz CL21-201,1087,1147,,DDR5,,
RAM,Kingston DDR4 4800MHz CL40-202,501,556,,DDR4,,
RAM,G.Skill DDR5 3600MHz CL40-203,976,926,,DDR5,,
RAM,Crucial DDR5 3200MHz CL32-204,518,451,,DDR5,,
RAM,G.Skill DDR4 7200MHz CL27-205,688,746,,DDR4,,
RAM,Crucial DDR5 3600MHz CL22-206,1162,1259,,DDR5,,
RAM,G.Skill DDR5 3200MHz CL18-207,456,374,,DDR5,,
RAM,Corsair DDR4 3200MHz CL39-208,732,860,,DDR4,,
RAM,Crucial DDR4 3200MHz CL15-209,902,774,,DDR4,,
RAM,G.Skill DDR5 6000MHz CL23-210,661,585,,DDR5,,
RAM,Kingston DDR4 7200MHz CL17-211,429,349,,DDR4,,
RAM,Corsair DDR5 4800MHz CL21-212,779,660,,DDR5,,
RAM,G.Skill DDR5 5200MHz CL34-213,1395,1554,,DDR5,,
RAM,Crucial DDR5 5200MHz CL24-214,337,362,,DDR5,,
RAM,Kingston DDR5 3200MHz CL19-215,788,936,,DDR5,,
RAM,Corsair DDR5 3600MHz CL21-216,942,779,,DDR5,,
RAM,Crucial DDR5 6000MHz CL25-217,1358,1502,,DDR5,,
RAM,G.Skill DDR5 4800MHz CL17-218,362,341,,DDR5,,
RAM,G.Skill DDR5 3200MHz CL27-219,263,299,,DDR5,,
RAM,Kingston DDR5 7200MHz CL15-220,341,292,,DDR5,,
RAM,Crucial DDR4 6000MHz CL22-221,1199,1191,,DDR4,,
RAM,Kingston DDR4 5200MHz CL31-222,839,944,,DDR4,,
RAM,G.Skill DDR4 5200MHz CL31-223,1500,1473,,DDR4,,
RAM,Crucial DDR4 6000MHz CL26-224,625,646,,DDR4,,
RAM,G.Skill DDR4 3600MHz CL21-225,275,319,,DDR4,,
RAM,Kingston DDR5 3600MHz CL18-226,293,344,,DDR5,,
RAM,G.Skill DDR5 3600MHz CL29-227,1212,1080,,DDR5,,
RAM,Corsair DDR4 6000MHz CL18-228,836,883,,DDR4,,
RAM,Corsair DDR5 5200MHz CL27-229,520,598,,DDR5,,
RAM,Corsair DDR4 3600MHz CL32-230,1312,1291,,DDR4,,
RAM,G.Skill DDR4 7200MHz CL31-231,1075,970,,DDR4,,
RAM,Crucial DDR5 7200MHz CL37-232,1256,1122,,DDR5,,
RAM,G.Skill DDR4 7200MHz CL38-233,1005,1009,,DDR4,,
RAM,Crucial DDR5 5200MHz CL24-234,512,459,,DDR5,,
RAM,G.Skill DDR5 7200MHz CL19-235,926,924,,DDR5,,
RAM,Crucial DDR5 4800MHz CL35-236,222,226,,DDR5,,
RAM,Crucial DDR4 4800MHz CL37-237,241,277,,DDR4,,
RAM,G.Skill DDR5 4800MHz CL29-238,693,820,,DDR5,,
RAM,Crucial DDR5 5200MHz CL25-239,779,744,,DDR5,,
RAM,Crucial DDR4 6000MHz CL26-240,973,951,,DDR4,,
RAM,Crucial DDR5 3200MHz CL35-241,1324,1428,,DDR5,,
RAM,Crucial DDR4 3600MHz CL22-242,632,745,,DDR4,,
RAM,Crucial DDR4 3600MHz CL27-243,1186,1115,,DDR4,,
RAM,G.Skill DDR5 6000MHz CL21-244,633,646,,DDR5,,
RAM,Crucial DDR5 3600MHz CL39-245,336,315,,DDR5,,
RAM,Kingston DDR4 6000MHz CL30-246,528,504,,DDR4,,
RAM,G.Skill DDR5 5200MHz CL32-247,376,350,,DDR5,,
RAM,Kingston DDR4 4800MHz CL37-248,977,904,,DDR4,,
RAM,Corsair DDR4 3600MHz CL14-249,1040,1187,,DDR4,,
RAM,Corsair DDR5 4800MHz CL39-250,1371,1620,,DDR5,,
RAM,Kingston DDR5 4800MHz CL17-251,287,243,,DDR5,,
RAM,Kingston DDR4 4800MHz CL26-252,1329,1458,,DDR4,,
RAM,Crucial DDR4 5200MHz CL30-253,1009,1046,,DDR4,,
RAM,Kingston DDR4 4800MHz CL15-254,667,776,,DDR4,,
RAM,Kingston DDR5 7200MHz CL38-255,539,645,,DDR5,,
RAM,Corsair DDR5 5200MHz CL25-256,154,153,,DDR5,,
RAM,G.Skill DDR4 7200MHz CL24-257,1147,1256,,DDR4,,
RAM,Crucial DDR5 4800MHz CL32-258,1460,1282,,DDR5,,
RAM,Corsair DDR5 4800MHz CL15-259,1136,1348,,DDR5,,
RAM,Crucial DDR5 5200MHz CL15-260,1277,1306,,DDR5,,
RAM,Kingston DDR5 5200MHz CL27-261,176,190,,DDR5,,
RAM,Kingston DDR5 5200MHz CL31-262,227,224,,DDR5,,
RAM,Kingston DDR5 7200MHz CL18-263,1018,876,,DDR5,,
RAM,Corsair DDR5 3200MHz CL27-264,1384,1241,,DDR5,,
RAM,G.Skill DDR4 3200MHz CL30-265,783,850,,DDR4,,
RAM,G.Skill DDR4 5200MHz CL17-266,815,871,,DDR4,,
RAM,G.Skill DDR5 5200MHz CL14-267,749,816,,DDR5,,
RAM,Corsair DDR5 3600MHz CL27-268,1335,1548,,DDR5,,
RAM,G.Skill DDR4 4800MHz CL39-269,161,177,,DDR4,,
RAM,Kingston DDR4 3200MHz CL37-270,885,827,,DDR4,,
RAM,Corsair DDR5 6000MHz CL32-271,1026,1192,,DDR5,,
RAM,Crucial DDR5 4800MHz CL37-272,1458,1676,,DDR5,,
RAM,Corsair DDR5 4800MHz CL14-273,444,421,,DDR5,,
RAM,Kingston DDR4 4800MHz CL38-274,831,972,,DDR4,,
RAM,G.Skill DDR5 7200MHz CL22-275,544,634,,DDR5,,
RAM,Corsair DDR5 7200MHz CL35-276,429,362,,DDR5,,
RAM,Crucial DDR5 7200MHz CL32-277,496,536,,DDR5,,
RAM,G.Skill DDR5 7200MHz CL40-278,897,1029,,DDR5,,
RAM,Crucial DDR4 6000MHz CL20-279,585,478,,DDR4,,
RAM,G.Skill DDR5 3600MHz CL24-280,755,637,,DDR5,,
RAM,G.Skill DDR4 3600MHz CL36-281,402,356,,DDR4,,
RAM,Crucial DDR4 6000MHz CL27-282,968,875,,DDR4,,
RAM,Kingston DDR5 4800MHz CL29-283,1099,1164,,DDR5,,
RAM,G.Skill DDR5 7200MHz CL32-284,762,790,,DDR5,,
RAM,Crucial DDR4 6000MHz CL15-285,887,735,,DDR4,,
RAM,Kingston DDR5 6000MHz CL34-286,1475,1639,,DDR5,,
RAM,Kingston DDR4 4800MHz CL37-287,919,796,,DDR4,,
RAM,Corsair DDR5 7200MHz CL17-288,248,285,,DDR5,,
RAM,Kingston DDR4 3200MHz CL33-289,503,533,,DDR4,,
RAM,G.Skill DDR5 4800MHz CL28-290,1276,1229,,DDR5,,
RAM,Kingston DDR5 3600MHz CL21-291,951,881,,DDR5,,
RAM,Kingston DDR4 4800MHz CL33-292,507,425,,DDR4,,
RAM,Kingston DDR5 4800MHz CL31-293,835,987,,DDR5,,
RAM,G.Skill DDR5 5200MHz CL17-294,1352,1088,,DDR5,,
RAM,Crucial DDR4 6000MHz CL17-295,1057,1203,,DDR4,,
RAM,Crucial DDR4 5200MHz CL18-296,864,891,,DDR4,,
RAM,Crucial DDR5 3600MHz CL40-297,511,535,,DDR5,,
RAM,Kingston DDR5 3600MHz CL30-298,1071,1273,,DDR5,,
RAM,Kingston DDR5 3600MHz CL20-299,722,836,,DDR5,,
RAM,Crucial DDR5 4800MHz CL21-300,903,1078,,DDR5,,
RAM,Kingston DDR5 3600MHz CL28-301,900,885,,DDR5,,
RAM,Corsair DDR5 4800MHz CL19-302,912,1000,,DDR5,,
RAM,G.Skill DDR4 3600MHz CL18-303,1273,1405,,DDR4,,
RAM,Kingston DDR5 6000MHz CL18-304,379,379,,DDR5,,
RAM,Kingston DDR5 6000MHz CL37-305,1366,1594,,DDR5,,
RAM,Crucial DDR4 4800MHz CL30-306,962,862,,DDR4,,
RAM,Crucial DDR5 4800MHz CL24-307,1466,1366,,DDR5,,
RAM,Kingston DDR5 3200MHz CL17-308,1399,1244,,DDR5,,
RAM,G.Skill DDR5 3600MHz CL35-309,1174,944,,DDR5,,
RAM,Kingston DDR4 5200MHz CL36-310,825,840,,DDR4,,
RAM,G.Skill DDR5 6000MHz CL15-311,1180,1312,,DDR5,,
RAM,Corsair DDR4 4800MHz CL26-312,619,574,,DDR4,,
RAM,G.Skill DDR4 5200MHz CL25-313,192,206,,DDR4,,
RAM,Crucial DDR5 3200MHz CL17-314,327,297,,DDR5,,
RAM,G.Skill DDR4 3600MHz CL38-315,876,709,,DDR4,,
RAM,Crucial DDR4 4800MHz CL31-316,561,619,,DDR4,,
RAM,Kingston DDR4 7200MHz CL22-317,1120,1222,,DDR4,,
RAM,Corsair DDR4 3200MHz CL29-318,649,555,,DDR4,,
RAM,G.Skill DDR4 6000MHz CL38-319,383,458,,DDR4,,
RAM,Crucial DDR5 5200MHz CL39-320,419,464,,DDR5,,
RAM,Kingston DDR4 6000MHz CL20-321,719,725,,DDR4,,
RAM,Corsair DDR5 3200MHz CL38-322,876,707,,DDR5,,
RAM,Kingston DDR5 6000MHz CL38-323,1458,1184,,DDR5,,
RAM,Crucial DDR4 5200MHz CL35-324,509,574,,DDR4,,
RAM,Corsair DDR4 3200MHz CL23-325,1493,1212,,DDR4,,
RAM,Kingston DDR5 6000MHz CL17-326,1158,935,,DDR5,,
RAM,Corsair DDR4 5200MHz CL27-327,1404,1545,,DDR4,,
RAM,Kingston DDR4 4800MHz CL25-328,1118,1000,,DDR4,,
RAM,Crucial DDR4 3200MHz CL40-329,924,978,,DDR4,,
RAM,Corsair DDR4 5200MHz CL19-330,991,1184,,DDR4,,
RAM,Kingston DDR5 6000MHz CL35-331,1147,1176,,DDR5,,
RAM,G.Skill DDR5 4800MHz CL16-332,176,176,,DDR5,,
RAM,Kingston DDR4 7200MHz CL21-333,402,463,,DDR4,,
RAM,Corsair DDR5 7200MHz CL16-334,596,626,,DDR5,,
RAM,Corsair DDR4 3200MHz CL38-335,249,262,,DDR4,,
RAM,G.Skill DDR5 3600MHz CL18-336,527,518,,DDR5,,
RAM,G.Skill DDR4 5200MHz CL38-337,1351,1396,,DDR4,,
RAM,Corsair DDR5 7200MHz CL26-338,243,221,,DDR5,,
RAM,Crucial DDR4 3200MHz CL24-339,1042,1083,,DDR4,,
RAM,Corsair DDR4 3200MHz CL23-340,510,576,,DDR4,,
RAM,G.Skill DDR5 5200MHz CL14-341,198,182,,DDR5,,
RAM,Corsair DDR5 5200MHz CL27-342,1441,1201,,DDR5,,
RAM,G.Skill DDR4 6000MHz CL36-343,1213,1048,,DDR4,,
RAM,G.Skill DDR5 3200MHz CL35-344,662,602,,DDR5,,
RAM,Corsair DDR5 5200MHz CL33-345,1015,1031,,DDR5,,
RAM,Kingston DDR4 4800MHz CL39-346,1267,1255,,DDR4,,
RAM,G.Skill DDR5 6000MHz CL14-347,982,1042,,DDR5,,
RAM,Corsair DDR5 6000MHz CL22-348,1210,1316,,DDR5,,
RAM,G.Skill DDR4 4800MHz CL17-349,502,528,,DDR4,,
RAM,G.Skill DDR4 6000MHz CL22-350,213,206,,DDR4,,
RAM,Kingston DDR4 5200MHz CL25-351,1476,1238,,DDR4,,
RAM,G.Skill DDR4 7200MHz CL37-352,1417,1175,,DDR4,,
RAM,G.Skill DDR5 6000MHz CL27-353,348,305,,DDR5,,
RAM,Corsair DDR5 6000MHz CL30-354,1277,1435,,DDR5,,
RAM,Kingston DDR5 4800MHz CL30-355,745,613,,DDR5,,
RAM,Crucial DDR5 6000MHz CL30-356,570,482,,DDR5,,
RAM,Crucial DDR4 7200MHz CL15-357,514,432,,DDR4,,
RAM,Crucial DDR4 4800MHz CL34-358,1271,1080,,DDR4,,
RAM,Corsair DDR5 3200MHz CL39-359,1262,1074,,DDR5,,
RAM,Kingston DDR5 3200MHz CL40-360,594,648,,DDR5,,
RAM,Crucial DDR5 6000MHz CL30-361,701,712,,DDR5,,
RAM,Kingston DDR4 6000MHz CL35-362,1041,1204,,DDR4,,
RAM,Corsair DDR4 3200MHz CL19-363,351,404,,DDR4,,
RAM,Crucial DDR4 7200MHz CL15-364,868,939,,DDR4,,
RAM,Corsair DDR5 6000MHz CL35-365,186,212,,DDR5,,
RAM,Kingston DDR4 4800MHz CL39-366,751,689,,DDR4,,
RAM,Kingston DDR4 3600MHz CL20-367,484,532,,DDR4,,
RAM,Corsair DDR4 3600MHz CL26-368,320,375,,DDR4,,
RAM,Corsair DDR4 5200MHz CL22-369,978,998,,DDR4,,
RAM,Crucial DDR5 4800MHz CL23-370,408,383,,DDR5,,
RAM,Corsair DDR5 7200MHz CL34-371,780,842,,DDR5,,
RAM,Kingston DDR4 6000MHz CL20-372,1366,1510,,DDR4,,
RAM,G.Skill DDR5 6000MHz CL33-373,411,407,,DDR5,,
RAM,Crucial DDR5 7200MHz CL15-374,391,394,,DDR5,,
RAM,Crucial DDR4 7200MHz CL18-375,1336,1451,,DDR4,,
RAM,G.Skill DDR4 5200MHz CL31-376,203,181,,DDR4,,
RAM,Crucial DDR4 4800MHz CL18-377,1329,1362,,DDR4,,
RAM,G.Skill DDR4 3600MHz CL19-378,1073,925,,DDR4,,
RAM,Kingston DDR5 7200MHz CL34-379,1363,1354,,DDR5,,
RAM,Kingston DDR4 5200MHz CL27-380,786,899,,DDR4,,
RAM,Corsair DDR5 3600MHz CL19-381,788,890,,DDR5,,
RAM,Corsair DDR4 4800MHz CL32-382,248,274,,DDR4,,
RAM,G.Skill DDR4 7200MHz CL16-383,1361,1279,,DDR4,,
RAM,Corsair DDR5 7200MHz CL39-384,483,519,,DDR5,,
RAM,Kingston DDR5 3200MHz CL27-385,1057,857,,DDR5,,
RAM,Crucial DDR5 3200MHz CL18-386,1157,940,,DDR5,,
RAM,Corsair DDR4 3600MHz CL24-387,942,1083,,DDR4,,
RAM,Crucial DDR4 3600MHz CL14-388,797,893,,DDR4,,
RAM,Crucial DDR5 7200MHz CL35-389,562,565,,DDR5,,
RAM,Corsair DDR5 3600MHz CL35-390,247,245,,DDR5,,
RAM,Crucial DDR4 6000MHz CL17-391,1091,1120,,DDR4,,
RAM,Kingston DDR5 3600MHz CL25-392,963,955,,DDR5,,
RAM,G.Skill DDR4 5200MHz CL30-393,334,397,,DDR4,,
RAM,Corsair DDR4 7200MHz CL17-394,679,648,,DDR4,,
RAM,Kingston DDR5 3600MHz CL18-395,243,267,,DDR5,,
RAM,Kingston DDR4 4800MHz CL29-396,423,342,,DDR4,,
RAM,Kingston DDR4 3200MHz CL14-397,207,188,,DDR4,,
RAM,Corsair DDR4 5200MHz CL35-398,986,986,,DDR4,,
RAM,Crucial DDR4 6000MHz CL35-399,385,456,,DDR4,,
RAM,Corsair DDR5 5200MHz CL34-400,711,675,,DDR5,,
RAM,Corsair DDR4 7200MHz CL24-401,1021,1217,,DDR4,,
RAM,Crucial DDR5 6000MHz CL18-402,631,535,,DDR5,,
RAM,Corsair DDR5 6000MHz CL19-403,490,574,,DDR5,,
RAM,G.Skill DDR5 3200MHz CL14-404,351,335,,DDR5,,
RAM,Corsair DDR4 6000MHz CL16-405,1252,1148,,DDR4,,
RAM,Corsair DDR5 3600MHz CL27-406,1416,1377,,DDR5,,
RAM,Crucial DDR5 4800MHz CL40-407,155,166,,DDR5,,
RAM,Corsair DDR4 3600MHz CL37-408,1324,1123,,DDR4,,
RAM,G.Skill DDR4 3200MHz CL24-409,647,641,,DDR4,,
RAM,Crucial DDR5 6000MHz CL21-410,973,1139,,DDR5,,
RAM,Kingston DDR5 3600MHz CL29-411,329,287,,DDR5,,
RAM,Crucial DDR5 3200MHz CL39-412,1472,1262,,DDR5,,
RAM,Kingston DDR5 3200MHz CL19-413,1213,1363,,DDR5,,
RAM,Kingston DDR4 3200MHz CL19-414,543,573,,DDR4,,
RAM,Corsair DDR4 3200MHz CL36-415,732,780,,DDR4,,
RAM,G.Skill DDR5 5200MHz CL40-416,434,383,,DDR5,,
RAM,Crucial DDR4 3600MHz CL22-417,1190,1379,,DDR4,,
RAM,Kingston DDR4 3600MHz CL31-418,1318,1130,,DDR4,,
RAM,Kingston DDR4 3600MHz CL16-419,1170,1093,,DDR4,,
RAM,Crucial DDR4 5200MHz CL36-420,760,810,,DDR4,,
RAM,Crucial DDR5 7200MHz CL14-421,230,261,,DDR5,,
RAM,G.Skill DDR4 6000MHz CL27-422,1014,1199,,DDR4,,
RAM,G.Skill DDR5 3600MHz CL26-423,1138,1125,,DDR5,,
RAM,Crucial DDR4 4800MHz CL39-424,663,560,,DDR4,,
RAM,G.Skill DDR5 4800MHz CL15-425,1200,1413,,DDR5,,
RAM,Corsair DDR5 7200MHz CL29-426,1414,1476,,DDR5,,
RAM,Kingston DDR4 5200MHz CL21-427,1269,1494,,DDR4,,
RAM,Crucial DDR5 3200MHz CL22-428,1314,1520,,DDR5,,
RAM,Kingston DDR5 4800MHz CL32-429,798,913,,DDR5,,
RAM,Kingston DDR4 4800MHz CL21-430,429,494,,DDR4,,
RAM,Crucial DDR5 7200MHz CL20-431,156,126,,DDR5,,
RAM,G.Skill DDR5 7200MHz CL18-432,573,522,,DDR5,,
RAM,Crucial DDR5 3200MHz CL38-433,466,399,,DDR5,,
RAM,G.Skill DDR5 7200MHz CL14-434,1263,1393,,DDR5,,
RAM,Kingston DDR4 5200MHz CL23-435,1284,1400,,DDR4,,
RAM,G.Skill DDR5 7200MHz CL25-436,913,950,,DDR5,,
RAM,Crucial DDR5 5200MHz CL29-437,556,545,,DDR5,,
RAM,Kingston DDR4 5200MHz CL40-438,587,586,,DDR4,,
RAM,Crucial DDR4 7200MHz CL35-439,1208,992,,DDR4,,
RAM,Corsair DDR4 4800MHz CL27-440,932,954,,DDR4,,
RAM,G.Skill DDR5 5200MHz CL27-441,318,357,,DDR5,,
RAM,G.Skill DDR4 4800MHz CL15-442,1301,1517,,DDR4,,
RAM,Corsair DDR5 3600MHz CL27-443,1238,1345,,DDR5,,
RAM,Crucial DDR4 6000MHz CL22-444,1108,991,,DDR4,,
RAM,Crucial DDR4 3200MHz CL26-445,1344,1406,,DDR4,,
RAM,Kingston DDR4 5200MHz CL33-446,798,798,,DDR4,,
RAM,Kingston DDR5 5200MHz CL26-447,303,329,,DDR5,,
RAM,Kingston DDR5 5200MHz CL36-448,1259,1503,,DDR5,,
RAM,Corsair DDR5 4800MHz CL20-449,612,545,,DDR5,,
RAM,Crucial DDR4 3600MHz CL24-450,1100,990,,DDR4,,
RAM,Corsair DDR5 7200MHz CL24-451,726,602,,DDR5,,
RAM,Kingston DDR4 6000MHz CL39-452,1444,1504,,DDR4,,
RAM,Kingston DDR5 4800MHz CL26-453,969,967,,DDR5,,
RAM,Corsair DDR5 7200MHz CL20-454,512,469,,DDR5,,
RAM,G.Skill DDR4 3600MHz CL18-455,1366,1223,,DDR4,,
RAM,Corsair DDR4 5200MHz CL34-456,422,339,,DDR4,,
RAM,G.Skill DDR4 3600MHz CL24-457,649,528,,DDR4,,
RAM,G.Skill DDR4 4800MHz CL35-458,679,753,,DDR4,,
RAM,Corsair DDR4 6000MHz CL17-459,690,574,,DDR4,,
RAM,Kingston DDR4 6000MHz CL31-460,996,825,,DDR4,,
RAM,Crucial DDR5 3200MHz CL23-461,1108,1257,,DDR5,,
RAM,Corsair DDR4 7200MHz CL36-462,324,282,,DDR4,,
RAM,G.Skill DDR5 6000MHz CL30-463,935,1046,,DDR5,,
RAM,Corsair DDR4 5200MHz CL14-464,1334,1439,,DDR4,,
RAM,G.Skill DDR4 6000MHz CL40-465,1077,932,,DDR4,,
RAM,Crucial DDR4 7200MHz CL28-466,1128,1065,,DDR4,,
RAM,Crucial DDR4 3600MHz CL19-467,1380,1209,,DDR4,,
RAM,G.Skill DDR5 7200MHz CL21-468,1106,1205,,DDR5,,
RAM,G.Skill DDR4 7200MHz CL21-469,663,736,,DDR4,,
RAM,Corsair DDR5 7200MHz CL31-470,758,791,,DDR5,,
RAM,G.Skill DDR5 3200MHz CL26-471,1324,1137,,DDR5,,
RAM,Kingston DDR5 3600MHz CL28-472,331,314,,DDR5,,
RAM,Crucial DDR4 4800MHz CL18-473,1461,1746,,DDR4,,
RAM,Crucial DDR5 3200MHz CL38-474,465,524,,DDR5,,
RAM,G.Skill DDR4 7200MHz CL21-475,433,452,,DDR4,,
RAM,Corsair DDR4 7200MHz CL19-476,1197,1338,,DDR4,,
RAM,G.Skill DDR5 3200MHz CL39-477,1140,998,,DDR5,,
RAM,Kingston DDR5 3600MHz CL27-478,758,714,,DDR5,,
RAM,Crucial DDR5 6000MHz CL33-479,653,664,,DDR5,,
RAM,G.Skill DDR4 5200MHz CL40-480,950,1005,,DDR4,,
RAM,Corsair DDR4 3200MHz CL16-481,622,646,,DDR4,,
RAM,Corsair DDR5 3600MHz CL26-482,491,462,,DDR5,,
RAM,Corsair DDR5 4800MHz CL26-483,1156,1042,,DDR5,,
RAM,Crucial DDR4 5200MHz CL37-484,747,821,,DDR4,,
RAM,Corsair DDR5 7200MHz CL35-485,277,275,,DDR5,,
RAM,Kingston DDR5 3200MHz CL32-486,1142,978,,DDR5,,
RAM,G.Skill DDR5 7200MHz CL15-487,450,506,,DDR5,,
RAM,Crucial DDR5 3200MHz CL32-488,266,274,,DDR5,,
RAM,Corsair DDR4 5200MHz CL35-489,467,403,,DDR4,,
RAM,G.Skill DDR4 4800MHz CL40-490,369,352,,DDR4,,
RAM,Crucial DDR5 7200MHz CL22-491,571,588,,DDR5,,
RAM,Corsair DDR4 7200MHz CL27-492,934,1022,,DDR4,,
RAM,Corsair DDR5 5200MHz CL22-493,1155,1142,,DDR5,,
RAM,Crucial DDR4 3600MHz CL18-494,572,459,,DDR4,,
RAM,Corsair DDR5 5200MHz CL16-495,833,794,,DDR5,,
RAM,G.Skill DDR5 3200MHz CL33-496,1098,880,,DDR5,,
RAM,Crucial DDR4 3200MHz CL33-497,399,422,,DDR4,,
RAM,Corsair DDR4 3200MHz CL40-498,208,226,,DDR4,,
RAM,Corsair DDR5 7200MHz CL33-499,1266,1359,,DDR5,,
RAM,Kingston DDR4 4800MHz CL36-500,1401,1132,,DDR4,,
RAM,Corsair DDR5 7200MHz CL30-501,303,359,,DDR5,,
RAM,G.Skill DDR5 4800MHz CL19-502,291,273,,DDR5,,
RAM,G.Skill DDR4 5200MHz CL39-503,1478,1764,,DDR4,,
RAM,G.Skill DDR4 3200MHz CL24-504,1343,1175,,DDR4,,
RAM,G.Skill DDR5 6000MHz CL14-505,1478,1520,,DDR5,,
RAM,Kingston DDR4 3600MHz CL24-506,224,244,,DDR4,,
RAM,Corsair DDR5 4800MHz CL40-507,1236,1155,,DDR5,,
RAM,Kingston DDR4 4800MHz CL33-508,1277,1363,,DDR4,,
RAM,Kingston DDR5 3600MHz CL35-509,1356,1282,,DDR5,,
RAM,Crucial DDR4 7200MHz CL38-510,1339,1274,,DDR4,,
RAM,Corsair DDR5 3600MHz CL16-511,734,666,,DDR5,,
RAM,Corsair DDR5 5200MHz CL40-512,1183,1252,,DDR5,,
RAM,G.Skill DDR5 5200MHz CL23-513,596,697,,DDR5,,
RAM,Kingston DDR5 6000MHz CL24-514,703,677,,DDR5,,
RAM,Crucial DDR4 6000MHz CL37-515,588,691,,DDR4,,
RAM,Corsair DDR5 5200MHz CL21-516,838,842,,DDR5,,
RAM,Crucial DDR4 3200MHz CL25-517,482,390,,DDR4,,
RAM,Crucial DDR5 6000MHz CL34-518,528,424,,DDR5,,
RAM,Corsair DDR4 3200MHz CL38-519,1365,1410,,DDR4,,
RAM,G.Skill DDR5 3200MHz CL40-520,490,455,,DDR5,,
RAM,Kingston DDR4 4800MHz CL16-521,1065,1058,,DDR4,,
RAM,Corsair DDR5 3200MHz CL16-522,1435,1379,,DDR5,,
RAM,G.Skill DDR4 3600MHz CL36-523,170,198,,DDR4,,
RAM,G.Skill DDR4 3600MHz CL30-524,1146,1250,,DDR4,,
RAM,Crucial DDR4 3200MHz CL24-525,395,359,,DDR4,,
RAM,Corsair DDR5 3200MHz CL28-526,1257,1378,,DDR5,,
RAM,Corsair DDR4 3600MHz CL30-527,284,245,,DDR4,,
RAM,G.Skill DDR4 3200MHz CL28-528,209,193,,DDR4,,
RAM,Crucial DDR4 3200MHz CL16-529,359,430,,DDR4,,
RAM,Corsair DDR4 7200MHz CL25-530,461,395,,DDR4,,
RAM,Crucial DDR5 6000MHz CL32-531,819,831,,DDR5,,
RAM,Crucial DDR5 6000MHz CL22-532,844,935,,DDR5,,
RAM,Kingston DDR5 3600MHz CL32-533,684,605,,DDR5,,
RAM,Corsair DDR5 4800MHz CL39-534,798,897,,DDR5,,
RAM,Crucial DDR5 7200MHz CL33-535,1057,1153,,DDR5,,
RAM,Crucial DDR4 5200MHz CL20-536,151,174,,DDR4,,
RAM,Corsair DDR4 5200MHz CL30-537,1478,1497,,DDR4,,
RAM,G.Skill DDR5 3200MHz CL20-538,1480,1651,,DDR5,,
RAM,Kingston DDR4 5200MHz CL38-539,742,863,,DDR4,,
RAM,Crucial DDR4 3600MHz CL27-540,948,1013,,DDR4,,
RAM,Crucial DDR5 6000MHz CL26-541,907,1076,,DDR5,,
RAM,Kingston DDR4 6000MHz CL21-542,1189,1366,,DDR4,,
RAM,Crucial DDR4 3600MHz CL14-543,244,266,,DDR4,,
RAM,Crucial DDR4 6000MHz CL34-544,1101,1293,,DDR4,,
RAM,Corsair DDR5 6000MHz CL30-545,790,790,,DDR5,,
RAM,Crucial DDR5 3200MHz CL30-546,1468,1353,,DDR5,,
RAM,G.Skill DDR4 4800MHz CL35-547,896,906,,DDR4,,
RAM,Kingston DDR5 7200MHz CL26-548,530,614,,DDR5,,
RAM,G.Skill DDR4 7200MHz CL14-549,377,315,,DDR4,,
RAM,Kingston DDR5 6000MHz CL39-550,1195,1201,,DDR5,,
RAM,G.Skill DDR4 3200MHz CL23-551,756,792,,DDR4,,
RAM,G.Skill DDR4 7200MHz CL23-552,1375,1450,,DDR4,,
RAM,Crucial DDR4 3200MHz CL40-553,690,596,,DDR4,,
RAM,Corsair DDR4 4800MHz CL27-554,958,903,,DDR4,,
RAM,G.Skill DDR5 3200MHz CL28-555,382,335,,DDR5,,
RAM,G.Skill DDR5 3600MHz CL34-556,674,766,,DDR5,,
RAM,G.Skill DDR4 5200MHz CL30-557,218,226,,DDR4,,
RAM,Corsair DDR5 7200MHz CL37-558,444,528,,DDR5,,
RAM,Corsair DDR4 6000MHz CL24-559,1417,1508,,DDR4,,
RAM,Crucial DDR5 4800MHz CL20-560,1227,1451,,DDR5,,
RAM,G.Skill DDR5 3600MHz CL17-561,317,356,,DDR5,,
RAM,G.Skill DDR5 3600MHz CL21-562,1441,1657,,DDR5,,
RAM,Corsair DDR5 4800MHz CL32-563,648,529,,DDR5,,
RAM,Kingston DDR5 3200MHz CL29-564,543,554,,DDR5,,
RAM,G.Skill DDR4 7200MHz CL37-565,1208,1057,,DDR4,,
RAM,G.Skill DDR5 7200MHz CL16-566,229,255,,DDR5,,
RAM,G.Skill DDR4 7200MHz CL26-567,900,1044,,DDR4,,
RAM,Crucial DDR4 3200MHz CL17-568,1436,1677,,DDR4,,
RAM,G.Skill DDR4 3600MHz CL23-569,1474,1545,,DDR4,,
RAM,Corsair DDR4 7200MHz CL29-570,1419,1690,,DDR4,,
RAM,Corsair DDR5 3600MHz CL28-571,396,373,,DDR5,,
RAM,Kingston DDR4 3600MHz CL14-572,593,651,,DDR4,,
RAM,Crucial DDR5 3200MHz CL28-573,347,319,,DDR5,,
RAM,Crucial DDR4 5200MHz CL34-574,261,270,,DDR4,,
RAM,Kingston DDR4 3600MHz CL16-575,1027,1202,,DDR4,,
RAM,Crucial DDR5 5200MHz CL23-576,1403,1191,,DDR5,,
RAM,Corsair DDR4 6000MHz CL31-577,1337,1523,,DDR4,,
RAM,Kingston DDR5 3200MHz CL32-578,1192,1215,,DDR5,,
RAM,G.Skill DDR5 3200MHz CL23-579,713,674,,DDR5,,
RAM,G.Skill DDR4 7200MHz CL36-580,1391,1235,,DDR4,,
RAM,Crucial DDR5 6000MHz CL33-581,1158,1115,,DDR5,,
RAM,G.Skill DDR4 3200MHz CL37-582,1048,1091,,DDR4,,
RAM,Crucial DDR5 7200MHz CL20-583,1152,1305,,DDR5,,
RAM,G.Skill DDR4 3600MHz CL17-584,548,529,,DDR4,,
RAM,Corsair DDR5 3600MHz CL18-585,549,547,,DDR5,,
RAM,G.Skill DDR4 3600MHz CL17-586,1123,1164,,DDR4,,
RAM,G.Skill DDR4 7200MHz CL18-587,604,559,,DDR4,,
RAM,Kingston DDR4 5200MHz CL33-588,1424,1634,,DDR4,,
RAM,Kingston DDR4 4800MHz CL35-589,963,888,,DDR4,,
RAM,G.Skill DDR4 6000MHz CL24-590,739,736,,DDR4,,
RAM,G.Skill DDR5 7200MHz CL17-591,1135,936,,DDR5,,
RAM,Crucial DDR4 5200MHz CL18-592,1489,1199,,DDR4,,
RAM,Corsair DDR4 7200MHz CL24-593,231,253,,DDR4,,
RAM,Corsair DDR5 3200MHz CL25-594,301,312,,DDR5,,
RAM,G.Skill DDR5 4800MHz CL14-595,700,799,,DDR5,,
RAM,Corsair DDR4 6000MHz CL15-596,1007,905,,DDR4,,
RAM,G.Skill DDR4 6000MHz CL16-597,1294,1439,,DDR4,,
RAM,Corsair DDR5 4800MHz CL34-598,1073,1012,,DDR5,,
RAM,Corsair DDR5 4800MHz CL33-599,961,977,,DDR5,,
RAM,Kingston DDR5 4800MHz CL38-600,214,223,,DDR5,,
RAM,Kingston DDR5 7200MHz CL22-601,708,666,,DDR5,,
RAM,Kingston DDR4 7200MHz CL15-602,712,723,,DDR4,,
RAM,Kingston DDR5 3600MHz CL26-603,498,486,,DDR5,,
RAM,Kingston DDR4 3600MHz CL31-604,1025,1199,,DDR4,,
RAM,G.Skill DDR5 5200MHz CL24-605,1178,1093,,DDR5,,
RAM,G.Skill DDR4 5200MHz CL35-606,1180,1314,,DDR4,,
RAM,Crucial DDR4 6000MHz CL14-607,815,744,,DDR4,,
RAM,Crucial DDR5 7200MHz CL28-608,1393,1262,,DDR5,,
RAM,Crucial DDR5 5200MHz CL37-609,1023,846,,DDR5,,
RAM,Corsair DDR4 3200MHz CL33-610,201,212,,DDR4,,
RAM,Corsair DDR5 3200MHz CL36-611,1124,1328,,DDR5,,
RAM,Corsair DDR4 3200MHz CL23-612,1083,897,,DDR4,,
RAM,Corsair DDR4 5200MHz CL19-613,1410,1529,,DDR4,,
RAM,G.Skill DDR5 5200MHz CL30-614,1455,1501,,DDR5,,
RAM,Kingston DDR5 5200MHz CL40-615,377,443,,DDR5,,
RAM,Crucial DDR4 5200MHz CL38-616,1052,1077,,DDR4,,
RAM,Corsair DDR4 7200MHz CL27-617,1233,1019,,DDR4,,
RAM,Crucial DDR4 5200MHz CL34-618,643,687,,DDR4,,
RAM,Crucial DDR4 7200MHz CL23-619,1214,1063,,DDR4,,
RAM,Kingston DDR4 5200MHz CL31-620,406,367,,DDR4,,
RAM,Corsair DDR4 4800MHz CL35-621,867,895,,DDR4,,
RAM,Crucial DDR5 7200MHz CL37-622,823,891,,DDR5,,
RAM,Corsair DDR4 6000MHz CL39-623,845,982,,DDR4,,
RAM,Corsair DDR4 5200MHz CL25-624,716,659,,DDR4,,
RAM,Kingston DDR5 3600MHz CL17-625,1070,1226,,DDR5,,
RAM,G.Skill DDR4 6000MHz CL34-626,804,783,,DDR4,,
RAM,Kingston DDR4 3200MHz CL31-627,1113,1251,,DDR4,,
RAM,G.Skill DDR5 3200MHz CL34-628,178,175,,DDR5,,
RAM,G.Skill DDR4 4800MHz CL20-629,1386,1355,,DDR4,,
RAM,Kingston DDR4 3600MHz CL21-630,1051,1056,,DDR4,,
RAM,Corsair DDR5 6000MHz CL20-631,202,191,,DDR5,,
RAM,G.Skill DDR4 4800MHz CL27-632,780,934,,DDR4,,
RAM,Crucial DDR4 3200MHz CL37-633,884,983,,DDR4,,
RAM,G.Skill DDR4 5200MHz CL14-634,859,956,,DDR4,,
RAM,G.Skill DDR4 3600MHz CL39-635,822,744,,DDR4,,
RAM,Crucial DDR5 5200MHz CL25-636,724,718,,DDR5,,
RAM,Kingston DDR5 6000MHz CL29-637,517,567,,DDR5,,
RAM,G.Skill DDR5 7200MHz CL34-638,624,533,,DDR5,,
RAM,Corsair DDR5 3600MHz CL17-639,625,664,,DDR5,,
RAM,Corsair DDR4 3200MHz CL29-640,847,753,,DDR4,,
RAM,Kingston DDR5 3200MHz CL37-641,893,761,,DDR5,,
RAM,G.Skill DDR4 7200MHz CL23-642,1314,1511,,DDR4,,
RAM,G.Skill DDR5 6000MHz CL28-643,687,575,,DDR5,,
RAM,Corsair DDR4 6000MHz CL15-644,890,773,,DDR4,,
RAM,Crucial DDR5 7200MHz CL31-645,1098,1219,,DDR5,,
RAM,G.Skill DDR5 4800MHz CL25-646,1047,901,,DDR5,,
RAM,Corsair DDR5 3600MHz CL20-647,1033,868,,DDR5,,
RAM,Crucial DDR5 7200MHz CL20-648,802,854,,DDR5,,
RAM,Crucial DDR4 7200MHz CL27-649,782,928,,DDR4,,
RAM,Crucial DDR4 6000MHz CL32-650,605,484,,DDR4,,
RAM,G.Skill DDR4 4800MHz CL18-651,155,126,,DDR4,,
RAM,G.Skill DDR4 3200MHz CL14-652,452,446,,DDR4,,
RAM,Corsair DDR4 3200MHz CL29-653,1131,1020,,DDR4,,
RAM,Crucial DDR4 7200MHz CL35-654,958,1099,,DDR4,,
RAM,Kingston DDR5 5200MHz CL24-655,1019,950,,DDR5,,
RAM,G.Skill DDR4 3200MHz CL18-656,981,1149,,DDR4,,
RAM,Corsair DDR4 3200MHz CL25-657,1442,1292,,DDR4,,
RAM,G.Skill DDR4 7200MHz CL29-658,1083,883,,DDR4,,
RAM,Crucial DDR5 3600MHz CL28-659,342,310,,DDR5,,
RAM,G.Skill DDR4 3600MHz CL31-660,1215,1062,,DDR4,,
RAM,G.Skill DDR5 6000MHz CL17-661,1204,1384,,DDR5,,
RAM,Corsair DDR5 3600MHz CL33-662,196,224,,DDR5,,
RAM,G.Skill DDR5 5200MHz CL24-663,404,335,,DDR5,,
RAM,Crucial DDR5 5200MHz CL35-664,1299,1516,,DDR5,,
RAM,Crucial DDR5 3600MHz CL36-665,1007,962,,DDR5,,
RAM,Kingston DDR4 3200MHz CL37-666,174,178,,DDR4,,
RAM,Kingston DDR5 5200MHz CL33-667,459,508,,DDR5,,
RAM,Kingston DDR5 3200MHz CL31-668,1039,1124,,DDR5,,
RAM,Kingston DDR4 7200MHz CL31-669,762,842,,DDR4,,
RAM,G.Skill DDR4 4800MHz CL40-670,792,829,,DDR4,,
RAM,Kingston DDR4 7200MHz CL21-671,821,870,,DDR4,,
RAM,G.Skill DDR4 3600MHz CL24-672,1308,1115,,DDR4,,
RAM,Corsair DDR4 5200MHz CL39-673,202,176,,DDR4,,
RAM,G.Skill DDR5 7200MHz CL29-674,1245,1116,,DDR5,,
RAM,Kingston DDR5 7200MHz CL16-675,1159,1179,,DDR5,,
RAM,Crucial DDR4 6000MHz CL34-676,1350,1333,,DDR4,,
RAM,Kingston DDR4 6000MHz CL30-677,352,304,,DDR4,,
RAM,Corsair DDR4 5200MHz CL39-678,668,648,,DDR4,,
RAM,Kingston DDR5 3200MHz CL39-679,585,521,,DDR5,,
RAM,Corsair DDR5 7200MHz CL34-680,1282,1147,,DDR5,,
RAM,Kingston DDR5 5200MHz CL33-681,680,748,,DDR5,,
RAM,Corsair DDR5 3200MHz CL39-682,322,322,,DDR5,,
RAM,G.Skill DDR4 6000MHz CL40-683,873,994,,DDR4,,
RAM,Kingston DDR5 3200MHz CL23-684,1404,1592,,DDR5,,
RAM,Kingston DDR4 5200MHz CL31-685,543,550,,DDR4,,
RAM,Corsair DDR5 3200MHz CL35-686,1361,1197,,DDR5,,
RAM,G.Skill DDR4 6000MHz CL16-687,1181,1394,,DDR4,,
RAM,Crucial DDR5 6000MHz CL24-688,651,757,,DDR5,,
RAM,Crucial DDR5 3200MHz CL22-689,235,262,,DDR5,,
RAM,Corsair DDR5 4800MHz CL33-690,170,145,,DDR5,,
RAM,Corsair DDR5 4800MHz CL34-691,1029,939,,DDR5,,
RAM,Corsair DDR4 3200MHz CL39-692,1194,1375,,DDR4,,
RAM,G.Skill DDR4 3200MHz CL40-693,1111,1093,,DDR4,,
RAM,G.Skill DDR4 6000MHz CL30-694,1194,1249,,DDR4,,
RAM,G.Skill DDR5 5200MHz CL25-695,1480,1497,,DDR5,,
RAM,G.Skill DDR5 6000MHz CL17-696,1365,1108,,DDR5,,
RAM,Corsair DDR5 3600MHz CL27-697,552,551,,DDR5,,
RAM,Crucial DDR4 5200MHz CL20-698,1427,1537,,DDR4,,
RAM,Kingston DDR4 4800MHz CL17-699,233,239,,DDR4,,
RAM,G.Skill DDR4 3200MHz CL17-700,740,631,,DDR4,,
RAM,Kingston DDR4 3200MHz CL36-701,425,442,,DDR4,,
RAM,Kingston DDR4 5200MHz CL30-702,1164,935,,DDR4,,
RAM,Kingston DDR4 4800MHz CL15-703,970,910,,DDR4,,
RAM,Kingston DDR5 7200MHz CL22-704,976,1088,,DDR5,,
RAM,Crucial DDR4 7200MHz CL31-705,1219,1226,,DDR4,,
RAM,Kingston DDR4 7200MHz CL36-706,548,502,,DDR4,,
RAM,Crucial DDR5 7200MHz CL24-707,1297,1175,,DDR5,,
RAM,Kingston DDR5 4800MHz CL24-708,978,841,,DDR5,,
RAM,Corsair DDR4 3600MHz CL25-709,537,610,,DDR4,,
RAM,Crucial DDR5 3200MHz CL36-710,384,417,,DDR5,,
RAM,G.Skill DDR5 3600MHz CL34-711,911,993,,DDR5,,
RAM,Kingston DDR4 6000MHz CL14-712,743,796,,DDR4,,
RAM,Kingston DDR5 3200MHz CL16-713,364,324,,DDR5,,
RAM,G.Skill DDR4 3600MHz CL39-714,277,230,,DDR4,,
RAM,Crucial DDR5 5200MHz CL39-715,1465,1733,,DDR5,,
RAM,G.Skill DDR4 6000MHz CL26-716,862,744,,DDR4,,
RAM,Crucial DDR5 7200MHz CL17-717,575,677,,DDR5,,
RAM,G.Skill DDR5 6000MHz CL18-718,1454,1325,,DDR5,,
RAM,Corsair DDR4 4800MHz CL15-719,807,788,,DDR4,,
RAM,Crucial DDR4 4800MHz CL14-720,1271,1048,,DDR4,,
RAM,Corsair DDR4 4800MHz CL24-721,407,464,,DDR4,,
RAM,G.Skill DDR5 3200MHz CL20-722,965,1021,,DDR5,,
RAM,G.Skill DDR4 6000MHz CL39-723,591,557,,DDR4,,
RAM,Crucial DDR4 3600MHz CL24-724,998,1195,,DDR4,,
RAM,Kingston DDR5 3600MHz CL36-725,232,274,,DDR5,,
RAM,G.Skill DDR4 5200MHz CL27-726,1483,1471,,DDR4,,
RAM,Crucial DDR5 6000MHz CL28-727,1371,1621,,DDR5,,
RAM,Kingston DDR5 3200MHz CL31-728,1034,985,,DDR5,,
RAM,Corsair DDR5 7200MHz CL36-729,281,294,,DDR5,,
RAM,Crucial DDR4 6000MHz CL34-730,184,205,,DDR4,,
RAM,Crucial DDR4 7200MHz CL21-731,309,310,,DDR4,,
RAM,Corsair DDR5 4800MHz CL31-732,862,1001,,DDR5,,
RAM,G.Skill DDR5 3600MHz CL27-733,760,899,,DDR5,,
RAM,Crucial DDR5 4800MHz CL22-734,1267,1455,,DDR5,,
RAM,G.Skill DDR5 3200MHz CL22-735,455,454,,DDR5,,
RAM,G.Skill DDR5 5200MHz CL17-736,438,453,,DDR5,,
RAM,Crucial DDR5 4800MHz CL28-737,1379,1447,,DDR5,,
RAM,Kingston DDR5 3200MHz CL37-738,894,789,,DDR5,,
RAM,Corsair DDR4 6000MHz CL14-739,1397,1345,,DDR4,,
RAM,G.Skill DDR4 6000MHz CL28-740,593,658,,DDR4,,
RAM,G.Skill DDR4 7200MHz CL30-741,546,456,,DDR4,,
RAM,Crucial DDR4 4800MHz CL32-742,555,610,,DDR4,,
RAM,Kingston DDR5 5200MHz CL25-743,741,631,,DDR5,,
RAM,Corsair DDR5 3600MHz CL16-744,373,429,,DDR5,,
RAM,Kingston DDR5 3600MHz CL20-745,458,519,,DDR5,,
RAM,Kingston DDR5 5200MHz CL27-746,454,450,,DDR5,,
RAM,Crucial DDR5 5200MHz CL15-747,1215,1304,,DDR5,,
RAM,G.Skill DDR4 6000MHz CL32-748,662,621,,DDR4,,
RAM,G.Skill DDR5 4800MHz CL18-749,508,532,,DDR5,,
RAM,G.Skill DDR5 7200MHz CL21-750,1261,1468,,DDR5,,
RAM,Corsair DDR5 5200MHz CL31-751,546,540,,DDR5,,
RAM,G.Skill DDR5 6000MHz CL18-752,237,235,,DDR5,,
RAM,Corsair DDR5 7200MHz CL28-753,1371,1253,,DDR5,,
RAM,G.Skill DDR4 3600MHz CL29-754,1497,1317,,DDR4,,
RAM,G.Skill DDR5 6000MHz CL26-755,1336,1180,,DDR5,,
RAM,Crucial DDR5 3600MHz CL35-756,1404,1678,,DDR5,,
RAM,Corsair DDR5 3600MHz CL19-757,1494,1306,,DDR5,,
RAM,Kingston DDR4 7200MHz CL14-758,691,722,,DDR4,,
RAM,G.Skill DDR4 5200MHz CL37-759,223,250,,DDR4,,
RAM,Corsair DDR4 4800MHz CL25-760,765,762,,DDR4,,
RAM,Kingston DDR4 4800MHz CL37-761,316,256,,DDR4,,
RAM,Crucial DDR4 5200MHz CL25-762,1270,1032,,DDR4,,
RAM,Kingston DDR5 3200MHz CL33-763,270,220,,DDR5,,
RAM,Crucial DDR5 3600MHz CL20-764,1210,1015,,DDR5,,
RAM,G.Skill DDR5 3200MHz CL17-765,333,343,,DDR5,,
RAM,G.Skill DDR4 4800MHz CL40-766,1283,1525,,DDR4,,
RAM,Crucial DDR5 6000MHz CL39-767,240,203,,DDR5,,
RAM,Crucial DDR5 3600MHz CL36-768,337,373,,DDR5,,
RAM,G.Skill DDR4 5200MHz CL26-769,1086,1169,,DDR4,,
RAM,G.Skill DDR4 4800MHz CL35-770,238,216,,DDR4,,
RAM,Crucial DDR5 7200MHz CL32-771,935,837,,DDR5,,
RAM,Crucial DDR5 3600MHz CL37-772,848,810,,DDR5,,
RAM,Kingston DDR4 3600MHz CL23-773,615,601,,DDR4,,
RAM,Crucial DDR5 3600MHz CL38-774,244,252,,DDR5,,
RAM,Corsair DDR5 6000MHz CL20-775,407,434,,DDR5,,
RAM,Crucial DDR4 6000MHz CL39-776,1229,1386,,DDR4,,
RAM,Corsair DDR4 3200MHz CL16-777,673,650,,DDR4,,
RAM,G.Skill DDR5 6000MHz CL37-778,1070,962,,DDR5,,
RAM,Kingston DDR5 4800MHz CL17-779,1200,1028,,DDR5,,
RAM,Kingston DDR5 6000MHz CL21-780,874,830,,DDR5,,
RAM,Kingston DDR5 6000MHz CL26-781,1235,1028,,DDR5,,
RAM,Kingston DDR4 7200MHz CL14-782,1056,975,,DDR4,,
RAM,Crucial DDR5 3600MHz CL35-783,585,547,,DDR5,,
RAM,Crucial DDR5 3600MHz CL32-784,786,873,,DDR5,,
RAM,Corsair DDR5 6000MHz CL30-785,1408,1272,,DDR5,,
RAM,Crucial DDR4 7200MHz CL32-786,980,1013,,DDR4,,
RAM,Corsair DDR5 3200MHz CL36-787,712,640,,DDR5,,
RAM,Crucial DDR4 5200MHz CL28-788,1347,1540,,DDR4,,
RAM,G.Skill DDR5 3200MHz CL15-789,1293,1372,,DDR5,,
RAM,Crucial DDR4 5200MHz CL15-790,915,882,,DDR4,,
RAM,Kingston DDR5 4800MHz CL26-791,617,618,,DDR5,,
RAM,Kingston DDR5 3200MHz CL23-792,448,359,,DDR5,,
RAM,Kingston DDR4 3600MHz CL29-793,1372,1152,,DDR4,,
RAM,Corsair DDR4 5200MHz CL17-794,640,514,,DDR4,,
RAM,G.Skill DDR4 3600MHz CL22-795,313,348,,DDR4,,
RAM,G.Skill DDR5 3600MHz CL29-796,1500,1576,,DDR5,,
RAM,Crucial DDR4 4800MHz CL38-797,987,1154,,DDR4,,
RAM,Corsair DDR4 5200MHz CL37-798,789,648,,DDR4,,
RAM,Crucial DDR5 6000MHz CL21-799,562,514,,DDR5,,
RAM,Crucial DDR5 3600MHz CL15-800,1202,971,,DDR5,,
RAM,G.Skill DDR4 5200MHz CL32-801,401,351,,DDR4,,
RAM,Corsair DDR4 4800MHz CL15-802,1464,1701,,DDR4,,
RAM,G.Skill DDR4 7200MHz CL35-803,516,423,,DDR4,,
RAM,Corsair DDR4 4800MHz CL34-804,978,1158,,DDR4,,
RAM,Crucial DDR4 5200MHz CL37-805,525,453,,DDR4,,
RAM,Kingston DDR4 7200MHz CL29-806,161,159,,DDR4,,
RAM,Kingston DDR4 7200MHz CL19-807,305,269,,DDR4,,
RAM,G.Skill DDR4 3600MHz CL37-808,932,915,,DDR4,,
RAM,Corsair DDR5 5200MHz CL23-809,458,517,,DDR5,,
RAM,Crucial DDR5 3600MHz CL22-810,1123,1282,,DDR5,,
RAM,Crucial DDR4 5200MHz CL21-811,413,414,,DDR4,,
RAM,G.Skill DDR4 6000MHz CL26-812,487,535,,DDR4,,
RAM,G.Skill DDR4 3600MHz CL37-813,935,961,,DDR4,,
RAM,G.Skill DDR5 7200MHz CL37-814,1127,1216,,DDR5,,
RAM,G.Skill DDR4 4800MHz CL18-815,1444,1284,,DDR4,,
RAM,Crucial DDR4 3200MHz CL27-816,850,726,,DDR4,,
RAM,Kingston DDR5 3600MHz CL28-817,1486,1347,,DDR5,,
RAM,Kingston DDR4 4800MHz CL30-818,926,979,,DDR4,,
RAM,G.Skill DDR4 7200MHz CL27-819,1136,1094,,DDR4,,
RAM,Kingston DDR5 6000MHz CL14-820,1178,1140,,DDR5,,
RAM,Crucial DDR5 3200MHz CL36-821,747,849,,DDR5,,
RAM,Corsair DDR4 4800MHz CL26-822,1109,948,,DDR4,,
RAM,Kingston DDR5 5200MHz CL36-823,1296,1438,,DDR5,,
RAM,Corsair DDR4 3200MHz CL31-824,814,919,,DDR4,,
RAM,G.Skill DDR5 4800MHz CL35-825,573,676,,DDR5,,
RAM,Corsair DDR5 4800MHz CL18-826,692,589,,DDR5,,
RAM,Kingston DDR5 5200MHz CL32-827,1182,957,,DDR5,,
RAM,Kingston DDR4 3200MHz CL19-828,1072,1001,,DDR4,,
RAM,G.Skill DDR4 4800MHz CL14-829,553,608,,DDR4,,
RAM,Corsair DDR5 6000MHz CL20-830,678,652,,DDR5,,
RAM,G.Skill DDR5 5200MHz CL25-831,378,393,,DDR5,,
RAM,Corsair DDR4 3200MHz CL39-832,156,144,,DDR4,,
RAM,Kingston DDR4 6000MHz CL28-833,1338,1224,,DDR4,,
RAM,G.Skill DDR4 3600MHz CL33-834,755,836,,DDR4,,
RAM,Corsair DDR5 7200MHz CL30-835,1348,1113,,DDR5,,
RAM,Crucial DDR5 5200MHz CL18-836,1226,1321,,DDR5,,
RAM,Corsair DDR4 5200MHz CL37-837,254,300,,DDR4,,
RAM,Crucial DDR4 5200MHz CL40-838,682,597,,DDR4,,
RAM,Corsair DDR4 6000MHz CL21-839,857,892,,DDR4,,
RAM,G.Skill DDR4 3600MHz CL32-840,675,676,,DDR4,,
RAM,Crucial DDR4 5200MHz CL16-841,434,378,,DDR4,,
RAM,Kingston DDR4 5200MHz CL18-842,560,528,,DDR4,,
RAM,G.Skill DDR5 3600MHz CL20-843,1028,1154,,DDR5,,
RAM,Corsair DDR5 3600MHz CL23-844,555,624,,DDR5,,
RAM,Kingston DDR5 4800MHz CL40-845,1445,1586,,DDR5,,
RAM,G.Skill DDR5 3600MHz CL35-846,1182,1338,,DDR5,,
RAM,Corsair DDR5 7200MHz CL35-847,1318,1139,,DDR5,,
RAM,G.Skill DDR5 3200MHz CL18-848,306,329,,DDR5,,
RAM,G.Skill DDR5 4800MHz CL39-849,605,544,,DDR5,,
RAM,Kingston DDR5 3200MHz CL35-850,564,511,,DDR5,,
RAM,Crucial DDR4 5200MHz CL14-851,833,923,,DDR4,,
RAM,Crucial DDR4 7200MHz CL37-852,264,259,,DDR4,,
RAM,Crucial DDR4 3200MHz CL32-853,247,214,,DDR4,,
RAM,Crucial DDR5 4800MHz CL26-854,1173,1279,,DDR5,,
RAM,Kingston DDR4 7200MHz CL35-855,344,330,,DDR4,,
RAM,Kingston DDR4 7200MHz CL34-856,985,839,,DDR4,,
RAM,Crucial DDR5 3200MHz CL23-857,636,709,,DDR5,,
RAM,Kingston DDR4 5200MHz CL17-858,1291,1076,,DDR4,,
RAM,G.Skill DDR5 4800MHz CL17-859,1183,1244,,DDR5,,
RAM,Crucial DDR4 3600MHz CL35-860,1255,1338,,DDR4,,
RAM,Crucial DDR4 5200MHz CL33-861,972,834,,DDR4,,
RAM,Corsair DDR5 4800MHz CL22-862,1248,1144,,DDR5,,
RAM,Kingston DDR5 7200MHz CL38-863,1425,1488,,DDR5,,
RAM,Crucial DDR4 3200MHz CL24-864,1287,1452,,DDR4,,
RAM,Kingston DDR4 3200MHz CL35-865,1076,1185,,DDR4,,
RAM,G.Skill DDR5 4800MHz CL31-866,1181,1412,,DDR5,,
RAM,G.Skill DDR4 5200MHz CL14-867,884,982,,DDR4,,
RAM,Corsair DDR4 3200MHz CL36-868,1064,1056,,DDR4,,
RAM,G.Skill DDR5 4800MHz CL20-869,1091,1201,,DDR5,,
RAM,Crucial DDR5 3600MHz CL37-870,1075,1186,,DDR5,,
RAM,Corsair DDR4 5200MHz CL23-871,1415,1406,,DDR4,,
RAM,Kingston DDR4 3200MHz CL30-872,563,535,,DDR4,,
RAM,Kingston DDR4 6000MHz CL17-873,1091,1304,,DDR4,,
RAM,Kingston DDR4 6000MHz CL32-874,1045,1156,,DDR4,,
RAM,G.Skill DDR4 6000MHz CL35-875,1220,1287,,DDR4,,
RAM,Corsair DDR5 6000MHz CL21-876,709,829,,DDR5,,
RAM,Corsair DDR4 4800MHz CL34-877,832,691,,DDR4,,
RAM,Kingston DDR4 7200MHz CL15-878,1426,1537,,DDR4,,
RAM,G.Skill DDR5 4800MHz CL39-879,545,501,,DDR5,,
RAM,Crucial DDR5 3600MHz CL32-880,1409,1322,,DDR5,,
RAM,Crucial DDR4 5200MHz CL20-881,1087,880,,DDR4,,
RAM,Kingston DDR4 3200MHz CL36-882,331,323,,DDR4,,
RAM,Kingston DDR5 3600MHz CL32-883,354,382,,DDR5,,
RAM,Corsair DDR5 4800MHz CL24-884,1128,1342,,DDR5,,
RAM,G.Skill DDR4 5200MHz CL16-885,1262,1485,,DDR4,,
RAM,Crucial DDR5 4800MHz CL26-886,1105,1172,,DDR5,,
RAM,Kingston DDR4 4800MHz CL18-887,942,992,,DDR4,,
RAM,Kingston DDR4 4800MHz CL26-888,842,876,,DDR4,,
RAM,Crucial DDR4 3600MHz CL29-889,514,612,,DDR4,,
RAM,Kingston DDR4 5200MHz CL36-890,1245,1383,,DDR4,,
RAM,Corsair DDR5 4800MHz CL23-891,898,870,,DDR5,,
RAM,Kingston DDR5 3200MHz CL23-892,1495,1415,,DDR5,,
RAM,G.Skill DDR5 5200MHz CL28-893,965,909,,DDR5,,
RAM,Corsair DDR4 4800MHz CL25-894,1309,1240,,DDR4,,
RAM,Crucial DDR5 7200MHz CL19-895,314,320,,DDR5,,
RAM,Kingston DDR5 5200MHz CL16-896,1012,943,,DDR5,,
RAM,Kingston DDR4 6000MHz CL36-897,716,631,,DDR4,,
RAM,G.Skill DDR5 4800MHz CL31-898,1476,1714,,DDR5,,
RAM,Kingston DDR5 5200MHz CL35-899,306,330,,DDR5,,
RAM,Corsair DDR5 3200MHz CL20-900,188,173,,DDR5,,
RAM,Corsair DDR4 6000MHz CL26-901,790,856,,DDR4,,
RAM,Corsair DDR5 3200MHz CL23-902,239,269,,DDR5,,
RAM,Corsair DDR5 4800MHz CL38-903,514,614,,DDR5,,
RAM,Corsair DDR5 6000MHz CL20-904,706,621,,DDR5,,
RAM,Kingston DDR4 4800MHz CL30-905,540,595,,DDR4,,
RAM,Kingston DDR4 3600MHz CL40-906,525,537,,DDR4,,
RAM,Crucial DDR5 5200MHz CL22-907,750,655,,DDR5,,
RAM,Corsair DDR5 3200MHz CL25-908,691,707,,DDR5,,
RAM,G.Skill DDR4 7200MHz CL35-909,908,768,,DDR4,,
RAM,Kingston DDR5 7200MHz CL16-910,1045,895,,DDR5,,
RAM,Corsair DDR4 5200MHz CL17-911,587,596,,DDR4,,
RAM,Crucial DDR4 3600MHz CL26-912,1334,1442,,DDR4,,
RAM,Crucial DDR4 5200MHz CL22-913,573,565,,DDR4,,
RAM,Corsair DDR4 4800MHz CL15-914,1251,1363,,DDR4,,
RAM,G.Skill DDR5 6000MHz CL26-915,1141,1345,,DDR5,,
RAM,Crucial DDR4 4800MHz CL31-916,941,1055,,DDR4,,
RAM,Crucial DDR5 3600MHz CL22-917,968,818,,DDR5,,
RAM,Crucial DDR4 7200MHz CL18-918,466,501,,DDR4,,
RAM,Crucial DDR4 3200MHz CL16-919,906,861,,DDR4,,
RAM,G.Skill DDR5 4800MHz CL15-920,1217,1198,,DDR5,,
RAM,Crucial DDR5 6000MHz CL32-921,712,730,,DDR5,,
RAM,Kingston DDR5 5200MHz CL27-922,609,686,,DDR5,,
RAM,G.Skill DDR5 7200MHz CL14-923,1160,1221,,DDR5,,
RAM,Corsair DDR5 6000MHz CL31-924,607,569,,DDR5,,
RAM,Kingston DDR4 3600MHz CL29-925,1218,1368,,DDR4,,
RAM,Kingston DDR5 3200MHz CL19-926,198,186,,DDR5,,
RAM,Corsair DDR4 3200MHz CL18-927,1202,1380,,DDR4,,
RAM,Corsair DDR5 7200MHz CL16-928,1478,1358,,DDR5,,
RAM,Corsair DDR5 7200MHz CL37-929,420,443,,DDR5,,
RAM,Crucial DDR4 3200MHz CL29-930,181,208,,DDR4,,
RAM,Crucial DDR5 3600MHz CL15-931,912,999,,DDR5,,
RAM,Crucial DDR4 4800MHz CL17-932,551,609,,DDR4,,
RAM,G.Skill DDR4 3200MHz CL30-933,1387,1297,,DDR4,,
RAM,Crucial DDR4 3200MHz CL25-934,461,413,,DDR4,,
RAM,Corsair DDR4 6000MHz CL16-935,1039,1115,,DDR4,,
RAM,Crucial DDR4 6000MHz CL37-936,309,274,,DDR4,,
RAM,Kingston DDR4 6000MHz CL24-937,1148,1352,,DDR4,,
RAM,G.Skill DDR4 3600MHz CL20-938,853,963,,DDR4,,
RAM,Crucial DDR4 3600MHz CL33-939,626,637,,DDR4,,
RAM,Kingston DDR4 4800MHz CL31-940,1415,1460,,DDR4,,
RAM,Corsair DDR5 4800MHz CL26-941,1020,1163,,DDR5,,
RAM,Crucial DDR4 4800MHz CL24-942,727,741,,DDR4,,
RAM,Crucial DDR4 3600MHz CL24-943,1143,1254,,DDR4,,
RAM,Crucial DDR5 3200MHz CL31-944,913,1003,,DDR5,,
RAM,G.Skill DDR5 5200MHz CL26-945,1310,1395,,DDR5,,
RAM,Crucial DDR5 7200MHz CL23-946,529,511,,DDR5,,
RAM,Corsair DDR5 3200MHz CL28-947,473,432,,DDR5,,
RAM,Corsair DDR5 6000MHz CL40-948,570,526,,DDR5,,
RAM,Corsair DDR4 5200MHz CL29-949,1174,941,,DDR4,,
RAM,Corsair DDR5 3200MHz CL19-950,972,951,,DDR5,,
RAM,Corsair DDR4 4800MHz CL34-951,900,980,,DDR4,,
RAM,Corsair DDR5 7200MHz CL31-952,546,597,,DDR5,,
RAM,Kingston DDR5 6000MHz CL28-953,849,699,,DDR5,,
RAM,Crucial DDR5 3600MHz CL18-954,839,752,,DDR5,,
RAM,Corsair DDR4 6000MHz CL35-955,1393,1361,,DDR4,,
RAM,Crucial DDR4 6000MHz CL36-956,1317,1477,,DDR4,,
RAM,G.Skill DDR4 4800MHz CL16-957,340,359,,DDR4,,
RAM,Crucial DDR4 6000MHz CL33-958,244,227,,DDR4,,
RAM,Corsair DDR4 7200MHz CL23-959,366,368,,DDR4,,
RAM,Kingston DDR4 4800MHz CL15-960,925,937,,DDR4,,
RAM,G.Skill DDR4 5200MHz CL21-961,1279,1397,,DDR4,,
RAM,Crucial DDR5 3600MHz CL27-962,971,1098,,DDR5,,
RAM,Kingston DDR5 3600MHz CL24-963,187,170,,DDR5,,
RAM,Corsair DDR4 7200MHz CL16-964,931,826,,DDR4,,
RAM,G.Skill DDR5 3200MHz CL33-965,1107,963,,DDR5,,
RAM,G.Skill DDR5 5200MHz CL19-966,987,979,,DDR5,,
RAM,Crucial DDR4 3600MHz CL20-967,370,345,,DDR4,,
RAM,Crucial DDR4 5200MHz CL38-968,316,377,,DDR4,,
RAM,G.Skill DDR4 3600MHz CL25-969,1046,1039,,DDR4,,
RAM,Kingston DDR4 4800MHz CL18-970,365,348,,DDR4,,
RAM,G.Skill DDR4 5200MHz CL26-971,1088,1188,,DDR4,,
RAM,G.Skill DDR4 3200MHz CL34-972,1336,1270,,DDR4,,
RAM,Crucial DDR4 3600MHz CL14-973,770,737,,DDR4,,
RAM,Crucial DDR5 4800MHz CL28-974,453,474,,DDR5,,
RAM,G.Skill DDR4 6000MHz CL38-975,1498,1234,,DDR4,,
RAM,Corsair DDR5 7200MHz CL21-976,575,537,,DDR5,,
RAM,Corsair DDR4 7200MHz CL21-977,901,807,,DDR4,,
RAM,G.Skill DDR5 3200MHz CL39-978,520,454,,DDR5,,
RAM,G.Skill DDR5 4800MHz CL14-979,1443,1722,,DDR5,,
RAM,Corsair DDR5 3600MHz CL31-980,678,638,,DDR5,,
RAM,Crucial DDR5 4800MHz CL16-981,846,847,,DDR5,,
RAM,G.Skill DDR5 4800MHz CL39-982,1078,890,,DDR5,,
RAM,Crucial DDR4 3200MHz CL19-983,1442,1332,,DDR4,,
RAM,Kingston DDR4 4800MHz CL27-984,486,560,,DDR4,,
RAM,Crucial DDR4 3600MHz CL23-985,374,328,,DDR4,,
RAM,Corsair DDR5 3200MHz CL31-986,614,705,,DDR5,,
RAM,Corsair DDR4 5200MHz CL21-987,1311,1205,,DDR4,,
RAM,Kingston DDR4 5200MHz CL33-988,266,239,,DDR4,,
RAM,Corsair DDR5 6000MHz CL38-989,1311,1512,,DDR5,,
RAM,Kingston DDR5 7200MHz CL35-990,930,885,,DDR5,,
RAM,Crucial DDR4 5200MHz CL38-991,673,549,,DDR4,,
RAM,Kingston DDR4 3600MHz CL26-992,691,586,,DDR4,,
RAM,Corsair DDR5 6000MHz CL29-993,811,891,,DDR5,,
RAM,G.Skill DDR5 3200MHz CL20-994,759,625,,DDR5,,
RAM,Kingston DDR4 3600MHz CL37-995,1416,1376,,DDR4,,
RAM,Corsair DDR5 7200MHz CL38-996,219,183,,DDR5,,
RAM,Crucial DDR4 7200MHz CL18-997,1320,1414,,DDR4,,
RAM,Corsair DDR5 4800MHz CL25-998,1398,1513,,DDR5,,
RAM,G.Skill DDR4 3200MHz CL28-999,344,345,,DDR4,,
RAM,Corsair DDR4 5200MHz CL40-1000,376,433,,DDR4,,
RAM,Crucial DDR5 3200MHz CL20-1001,1059,1114,,DDR5,,
RAM,G.Skill DDR5 3600MHz CL28-1002,408,485,,DDR5,,
RAM,Kingston DDR4 3200MHz CL27-1003,379,424,,DDR4,,
RAM,Kingston DDR5 6000MHz CL24-1004,1079,1224,,DDR5,,
RAM,G.Skill DDR5 6000MHz CL38-1005,245,228,,DDR5,,
RAM,Kingston DDR5 7200MHz CL23-1006,567,569,,DDR5,,
RAM,Kingston DDR5 6000MHz CL16-1007,1253,1486,,DDR5,,
RAM,Corsair DDR4 6000MHz CL38-1008,750,889,,DDR4,,
RAM,Corsair DDR4 3200MHz CL29-1009,1496,1739,,DDR4,,
RAM,Corsair DDR4 3600MHz CL35-1010,460,433,,DDR4,,
RAM,G.Skill DDR4 4800MHz CL14-1011,1285,1517,,DDR4,,
RAM,Crucial DDR4 3200MHz CL26-1012,605,635,,DDR4,,
RAM,Crucial DDR5 7200MHz CL35-1013,661,744,,DDR5,,
RAM,Crucial DDR5 3200MHz CL32-1014,1494,1759,,DDR5,,
RAM,G.Skill DDR5 3200MHz CL22-1015,848,744,,DDR5,,
RAM,Kingston DDR5 4800MHz CL26-1016,1068,858,,DDR5,,
RAM,Crucial DDR5 4800MHz CL38-1017,1035,979,,DDR5,,
RAM,Kingston DDR5 3600MHz CL15-1018,1428,1473,,DDR5,,
RAM,Crucial DDR5 7200MHz CL39-1019,1147,1010,,DDR5,,
RAM,Crucial DDR5 6000MHz CL39-1020,427,424,,DDR5,,
RAM,Crucial DDR4 3200MHz CL37-1021,907,873,,DDR4,,
RAM,G.Skill DDR5 6000MHz CL22-1022,1139,1157,,DDR5,,
RAM,Corsair DDR4 4800MHz CL40-1023,1208,1264,,DDR4,,
RAM,Kingston DDR4 5200MHz CL36-1024,830,834,,DDR4,,
RAM,Crucial DDR4 7200MHz CL28-1025,1479,1227,,DDR4,,
RAM,Crucial DDR4 6000MHz CL32-1026,918,757,,DDR4,,
RAM,G.Skill DDR4 7200MHz CL23-1027,216,249,,DDR4,,
RAM,G.Skill DDR5 6000MHz CL40-1028,446,390,,DDR5,,
RAM,Corsair DDR5 7200MHz CL26-1029,368,357,,DDR5,,
RAM,G.Skill DDR4 6000MHz CL31-1030,1080,917,,DDR4,,
RAM,Kingston DDR5 7200MHz CL35-1031,941,972,,DDR5,,
RAM,Corsair DDR5 5200MHz CL39-1032,853,965,,DDR5,,
RAM,Corsair DDR5 6000MHz CL24-1033,820,976,,DDR5,,
RAM,Crucial DDR5 6000MHz CL16-1034,429,384,,DDR5,,
RAM,Corsair DDR5 4800MHz CL16-1035,1263,1016,,DDR5,,
RAM,G.Skill DDR5 6000MHz CL28-1036,533,540,,DDR5,,
RAM,Crucial DDR5 5200MHz CL31-1037,1225,1134,,DDR5,,
RAM,Crucial DDR4 3200MHz CL32-1038,1257,1403,,DDR4,,
RAM,Kingston DDR5 6000MHz CL15-1039,517,486,,DDR5,,
RAM,Kingston DDR5 6000MHz CL15-1040,1254,1369,,DDR5,,
RAM,Corsair DDR5 7200MHz CL30-1041,1466,1417,,DDR5,,
RAM,Crucial DDR5 6000MHz CL18-1042,330,344,,DDR5,,
RAM,Corsair DDR4 7200MHz CL18-1043,1369,1158,,DDR4,,
RAM,G.Skill DDR5 6000MHz CL21-1044,1017,1097,,DDR5,,
RAM,Corsair DDR5 4800MHz CL25-1045,1198,1160,,DDR5,,
RAM,Crucial DDR5 3600MHz CL14-1046,1491,1274,,DDR5,,
RAM,Crucial DDR4 5200MHz CL34-1047,520,551,,DDR4,,
RAM,Kingston DDR4 5200MHz CL36-1048,1426,1414,,DDR4,,
RAM,Crucial DDR4 7200MHz CL23-1049,1490,1546,,DDR4,,
RAM,Corsair DDR4 3200MHz CL37-1050,1328,1391,,DDR4,,
RAM,Corsair DDR5 5200MHz CL19-1051,930,925,,DDR5,,
RAM,G.Skill DDR5 6000MHz CL34-1052,1050,949,,DDR5,,
RAM,Kingston DDR5 3200MHz CL25-1053,1063,1091,,DDR5,,
RAM,Kingston DDR5 5200MHz CL38-1054,415,472,,DDR5,,
RAM,G.Skill DDR5 7200MHz CL38-1055,939,888,,DDR5,,
RAM,Crucial DDR5 3600MHz CL38-1056,255,218,,DDR5,,
RAM,Kingston DDR4 3600MHz CL39-1057,940,899,,DDR4,,
RAM,G.Skill DDR5 3200MHz CL23-1058,1166,1368,,DDR5,,
RAM,Crucial DDR4 4800MHz CL29-1059,189,188,,DDR4,,
RAM,Kingston DDR5 7200MHz CL30-1060,909,808,,DDR5,,
RAM,Crucial DDR4 5200MHz CL26-1061,1192,1341,,DDR4,,
RAM,G.Skill DDR5 5200MHz CL16-1062,1338,1345,,DDR5,,
RAM,G.Skill DDR4 4800MHz CL38-1063,1186,1015,,DDR4,,
RAM,Crucial DDR4 4800MHz CL40-1064,1099,1200,,DDR4,,
RAM,Corsair DDR5 4800MHz CL30-1065,1165,992,,DDR5,,
RAM,Kingston DDR5 4800MHz CL18-1066,1131,1190,,DDR5,,
RAM,G.Skill DDR5 4800MHz CL36-1067,534,637,,DDR5,,
RAM,G.Skill DDR4 7200MHz CL27-1068,190,201,,DDR4,,
RAM,Kingston DDR4 3200MHz CL14-1069,338,338,,DDR4,,
RAM,Corsair DDR5 4800MHz CL34-1070,1014,962,,DDR5,,
RAM,G.Skill DDR5 6000MHz CL14-1071,1236,1196,,DDR5,,
RAM,Corsair DDR4 3200MHz CL17-1072,350,305,,DDR4,,
RAM,Kingston DDR5 3600MHz CL30-1073,1183,1417,,DDR5,,
RAM,Crucial DDR5 4800MHz CL35-1074,1132,1040,,DDR5,,
RAM,G.Skill DDR5 6000MHz CL20-1075,580,621,,DDR5,,
RAM,G.Skill DDR4 3600MHz CL17-1076,323,326,,DDR4,,
RAM,Corsair DDR4 4800MHz CL25-1077,884,1058,,DDR4,,
RAM,G.Skill DDR4 5200MHz CL36-1078,580,641,,DDR4,,
RAM,Crucial DDR5 6000MHz CL19-1079,1187,1127,,DDR5,,
RAM,Crucial DDR4 4800MHz CL24-1080,981,1150,,DDR4,,
RAM,Crucial DDR4 4800MHz CL19-1081,1096,1284,,DDR4,,
RAM,G.Skill DDR4 6000MHz CL27-1082,496,451,,DDR4,,
RAM,Crucial DDR4 7200MHz CL28-1083,1245,1212,,DDR4,,
RAM,Crucial DDR5 4800MHz CL28-1084,1070,1188,,DDR5,,
RAM,Crucial DDR5 7200MHz CL24-1085,1051,1047,,DDR5,,
RAM,G.Skill DDR5 7200MHz CL21-1086,788,859,,DDR5,,
RAM,Kingston DDR4 6000MHz CL23-1087,398,357,,DDR4,,
RAM,G.Skill DDR5 4800MHz CL15-1088,545,599,,DDR5,,
RAM,Kingston DDR4 5200MHz CL28-1089,426,422,,DDR4,,
RAM,Crucial DDR4 6000MHz CL16-1090,1110,942,,DDR4,,
RAM,Crucial DDR5 4800MHz CL27-1091,1008,1162,,DDR5,,
RAM,Kingston DDR5 6000MHz CL32-1092,934,779,,DDR5,,
RAM,Crucial DDR5 4800MHz CL34-1093,1500,1253,,DDR5,,
RAM,G.Skill DDR4 3600MHz CL32-1094,1092,904,,DDR4,,
RAM,Kingston DDR4 5200MHz CL40-1095,845,894,,DDR4,,
RAM,Kingston DDR5 4800MHz CL20-1096,1200,1257,,DDR5,,
RAM,Corsair DDR5 6000MHz CL27-1097,411,434,,DDR5,,
RAM,Kingston DDR4 5200MHz CL23-1098,718,704,,DDR4,,
RAM,Corsair DDR4 7200MHz CL31-1099,1329,1345,,DDR4,,
RAM,Corsair DDR5 3600MHz CL34-1100,1467,1506,,DDR5,,
RAM,Crucial DDR4 3200MHz CL34-1101,1388,1219,,DDR4,,
RAM,Crucial DDR5 3600MHz CL16-1102,805,899,,DDR5,,
RAM,G.Skill DDR5 5200MHz CL31-1103,1168,1168,,DDR5,,
RAM,Kingston DDR4 7200MHz CL19-1104,1369,1526,,DDR4,,
RAM,Corsair DDR4 3200MHz CL37-1105,188,151,,DDR4,,
RAM,Kingston DDR5 7200MHz CL38-1106,281,255,,DDR5,,
RAM,Kingston DDR5 3600MHz CL32-1107,166,183,,DDR5,,
RAM,Crucial DDR5 7200MHz CL33-1108,795,864,,DDR5,,
RAM,G.Skill DDR5 3600MHz CL30-1109,1072,956,,DDR5,,
RAM,Kingston DDR5 5200MHz CL26-1110,203,223,,DDR5,,
RAM,G.Skill DDR5 3200MHz CL19-1111,1021,902,,DDR5,,
RAM,Crucial DDR4 5200MHz CL31-1112,197,176,,DDR4,,
RAM,Kingston DDR5 5200MHz CL15-1113,882,749,,DDR5,,
RAM,Kingston DDR5 4800MHz CL25-1114,1404,1626,,DDR5,,
RAM,G.Skill DDR5 5200MHz CL29-1115,735,660,,DDR5,,
RAM,G.Skill DDR5 7200MHz CL37-1116,263,223,,DDR5,,
RAM,Kingston DDR4 4800MHz CL29-1117,916,817,,DDR4,,
RAM,G.Skill DDR5 5200MHz CL15-1118,1438,1700,,DDR5,,
RAM,G.Skill DDR5 3600MHz CL28-1119,1236,1267,,DDR5,,
RAM,Corsair DDR4 7200MHz CL20-1120,306,320,,DDR4,,
RAM,Corsair DDR4 4800MHz CL14-1121,779,930,,DDR4,,
RAM,Corsair DDR4 7200MHz CL33-1122,989,810,,DDR4,,
RAM,G.Skill DDR4 3200MHz CL31-1123,432,372,,DDR4,,
RAM,Crucial DDR4 4800MHz CL25-1124,766,627,,DDR4,,
RAM,G.Skill DDR5 4800MHz CL17-1125,497,430,,DDR5,,
RAM,G.Skill DDR5 6000MHz CL36-1126,1244,1310,,DDR5,,
RAM,Kingston DDR5 3200MHz CL32-1127,171,203,,DDR5,,
RAM,G.Skill DDR5 6000MHz CL27-1128,227,252,,DDR5,,
RAM,Corsair DDR5 3600MHz CL26-1129,661,783,,DDR5,,
RAM,G.Skill DDR5 3600MHz CL21-1130,288,311,,DDR5,,
RAM,Crucial DDR5 6000MHz CL26-1131,1271,1352,,DDR5,,
RAM,G.Skill DDR4 3600MHz CL18-1132,732,841,,DDR4,,
RAM,G.Skill DDR5 3200MHz CL16-1133,442,404,,DDR5,,
RAM,Corsair DDR5 5200MHz CL18-1134,1120,1063,,DDR5,,
RAM,Crucial DDR5 6000MHz CL24-1135,856,879,,DDR5,,
RAM,G.Skill DDR5 4800MHz CL24-1136,735,867,,DDR5,,
RAM,Crucial DDR4 3200MHz CL20-1137,259,277,,DDR4,,
RAM,Corsair DDR5 7200MHz CL14-1138,1169,1122,,DDR5,,
RAM,Corsair DDR5 5200MHz CL35-1139,286,332,,DDR5,,
RAM,Kingston DDR5 7200MHz CL27-1140,1213,1367,,DDR5,,
RAM,Kingston DDR5 3200MHz CL26-1141,1038,952,,DDR5,,
RAM,Kingston DDR4 4800MHz CL18-1142,1210,1232,,DDR4,,
RAM,Kingston DDR5 4800MHz CL17-1143,906,994,,DDR5,,
RAM,Kingston DDR5 6000MHz CL40-1144,376,303,,DDR5,,
RAM,Kingston DDR4 7200MHz CL32-1145,1021,956,,DDR4,,
RAM,Corsair DDR4 3200MHz CL35-1146,168,187,,DDR4,,
RAM,G.Skill DDR4 3200MHz CL29-1147,637,561,,DDR4,,
RAM,Crucial DDR5 6000MHz CL15-1148,575,664,,DDR5,,
RAM,G.Skill DDR4 6000MHz CL18-1149,321,342,,DDR4,,
RAM,Corsair DDR5 7200MHz CL22-1150,793,803,,DDR5,,
RAM,Crucial DDR5 6000MHz CL22-1151,979,987,,DDR5,,
RAM,Corsair DDR5 7200MHz CL24-1152,1149,1033,,DDR5,,
RAM,G.Skill DDR4 3200MHz CL27-1153,200,238,,DDR4,,
RAM,G.Skill DDR4 6000MHz CL28-1154,236,211,,DDR4,,
RAM,Kingston DDR5 5200MHz CL24-1155,255,216,,DDR5,,
RAM,Kingston DDR5 4800MHz CL32-1156,372,391,,DDR5,,
RAM,G.Skill DDR4 6000MHz CL18-1157,906,895,,DDR4,,
RAM,Crucial DDR5 3200MHz CL17-1158,1242,1095,,DDR5,,
RAM,G.Skill DDR5 7200MHz CL30-1159,805,676,,DDR5,,
RAM,Kingston DDR4 5200MHz CL22-1160,212,239,,DDR4,,
RAM,Kingston DDR5 3600MHz CL40-1161,613,606,,DDR5,,
RAM,Kingston DDR5 4800MHz CL16-1162,642,727,,DDR5,,
RAM,G.Skill DDR4 5200MHz CL17-1163,592,588,,DDR4,,
RAM,Crucial DDR5 3600MHz CL26-1164,829,679,,DDR5,,
RAM,Kingston DDR5 6000MHz CL15-1165,731,848,,DDR5,,
RAM,G.Skill DDR4 3200MHz CL40-1166,688,671,,DDR4,,
RAM,Crucial DDR4 5200MHz CL22-1167,892,1000,,DDR4,,
RAM,Crucial DDR4 7200MHz CL38-1168,1140,1174,,DDR4,,
RAM,Kingston DDR4 6000MHz CL30-1169,318,351,,DDR4,,
RAM,G.Skill DDR5 5200MHz CL24-1170,712,732,,DDR5,,
RAM,Kingston DDR4 3200MHz CL23-1171,1118,1114,,DDR4,,
RAM,Kingston DDR4 7200MHz CL31-1172,749,760,,DDR4,,
RAM,Corsair DDR5 4800MHz CL14-1173,594,531,,DDR5,,
RAM,Corsair DDR5 7200MHz CL26-1174,1195,1339,,DDR5,,
RAM,Kingston DDR4 4800MHz CL19-1175,1193,985,,DDR4,,
RAM,Crucial DDR4 6000MHz CL27-1176,1271,1076,,DDR4,,
RAM,G.Skill DDR4 4800MHz CL31-1177,421,337,,DDR4,,
RAM,Crucial DDR4 3200MHz CL40-1178,1266,1383,,DDR4,,
RAM,Crucial DDR4 4800MHz CL23-1179,700,561,,DDR4,,
RAM,Kingston DDR4 3200MHz CL20-1180,729,807,,DDR4,,
RAM,Corsair DDR4 6000MHz CL31-1181,234,241,,DDR4,,
RAM,G.Skill DDR4 3200MHz CL33-1182,210,248,,DDR4,,
RAM,Crucial DDR4 3200MHz CL24-1183,1242,1303,,DDR4,,
RAM,Corsair DDR4 5200MHz CL35-1184,281,266,,DDR4,,
RAM,G.Skill DDR5 7200MHz CL38-1185,1065,1108,,DDR5,,
RAM,G.Skill DDR5 6000MHz CL17-1186,709,651,,DDR5,,
RAM,Kingston DDR4 6000MHz CL34-1187,1287,1403,,DDR4,,
RAM,Crucial DDR5 6000MHz CL25-1188,1226,1079,,DDR5,,
RAM,Corsair DDR4 3200MHz CL18-1189,1461,1752,,DDR4,,
RAM,Crucial DDR4 6000MHz CL17-1190,1184,980,,DDR4,,
RAM,Kingston DDR4 4800MHz CL22-1191,926,922,,DDR4,,
RAM,G.Skill DDR4 4800MHz CL35-1192,767,749,,DDR4,,
RAM,Corsair DDR5 3200MHz CL23-1193,297,270,,DDR5,,
RAM,Kingston DDR5 3200MHz CL40-1194,165,184,,DDR5,,
RAM,Corsair DDR5 6000MHz CL35-1195,230,193,,DDR5,,
RAM,Corsair DDR4 6000MHz CL22-1196,170,162,,DDR4,,
RAM,Kingston DDR5 6000MHz CL37-1197,345,358,,DDR5,,
RAM,G.Skill DDR4 3200MHz CL27-1198,1227,1074,,DDR4,,
RAM,G.Skill DDR5 6000MHz CL30-1199,1462,1625,,DDR5,,
RAM,Crucial DDR5 6000MHz CL36-1200,330,299,,DDR5,,
RAM,Crucial DDR5 5200MHz CL29-1201,350,311,,DDR5,,
RAM,Kingston DDR4 6000MHz CL28-1202,1478,1373,,DDR4,,
RAM,Corsair DDR4 5200MHz CL31-1203,1012,853,,DDR4,,
RAM,G.Skill DDR5 5200MHz CL40-1204,1148,1202,,DDR5,,
RAM,Crucial DDR4 3200MHz CL23-1205,836,902,,DDR4,,
RAM,Kingston DDR4 6000MHz CL35-1206,1272,1230,,DDR4,,
RAM,Corsair DDR5 3600MHz CL31-1207,1391,1432,,DDR5,,
RAM,Corsair DDR5 3200MHz CL40-1208,986,957,,DDR5,,
RAM,Crucial DDR4 6000MHz CL15-1209,1143,1008,,DDR4,,
RAM,Kingston DDR5 7200MHz CL15-1210,1327,1462,,DDR5,,
RAM,Crucial DDR4 6000MHz CL40-1211,433,354,,DDR4,,
RAM,G.Skill DDR4 6000MHz CL15-1212,913,740,,DDR4,,
RAM,Corsair DDR4 4800MHz CL16-1213,741,758,,DDR4,,
RAM,G.Skill DDR5 6000MHz CL18-1214,790,848,,DDR5,,
RAM,Corsair DDR4 3200MHz CL30-1215,1321,1159,,DDR4,,
RAM,Crucial DDR4 3200MHz CL24-1216,1108,923,,DDR4,,
RAM,G.Skill DDR5 6000MHz CL36-1217,1045,1082,,DDR5,,
RAM,Corsair DDR5 3600MHz CL30-1218,488,497,,DDR5,,
RAM,Crucial DDR5 3600MHz CL40-1219,620,566,,DDR5,,
RAM,G.Skill DDR5 3200MHz CL31-1220,1478,1230,,DDR5,,
RAM,Kingston DDR5 4800MHz CL39-1221,612,638,,DDR5,,
RAM,Crucial DDR4 4800MHz CL38-1222,1276,1343,,DDR4,,
RAM,Kingston DDR5 5200MHz CL27-1223,656,633,,DDR5,,
RAM,Corsair DDR5 3600MHz CL23-1224,702,760,,DDR5,,
RAM,Kingston DDR5 7200MHz CL27-1225,734,652,,DDR5,,
RAM,Kingston DDR4 3600MHz CL40-1226,977,1098,,DDR4,,
RAM,Crucial DDR5 3200MHz CL27-1227,556,590,,DDR5,,
RAM,Corsair DDR4 3600MHz CL24-1228,295,324,,DDR4,,
RAM,Crucial DDR4 3200MHz CL17-1229,876,874,,DDR4,,
RAM,G.Skill DDR5 7200MHz CL33-1230,1495,1628,,DDR5,,
RAM,Crucial DDR5 3600MHz CL19-1231,640,707,,DDR5,,
RAM,Kingston DDR4 5200MHz CL33-1232,289,261,,DDR4,,
RAM,G.Skill DDR4 3200MHz CL20-1233,676,553,,DDR4,,
RAM,Corsair DDR5 7200MHz CL30-1234,1389,1346,,DDR5,,
RAM,Crucial DDR4 3200MHz CL17-1235,799,862,,DDR4,,
RAM,Kingston DDR5 3600MHz CL26-1236,961,994,,DDR5,,
RAM,Kingston DDR4 5200MHz CL33-1237,1072,1080,,DDR4,,
RAM,G.Skill DDR5 3600MHz CL19-1238,341,390,,DDR5,,
RAM,Kingston DDR5 7200MHz CL34-1239,1375,1621,,DDR5,,
RAM,Crucial DDR4 3200MHz CL19-1240,846,798,,DDR4,,
RAM,G.Skill DDR4 6000MHz CL15-1241,403,367,,DDR4,,
RAM,Corsair DDR5 7200MHz CL24-1242,1133,994,,DDR5,,
RAM,G.Skill DDR5 7200MHz CL28-1243,1347,1421,,DDR5,,
RAM,Corsair DDR5 3600MHz CL37-1244,507,528,,DDR5,,
RAM,G.Skill DDR5 3600MHz CL40-1245,1415,1301,,DDR5,,
RAM,Corsair DDR4 6000MHz CL17-1246,1224,1058,,DDR4,,
RAM,Corsair DDR4 7200MHz CL39-1247,668,664,,DDR4,,
RAM,G.Skill DDR4 3600MHz CL24-1248,348,363,,DDR4,,
RAM,Crucial DDR4 3200MHz CL32-1249,285,311,,DDR4,,
RAM,Kingston DDR5 3200MHz CL17-1250,695,782,,DDR5,,
RAM,Crucial DDR4 4800MHz CL27-1251,1097,1172,,DDR4,,
RAM,Corsair DDR5 3600MHz CL16-1252,773,706,,DDR5,,
RAM,Crucial DDR4 6000MHz CL25-1253,738,737,,DDR4,,
RAM,Kingston DDR4 4800MHz CL19-1254,1213,1290,,DDR4,,
RAM,G.Skill DDR4 4800MHz CL31-1255,328,374,,DDR4,,
RAM,Crucial DDR5 5200MHz CL39-1256,975,1005,,DDR5,,
RAM,G.Skill DDR5 5200MHz CL29-1257,794,694,,DDR5,,
RAM,G.Skill DDR5 5200MHz CL36-1258,1161,1223,,DDR5,,
RAM,Kingston DDR4 3200MHz CL31-1259,603,696,,DDR4,,
RAM,Kingston DDR5 7200MHz CL29-1260,1356,1287,,DDR5,,
RAM,Kingston DDR4 3200MHz CL35-1261,457,486,,DDR4,,
RAM,Kingston DDR4 4800MHz CL22-1262,522,538,,DDR4,,
RAM,Corsair DDR4 3200MHz CL32-1263,936,801,,DDR4,,
RAM,G.Skill DDR5 3200MHz CL28-1264,897,761,,DDR5,,
RAM,Crucial DDR5 5200MHz CL34-1265,1417,1697,,DDR5,,
RAM,G.Skill DDR4 3600MHz CL34-1266,863,883,,DDR4,,
RAM,Corsair DDR4 5200MHz CL18-1267,284,266,,DDR4,,
RAM,Corsair DDR4 7200MHz CL32-1268,1101,1061,,DDR4,,
RAM,Crucial DDR4 3600MHz CL36-1269,451,403,,DDR4,,
RAM,Kingston DDR5 4800MHz CL17-1270,1469,1506,,DDR5,,
RAM,Corsair DDR5 5200MHz CL19-1271,828,851,,DDR5,,
RAM,Corsair DDR5 4800MHz CL18-1272,569,677,,DDR5,,
RAM,Corsair DDR5 6000MHz CL19-1273,1186,1340,,DDR5,,
RAM,Corsair DDR4 7200MHz CL31-1274,902,881,,DDR4,,
RAM,Corsair DDR5 5200MHz CL31-1275,651,767,,DDR5,,
RAM,G.Skill DDR5 3200MHz CL14-1276,164,182,,DDR5,,
RAM,Corsair DDR4 3200MHz CL14-1277,1250,1361,,DDR4,,
RAM,G.Skill DDR4 6000MHz CL28-1278,731,841,,DDR4,,
RAM,G.Skill DDR5 3600MHz CL24-1279,691,607,,DDR5,,
RAM,Crucial DDR5 3600MHz CL30-1280,805,830,,DDR5,,
RAM,Kingston DDR5 3600MHz CL36-1281,717,799,,DDR5,,
RAM,Kingston DDR5 3600MHz CL31-1282,434,439,,DDR5,,
RAM,G.Skill DDR4 5200MHz CL32-1283,1120,1305,,DDR4,,
RAM,Corsair DDR4 3600MHz CL28-1284,1457,1254,,DDR4,,
RAM,Crucial DDR5 3600MHz CL33-1285,487,519,,DDR5,,
RAM,Corsair DDR4 7200MHz CL21-1286,636,674,,DDR4,,
RAM,Corsair DDR5 6000MHz CL29-1287,1122,937,,DDR5,,
RAM,Corsair DDR4 3600MHz CL14-1288,450,381,,DDR4,,
RAM,Crucial DDR5 5200MHz CL32-1289,609,631,,DDR5,,
RAM,G.Skill DDR5 7200MHz CL22-1290,1014,885,,DDR5,,
RAM,G.Skill DDR4 4800MHz CL33-1291,769,707,,DDR4,,
RAM,Corsair DDR4 5200MHz CL21-1292,1169,973,,DDR4,,
RAM,G.Skill DDR4 6000MHz CL15-1293,756,836,,DDR4,,
RAM,G.Skill DDR4 3200MHz CL28-1294,486,444,,DDR4,,
RAM,Crucial DDR5 5200MHz CL14-1295,1343,1085,,DDR5,,
RAM,Corsair DDR4 6000MHz CL21-1296,243,247,,DDR4,,
RAM,Kingston DDR4 5200MHz CL22-1297,406,433,,DDR4,,
RAM,G.Skill DDR4 3200MHz CL32-1298,887,848,,DDR4,,
RAM,Crucial DDR4 4800MHz CL35-1299,474,473,,DDR4,,
RAM,Corsair DDR5 4800MHz CL29-1300,1338,1385,,DDR5,,
RAM,Crucial DDR5 3600MHz CL38-1301,1240,1359,,DDR5,,
RAM,Kingston DDR5 3200MHz CL22-1302,1169,1059,,DDR5,,
RAM,Crucial DDR4 3200MHz CL26-1303,1142,1083,,DDR4,,
RAM,G.Skill DDR5 5200MHz CL25-1304,828,788,,DDR5,,
RAM,Crucial DDR4 6000MHz CL40-1305,276,303,,DDR4,,
RAM,Kingston DDR5 3600MHz CL35-1306,759,850,,DDR5,,
RAM,Corsair DDR4 5200MHz CL24-1307,499,448,,DDR4,,
RAM,Crucial DDR4 7200MHz CL20-1308,469,518,,DDR4,,
RAM,Kingston DDR5 7200MHz CL18-1309,1262,1309,,DDR5,,
RAM,Corsair DDR4 6000MHz CL27-1310,538,443,,DDR4,,
RAM,Kingston DDR4 3600MHz CL32-1311,1024,866,,DDR4,,
RAM,Corsair DDR4 5200MHz CL26-1312,1235,1167,,DDR4,,
RAM,G.Skill DDR4 4800MHz CL37-1313,747,793,,DDR4,,
RAM,Crucial DDR4 7200MHz CL23-1314,546,632,,DDR4,,
RAM,Crucial DDR5 4800MHz CL19-1315,550,470,,DDR5,,
RAM,Crucial DDR5 6000MHz CL36-1316,359,291,,DDR5,,
RAM,G.Skill DDR4 4800MHz CL29-1317,216,236,,DDR4,,
RAM,Crucial DDR5 5200MHz CL14-1318,796,928,,DDR5,,
RAM,G.Skill DDR5 3600MHz CL39-1319,762,788,,DDR5,,
RAM,Corsair DDR5 7200MHz CL14-1320,440,472,,DDR5,,
RAM,G.Skill DDR4 3600MHz CL33-1321,452,458,,DDR4,,
RAM,Corsair DDR5 3200MHz CL36-1322,1408,1424,,DDR5,,
RAM,Corsair DDR4 3600MHz CL29-1323,507,494,,DDR4,,
RAM,Kingston DDR5 3600MHz CL38-1324,623,711,,DDR5,,
RAM,Crucial DDR4 4800MHz CL25-1325,1441,1402,,DDR4,,
RAM,Kingston DDR5 5200MHz CL19-1326,310,340,,DDR5,,
RAM,G.Skill DDR5 4800MHz CL29-1327,1200,1162,,DDR5,,
RAM,Kingston DDR4 3200MHz CL30-1328,1312,1226,,DDR4,,
RAM,Kingston DDR4 7200MHz CL38-1329,657,603,,DDR4,,
RAM,G.Skill DDR4 6000MHz CL33-1330,1279,1330,,DDR4,,
RAM,Kingston DDR4 4800MHz CL27-1331,344,370,,DDR4,,
RAM,Kingston DDR4 4800MHz CL26-1332,1458,1666,,DDR4,,
RAM,Crucial DDR4 7200MHz CL20-1333,1312,1119,,DDR4,,
RAM,Kingston DDR4 3200MHz CL39-1334,475,500,,DDR4,,
RAM,G.Skill DDR5 7200MHz CL15-1335,1065,986,,DDR5,,
RAM,G.Skill DDR5 5200MHz CL37-1336,1115,1017,,DDR5,,
RAM,Corsair DDR5 3600MHz CL25-1337,412,343,,DDR5,,
RAM,Crucial DDR5 5200MHz CL25-1338,388,351,,DDR5,,
RAM,G.Skill DDR4 4800MHz CL30-1339,1008,851,,DDR4,,
RAM,Corsair DDR5 3600MHz CL36-1340,1312,1485,,DDR5,,
RAM,G.Skill DDR4 6000MHz CL19-1341,1333,1144,,DDR4,,
RAM,Corsair DDR4 3600MHz CL40-1342,387,463,,DDR4,,
RAM,Crucial DDR4 4800MHz CL26-1343,838,987,,DDR4,,
RAM,Corsair DDR4 7200MHz CL25-1344,303,320,,DDR4,,
RAM,Kingston DDR4 7200MHz CL20-1345,871,993,,DDR4,,
RAM,G.Skill DDR4 3600MHz CL33-1346,685,712,,DDR4,,
RAM,G.Skill DDR4 4800MHz CL40-1347,1361,1501,,DDR4,,
RAM,Corsair DDR4 6000MHz CL25-1348,1278,1355,,DDR4,,
RAM,G.Skill DDR4 3200MHz CL14-1349,996,844,,DDR4,,
RAM,G.Skill DDR4 7200MHz CL27-1350,1296,1469,,DDR4,,
RAM,Corsair DDR4 3200MHz CL26-1351,682,795,,DDR4,,
RAM,Kingston DDR4 3200MHz CL37-1352,854,908,,DDR4,,
RAM,Corsair DDR5 3200MHz CL15-1353,1186,1155,,DDR5,,
RAM,Crucial DDR5 7200MHz CL26-1354,587,497,,DDR5,,
RAM,G.Skill DDR5 5200MHz CL35-1355,884,924,,DDR5,,
RAM,Kingston DDR5 4800MHz CL21-1356,605,536,,DDR5,,
RAM,G.Skill DDR5 4800MHz CL14-1357,375,358,,DDR5,,
RAM,G.Skill DDR4 6000MHz CL34-1358,210,204,,DDR4,,
RAM,Crucial DDR4 3200MHz CL15-1359,1418,1170,,DDR4,,
RAM,G.Skill DDR4 4800MHz CL39-1360,426,406,,DDR4,,
RAM,Crucial DDR5 3600MHz CL17-1361,471,427,,DDR5,,
RAM,Kingston DDR4 5200MHz CL34-1362,1386,1610,,DDR4,,
RAM,G.Skill DDR4 7200MHz CL29-1363,329,307,,DDR4,,
RAM,Crucial DDR4 6000MHz CL31-1364,1311,1556,,DDR4,,
RAM,Crucial DDR4 4800MHz CL26-1365,472,523,,DDR4,,
RAM,G.Skill DDR4 3600MHz CL15-1366,515,617,,DDR4,,
RAM,Crucial DDR5 3600MHz CL23-1367,685,643,,DDR5,,
RAM,Corsair DDR4 6000MHz CL27-1368,233,209,,DDR4,,
RAM,Kingston DDR5 7200MHz CL15-1369,1377,1190,,DDR5,,
RAM,G.Skill DDR5 7200MHz CL27-1370,953,1081,,DDR5,,
RAM,Crucial DDR5 3200MHz CL40-1371,825,875,,DDR5,,
RAM,Crucial DDR4 6000MHz CL27-1372,301,296,,DDR4,,
RAM,Crucial DDR4 3200MHz CL14-1373,1041,870,,DDR4,,
RAM,Kingston DDR5 3600MHz CL35-1374,1316,1335,,DDR5,,
RAM,Kingston DDR4 5200MHz CL22-1375,1422,1199,,DDR4,,
RAM,Corsair DDR5 4800MHz CL35-1376,712,800,,DDR5,,
RAM,G.Skill DDR4 3600MHz CL39-1377,1288,1423,,DDR4,,
RAM,G.Skill DDR4 6000MHz CL40-1378,373,359,,DDR4,,
RAM,Kingston DDR4 6000MHz CL16-1379,1492,1341,,DDR4,,
RAM,G.Skill DDR5 7200MHz CL36-1380,842,701,,DDR5,,
RAM,Kingston DDR5 3200MHz CL23-1381,575,605,,DDR5,,
RAM,Crucial DDR4 6000MHz CL21-1382,393,379,,DDR4,,
RAM,Corsair DDR4 7200MHz CL35-1383,168,185,,DDR4,,
RAM,Corsair DDR5 6000MHz CL31-1384,392,398,,DDR5,,
RAM,Crucial DDR4 6000MHz CL39-1385,920,970,,DDR4,,
RAM,Kingston DDR5 6000MHz CL17-1386,410,426,,DDR5,,
RAM,Kingston DDR5 4800MHz CL32-1387,1204,1009,,DDR5,,
RAM,Corsair DDR5 6000MHz CL32-1388,390,388,,DDR5,,
RAM,Crucial DDR4 7200MHz CL22-1389,1125,1218,,DDR4,,
RAM,Corsair DDR4 3200MHz CL20-1390,636,756,,DDR4,,
RAM,Kingston DDR4 3600MHz CL32-1391,784,671,,DDR4,,
RAM,Crucial DDR4 4800MHz CL40-1392,1071,948,,DDR4,,
RAM,Corsair DDR4 5200MHz CL38-1393,999,1011,,DDR4,,
RAM,Crucial DDR4 3600MHz CL29-1394,237,245,,DDR4,,
RAM,Crucial DDR5 7200MHz CL25-1395,523,483,,DDR5,,
RAM,Kingston DDR5 3200MHz CL18-1396,797,780,,DDR5,,
RAM,G.Skill DDR4 4800MHz CL14-1397,1351,1176,,DDR4,,
RAM,G.Skill DDR4 5200MHz CL18-1398,195,177,,DDR4,,
RAM,G.Skill DDR4 3200MHz CL29-1399,372,418,,DDR4,,
RAM,G.Skill DDR4 3200MHz CL23-1400,1180,966,,DDR4,,
RAM,Kingston DDR4 7200MHz CL17-1401,689,722,,DDR4,,
RAM,Corsair DDR5 6000MHz CL22-1402,278,252,,DDR5,,
RAM,G.Skill DDR4 7200MHz CL30-1403,620,736,,DDR4,,
RAM,G.Skill DDR4 3600MHz CL26-1404,1143,1230,,DDR4,,
RAM,G.Skill DDR5 7200MHz CL14-1405,400,397,,DDR5,,
RAM,Corsair DDR4 3200MHz CL15-1406,433,368,,DDR4,,
RAM,Corsair DDR4 3600MHz CL24-1407,1118,1320,,DDR4,,
RAM,Corsair DDR4 6000MHz CL19-1408,1467,1223,,DDR4,,
RAM,Crucial DDR4 7200MHz CL22-1409,160,190,,DDR4,,
RAM,G.Skill DDR4 5200MHz CL32-1410,917,1048,,DDR4,,
RAM,Crucial DDR4 3200MHz CL33-1411,523,472,,DDR4,,
RAM,Crucial DDR5 3200MHz CL16-1412,200,214,,DDR5,,
RAM,Corsair DDR5 7200MHz CL18-1413,1237,1013,,DDR5,,
RAM,Kingston DDR5 7200MHz CL20-1414,1081,1114,,DDR5,,
RAM,Kingston DDR5 6000MHz CL33-1415,605,552,,DDR5,,
RAM,Corsair DDR4 7200MHz CL40-1416,590,562,,DDR4,,
RAM,Kingston DDR5 7200MHz CL16-1417,744,625,,DDR5,,
RAM,G.Skill DDR5 5200MHz CL20-1418,617,523,,DDR5,,
RAM,Corsair DDR4 3600MHz CL20-1419,1080,1170,,DDR4,,
RAM,Corsair DDR4 4800MHz CL38-1420,1119,1259,,DDR4,,
RAM,Corsair DDR4 5200MHz CL19-1421,659,676,,DDR4,,
RAM,Corsair DDR5 3600MHz CL19-1422,404,419,,DDR5,,
RAM,G.Skill DDR4 3600MHz CL16-1423,292,249,,DDR4,,
RAM,Crucial DDR4 4800MHz CL21-1424,1110,1276,,DDR4,,
RAM,G.Skill DDR5 5200MHz CL16-1425,242,211,,DDR5,,
RAM,Kingston DDR5 6000MHz CL14-1426,1199,1174,,DDR5,,
RAM,Kingston DDR5 6000MHz CL40-1427,656,755,,DDR5,,
RAM,Corsair DDR5 6000MHz CL29-1428,786,722,,DDR5,,
RAM,Corsair DDR4 3600MHz CL40-1429,460,376,,DDR4,,
RAM,G.Skill DDR4 4800MHz CL18-1430,854,982,,DDR4,,
RAM,G.Skill DDR4 3600MHz CL15-1431,593,505,,DDR4,,
RAM,Kingston DDR5 5200MHz CL15-1432,694,729,,DDR5,,
RAM,Crucial DDR5 3600MHz CL24-1433,230,269,,DDR5,,
RAM,Corsair DDR5 3600MHz CL18-1434,797,876,,DDR5,,
RAM,Kingston DDR5 3200MHz CL15-1435,187,201,,DDR5,,
RAM,Kingston DDR5 7200MHz CL32-1436,342,373,,DDR5,,
RAM,G.Skill DDR4 7200MHz CL34-1437,1295,1228,,DDR4,,
RAM,G.Skill DDR5 4800MHz CL18-1438,883,755,,DDR5,,
RAM,Corsair DDR4 7200MHz CL18-1439,1412,1665,,DDR4,,
RAM,Corsair DDR4 7200MHz CL29-1440,1011,830,,DDR4,,
RAM,G.Skill DDR4 6000MHz CL30-1441,672,775,,DDR4,,
RAM,Crucial DDR5 7200MHz CL35-1442,236,260,,DDR5,,
RAM,Kingston DDR5 3600MHz CL29-1443,565,609,,DDR5,,
RAM,G.Skill DDR5 5200MHz CL18-1444,1133,1063,,DDR5,,
RAM,Crucial DDR4 6000MHz CL31-1445,1428,1199,,DDR4,,
RAM,Corsair DDR5 3200MHz CL22-1446,1189,1222,,DDR5,,
RAM,Crucial DDR4 3200MHz CL18-1447,1090,1056,,DDR4,,
RAM,G.Skill DDR5 4800MHz CL36-1448,707,807,,DDR5,,
RAM,Crucial DDR5 4800MHz CL37-1449,585,684,,DDR5,,
RAM,G.Skill DDR5 6000MHz CL15-1450,1408,1254,,DDR5,,
RAM,Kingston DDR5 6000MHz CL26-1451,1461,1676,,DDR5,,
RAM,Crucial DDR4 6000MHz CL17-1452,789,845,,DDR4,,
RAM,Kingston DDR4 3600MHz CL37-1453,330,274,,DDR4,,
RAM,Corsair DDR5 4800MHz CL15-1454,873,790,,DDR5,,
RAM,Corsair DDR4 3600MHz CL40-1455,1231,1246,,DDR4,,
RAM,Crucial DDR4 4800MHz CL32-1456,1296,1526,,DDR4,,
RAM,Crucial DDR4 5200MHz CL28-1457,319,298,,DDR4,,
RAM,G.Skill DDR4 3600MHz CL29-1458,304,340,,DDR4,,
RAM,G.Skill DDR5 3600MHz CL14-1459,458,374,,DDR5,,
RAM,G.Skill DDR4 6000MHz CL35-1460,1122,1037,,DDR4,,
RAM,Crucial DDR5 3200MHz CL31-1461,215,181,,DDR5,,
RAM,Corsair DDR4 3600MHz CL24-1462,1299,1297,,DDR4,,
RAM,Crucial DDR5 7200MHz CL32-1463,359,399,,DDR5,,
RAM,Crucial DDR5 7200MHz CL39-1464,1476,1412,,DDR5,,
RAM,Crucial DDR5 6000MHz CL34-1465,1252,1077,,DDR5,,
RAM,Corsair DDR5 5200MHz CL32-1466,1456,1615,,DDR5,,
RAM,Corsair DDR4 3200MHz CL15-1467,298,323,,DDR4,,
RAM,G.Skill DDR4 5200MHz CL39-1468,183,167,,DDR4,,
RAM,Crucial DDR4 7200MHz CL29-1469,494,587,,DDR4,,
RAM,Kingston DDR5 5200MHz CL26-1470,668,680,,DDR5,,
RAM,Corsair DDR5 3200MHz CL30-1471,1098,1104,,DDR5,,
RAM,Corsair DDR5 7200MHz CL31-1472,177,176,,DDR5,,
RAM,G.Skill DDR5 6000MHz CL30-1473,250,297,,DDR5,,
RAM,Crucial DDR4 5200MHz CL20-1474,1133,1195,,DDR4,,
RAM,Crucial DDR4 3600MHz CL19-1475,180,167,,DDR4,,
RAM,Kingston DDR5 5200MHz CL29-1476,735,858,,DDR5,,
RAM,Kingston DDR4 5200MHz CL29-1477,899,1055,,DDR4,,
RAM,G.Skill DDR4 4800MHz CL36-1478,524,431,,DDR4,,
RAM,Crucial DDR5 5200MHz CL30-1479,792,798,,DDR5,,
RAM,Corsair DDR4 6000MHz CL14-1480,1406,1447,,DDR4,,
RAM,G.Skill DDR5 6000MHz CL37-1481,647,754,,DDR5,,
RAM,Kingston DDR4 3600MHz CL25-1482,886,973,,DDR4,,
RAM,Corsair DDR5 3200MHz CL20-1483,479,571,,DDR5,,
RAM,Corsair DDR5 5200MHz CL26-1484,1184,1123,,DDR5,,
RAM,Corsair DDR4 4800MHz CL34-1485,1409,1465,,DDR4,,
RAM,Kingston DDR4 6000MHz CL22-1486,1497,1700,,DDR4,,
RAM,Corsair DDR5 5200MHz CL38-1487,722,580,,DDR5,,
RAM,Kingston DDR5 5200MHz CL23-1488,1321,1099,,DDR5,,
RAM,G.Skill DDR5 6000MHz CL35-1489,816,766,,DDR5,,
RAM,Corsair DDR5 3600MHz CL37-1490,614,712,,DDR5,,
RAM,Crucial DDR4 7200MHz CL30-1491,573,664,,DDR4,,
RAM,Kingston DDR4 7200MHz CL27-1492,706,695,,DDR4,,
RAM,G.Skill DDR5 3200MHz CL15-1493,189,212,,DDR5,,
RAM,G.Skill DDR5 4800MHz CL18-1494,1241,1450,,DDR5,,
RAM,Kingston DDR5 3200MHz CL38-1495,1177,945,,DDR5,,
RAM,G.Skill DDR5 5200MHz CL16-1496,239,274,,DDR5,,
RAM,Crucial DDR4 6000MHz CL30-1497,742,803,,DDR4,,
RAM,Corsair DDR5 5200MHz CL25-1498,960,1016,,DDR5,,
RAM,G.Skill DDR4 4800MHz CL15-1499,174,169,,DDR4,,
RAM,Corsair DDR5 7200MHz CL39-1500,1010,1083,,DDR5,,
RAM,Corsair DDR4 7200MHz CL17-1501,881,970,,DDR4,,
RAM,Corsair DDR5 5200MHz CL40-1502,679,765,,DDR5,,
RAM,Corsair DDR5 3600MHz CL18-1503,1175,1303,,DDR5,,
RAM,G.Skill DDR4 3200MHz CL38-1504,740,802,,DDR4,,
RAM,Corsair DDR4 5200MHz CL30-1505,783,713,,DDR4,,
RAM,Corsair DDR4 4800MHz CL22-1506,315,364,,DDR4,,
RAM,Corsair DDR5 5200MHz CL21-1507,414,358,,DDR5,,
RAM,G.Skill DDR4 6000MHz CL40-1508,491,411,,DDR4,,
RAM,Corsair DDR4 6000MHz CL25-1509,907,878,,DDR4,,
RAM,G.Skill DDR5 7200MHz CL35-1510,1074,1078,,DDR5,,
RAM,G.Skill DDR4 6000MHz CL29-1511,621,660,,DDR4,,
RAM,Kingston DDR4 6000MHz CL18-1512,624,637,,DDR4,,
RAM,Kingston DDR5 6000MHz CL35-1513,1429,1318,,DDR5,,
RAM,Corsair DDR5 5200MHz CL15-1514,1448,1536,,DDR5,,
RAM,Crucial DDR5 3200MHz CL32-1515,1045,1250,,DDR5,,
RAM,Crucial DDR5 7200MHz CL29-1516,994,1018,,DDR5,,
RAM,Crucial DDR4 6000MHz CL40-1517,412,409,,DDR4,,
RAM,Crucial DDR5 3200MHz CL39-1518,631,540,,DDR5,,
RAM,Kingston DDR4 5200MHz CL36-1519,723,766,,DDR4,,
RAM,Corsair DDR5 5200MHz CL37-1520,1337,1476,,DDR5,,
RAM,Kingston DDR5 5200MHz CL34-1521,298,263,,DDR5,,
RAM,Kingston DDR5 4800MHz CL32-1522,1326,1446,,DDR5,,
RAM,G.Skill DDR5 3200MHz CL39-1523,1101,1037,,DDR5,,
RAM,Crucial DDR5 6000MHz CL16-1524,844,862,,DDR5,,
RAM,Crucial DDR5 4800MHz CL23-1525,560,546,,DDR5,,
RAM,Corsair DDR4 7200MHz CL23-1526,1431,1351,,DDR4,,
RAM,Crucial DDR4 3200MHz CL16-1527,1435,1536,,DDR4,,
RAM,G.Skill DDR4 3600MHz CL40-1528,1051,1105,,DDR4,,
RAM,Kingston DDR4 7200MHz CL14-1529,334,329,,DDR4,,
RAM,Corsair DDR5 4800MHz CL29-1530,1478,1190,,DDR5,,
RAM,Kingston DDR4 7200MHz CL37-1531,1074,1213,,DDR4,,
RAM,Corsair DDR4 3600MHz CL15-1532,806,748,,DDR4,,
RAM,Crucial DDR5 4800MHz CL31-1533,487,510,,DDR5,,
RAM,Crucial DDR5 6000MHz CL20-1534,1388,1650,,DDR5,,
RAM,Crucial DDR5 4800MHz CL33-1535,726,677,,DDR5,,
RAM,Corsair DDR4 3600MHz CL17-1536,1062,1065,,DDR4,,
RAM,Corsair DDR5 7200MHz CL15-1537,241,271,,DDR5,,
RAM,Crucial DDR4 4800MHz CL22-1538,978,1130,,DDR4,,
RAM,Corsair DDR5 3600MHz CL21-1539,752,758,,DDR5,,
RAM,G.Skill DDR5 3600MHz CL24-1540,163,144,,DDR5,,
RAM,Corsair DDR5 6000MHz CL21-1541,741,705,,DDR5,,
RAM,Corsair DDR4 3200MHz CL29-1542,1342,1237,,DDR4,,
RAM,Kingston DDR4 5200MHz CL35-1543,218,191,,DDR4,,
RAM,Crucial DDR5 3600MHz CL38-1544,1084,941,,DDR5,,
RAM,Corsair DDR4 7200MHz CL36-1545,793,758,,DDR4,,
RAM,G.Skill DDR5 3600MHz CL33-1546,256,216,,DDR5,,
RAM,G.Skill DDR5 4800MHz CL23-1547,712,661,,DDR5,,
RAM,Kingston DDR5 5200MHz CL19-1548,922,999,,DDR5,,
RAM,G.Skill DDR5 3600MHz CL19-1549,219,209,,DDR5,,
RAM,Kingston DDR5 5200MHz CL40-1550,957,802,,DDR5,,
RAM,Kingston DDR4 7200MHz CL16-1551,384,355,,DDR4,,
RAM,Kingston DDR5 3200MHz CL23-1552,1036,1126,,DDR5,,
RAM,Crucial DDR5 5200MHz CL25-1553,1057,1245,,DDR5,,
RAM,Corsair DDR4 3600MHz CL16-1554,1067,1245,,DDR4,,
RAM,Kingston DDR4 3600MHz CL24-1555,833,906,,DDR4,,
RAM,Corsair DDR5 3600MHz CL15-1556,1090,1213,,DDR5,,
RAM,G.Skill DDR5 3600MHz CL20-1557,1152,1083,,DDR5,,
RAM,Corsair DDR4 7200MHz CL19-1558,1369,1593,,DDR4,,
RAM,G.Skill DDR4 6000MHz CL31-1559,1276,1375,,DDR4,,
RAM,Kingston DDR4 3200MHz CL29-1560,1192,1235,,DDR4,,
RAM,G.Skill DDR4 5200MHz CL24-1561,979,1038,,DDR4,,
RAM,G.Skill DDR4 4800MHz CL19-1562,1132,1260,,DDR4,,
RAM,Corsair DDR4 6000MHz CL34-1563,400,382,,DDR4,,
RAM,G.Skill DDR5 6000MHz CL37-1564,725,699,,DDR5,,
RAM,Corsair DDR4 6000MHz CL25-1565,1268,1473,,DDR4,,
RAM,Kingston DDR5 7200MHz CL28-1566,579,465,,DDR5,,
RAM,Kingston DDR4 5200MHz CL25-1567,410,330,,DDR4,,
RAM,G.Skill DDR5 5200MHz CL30-1568,795,953,,DDR5,,
RAM,G.Skill DDR5 3600MHz CL37-1569,873,873,,DDR5,,
RAM,Corsair DDR5 6000MHz CL22-1570,300,300,,DDR5,,
RAM,Crucial DDR4 6000MHz CL39-1571,1468,1574,,DDR4,,
RAM,Kingston DDR5 3200MHz CL19-1572,913,1069,,DDR5,,
RAM,Corsair DDR5 7200MHz CL27-1573,666,542,,DDR5,,
RAM,Crucial DDR5 7200MHz CL40-1574,461,529,,DDR5,,
RAM,Crucial DDR4 3600MHz CL38-1575,1037,1167,,DDR4,,
RAM,Corsair DDR5 3200MHz CL36-1576,1471,1625,,DDR5,,
RAM,Crucial DDR5 6000MHz CL37-1577,654,571,,DDR5,,
RAM,Crucial DDR5 6000MHz CL37-1578,1169,953,,DDR5,,
RAM,G.Skill DDR5 3200MHz CL32-1579,551,641,,DDR5,,
RAM,Kingston DDR4 3600MHz CL21-1580,321,293,,DDR4,,
RAM,Corsair DDR4 3600MHz CL23-1581,893,983,,DDR4,,
RAM,Corsair DDR4 3200MHz CL19-1582,1229,1252,,DDR4,,
RAM,G.Skill DDR4 5200MHz CL31-1583,703,804,,DDR4,,
RAM,G.Skill DDR5 5200MHz CL32-1584,846,914,,DDR5,,
RAM,Corsair DDR4 7200MHz CL24-1585,434,371,,DDR4,,
RAM,Kingston DDR4 6000MHz CL26-1586,1059,1262,,DDR4,,
RAM,Kingston DDR4 3600MHz CL14-1587,336,332,,DDR4,,
RAM,Corsair DDR5 5200MHz CL25-1588,975,791,,DDR5,,
RAM,G.Skill DDR5 7200MHz CL28-1589,455,522,,DDR5,,
RAM,Corsair DDR5 5200MHz CL23-1590,1040,958,,DDR5,,
RAM,G.Skill DDR5 6000MHz CL27-1591,1137,925,,DDR5,,
RAM,Corsair DDR4 7200MHz CL34-1592,1494,1723,,DDR4,,
RAM,Kingston DDR4 5200MHz CL23-1593,1091,950,,DDR4,,
RAM,Crucial DDR4 6000MHz CL25-1594,1433,1201,,DDR4,,
RAM,G.Skill DDR4 5200MHz CL35-1595,628,724,,DDR4,,
RAM,Kingston DDR4 4800MHz CL33-1596,362,340,,DDR4,,
RAM,Kingston DDR4 6000MHz CL23-1597,589,575,,DDR4,,
RAM,G.Skill DDR4 3600MHz CL22-1598,342,339,,DDR4,,
RAM,Corsair DDR4 4800MHz CL36-1599,832,769,,DDR4,,
RAM,Crucial DDR4 6000MHz CL23-1600,867,835,,DDR4,,
RAM,G.Skill DDR4 5200MHz CL30-1601,295,272,,DDR4,,
RAM,Corsair DDR5 5200MHz CL36-1602,1430,1573,,DDR5,,
RAM,G.Skill DDR4 7200MHz CL39-1603,984,1000,,DDR4,,
RAM,Kingston DDR5 7200MHz CL36-1604,382,381,,DDR5,,
RAM,Crucial DDR5 4800MHz CL16-1605,1369,1309,,DDR5,,
RAM,Kingston DDR5 4800MHz CL24-1606,1072,1071,,DDR5,,
RAM,Crucial DDR5 4800MHz CL29-1607,267,238,,DDR5,,
RAM,Corsair DDR4 5200MHz CL33-1608,282,245,,DDR4,,
RAM,G.Skill DDR4 3200MHz CL17-1609,461,500,,DDR4,,
RAM,Crucial DDR5 6000MHz CL21-1610,768,821,,DDR5,,
RAM,Crucial DDR4 5200MHz CL31-1611,216,179,,DDR4,,
RAM,Kingston DDR4 3600MHz CL30-1612,808,801,,DDR4,,
RAM,Crucial DDR5 3600MHz CL14-1613,962,1040,,DDR5,,
RAM,G.Skill DDR4 3200MHz CL37-1614,347,402,,DDR4,,
RAM,Kingston DDR5 5200MHz CL28-1615,926,890,,DDR5,,
RAM,Kingston DDR4 4800MHz CL19-1616,237,244,,DDR4,,
RAM,G.Skill DDR4 7200MHz CL39-1617,415,463,,DDR4,,
RAM,Corsair DDR5 3600MHz CL19-1618,409,487,,DDR5,,
RAM,Crucial DDR5 6000MHz CL39-1619,1437,1209,,DDR5,,
RAM,Kingston DDR4 5200MHz CL39-1620,1457,1708,,DDR4,,
RAM,Crucial DDR5 7200MHz CL36-1621,1414,1533,,DDR5,,
RAM,Corsair DDR5 3200MHz CL21-1622,1341,1306,,DDR5,,
RAM,Corsair DDR5 5200MHz CL29-1623,1306,1563,,DDR5,,
RAM,Kingston DDR4 5200MHz CL34-1624,860,931,,DDR4,,
RAM,Kingston DDR4 7200MHz CL39-1625,855,753,,DDR4,,
RAM,G.Skill DDR5 3600MHz CL19-1626,1153,1044,,DDR5,,
RAM,Corsair DDR4 4800MHz CL32-1627,1073,1091,,DDR4,,
RAM,Crucial DDR5 6000MHz CL14-1628,1192,1259,,DDR5,,
RAM,Kingston DDR5 3200MHz CL21-1629,1451,1643,,DDR5,,
RAM,G.Skill DDR5 4800MHz CL38-1630,996,1158,,DDR5,,
RAM,Crucial DDR4 4800MHz CL19-1631,276,242,,DDR4,,
RAM,G.Skill DDR5 5200MHz CL30-1632,299,317,,DDR5,,
RAM,Corsair DDR5 7200MHz CL38-1633,1220,1208,,DDR5,,
RAM,G.Skill DDR5 5200MHz CL14-1634,1185,1172,,DDR5,,
RAM,Corsair DDR5 7200MHz CL27-1635,855,1004,,DDR5,,
RAM,Kingston DDR5 6000MHz CL18-1636,1307,1283,,DDR5,,
RAM,Corsair DDR5 5200MHz CL17-1637,1121,1260,,DDR5,,
RAM,Kingston DDR4 6000MHz CL35-1638,1428,1564,,DDR4,,
RAM,Corsair DDR4 3200MHz CL31-1639,425,374,,DDR4,,
RAM,G.Skill DDR4 7200MHz CL36-1640,1449,1286,,DDR4,,
RAM,Corsair DDR4 6000MHz CL31-1641,1385,1321,,DDR4,,
RAM,Corsair DDR5 4800MHz CL26-1642,441,474,,DDR5,,
RAM,Corsair DDR4 4800MHz CL40-1643,1265,1298,,DDR4,,
RAM,Corsair DDR5 3600MHz CL16-1644,728,683,,DDR5,,
RAM,Corsair DDR4 3200MHz CL17-1645,596,562,,DDR4,,
RAM,Corsair DDR4 5200MHz CL19-1646,555,552,,DDR4,,
RAM,G.Skill DDR5 4800MHz CL16-1647,971,1097,,DDR5,,
RAM,Corsair DDR4 3200MHz CL29-1648,558,537,,DDR4,,
RAM,Corsair DDR4 4800MHz CL28-1649,217,242,,DDR4,,
RAM,Kingston DDR4 5200MHz CL29-1650,1137,1171,,DDR4,,
RAM,Kingston DDR5 6000MHz CL37-1651,763,690,,DDR5,,
RAM,Kingston DDR5 3600MHz CL36-1652,993,1082,,DDR5,,
RAM,G.Skill DDR5 3600MHz CL21-1653,1325,1514,,DDR5,,
RAM,Corsair DDR5 5200MHz CL17-1654,578,585,,DDR5,,
RAM,G.Skill DDR5 5200MHz CL31-1655,1144,1309,,DDR5,,
RAM,Kingston DDR4 3600MHz CL20-1656,863,912,,DDR4,,
RAM,G.Skill DDR4 5200MHz CL18-1657,995,1075,,DDR4,,
RAM,Crucial DDR5 3600MHz CL33-1658,374,410,,DDR5,,
RAM,Corsair DDR5 3200MHz CL31-1659,1482,1199,,DDR5,,
RAM,Corsair DDR5 3600MHz CL18-1660,1425,1679,,DDR5,,
RAM,Kingston DDR4 3600MHz CL14-1661,1251,1433,,DDR4,,
RAM,Kingston DDR5 4800MHz CL35-1662,677,777,,DDR5,,
RAM,G.Skill DDR5 7200MHz CL15-1663,869,925,,DDR5,,
RAM,G.Skill DDR4 7200MHz CL39-1664,363,350,,DDR4,,
RAM,Kingston DDR5 3200MHz CL23-1665,165,176,,DDR5,,
RAM,Crucial DDR4 3200MHz CL23-1666,277,289,,DDR4,,
RAM,Kingston DDR5 6000MHz CL20-1667,1079,1001,,DDR5,,
RAM,Crucial DDR4 3200MHz CL19-1668,838,726,,DDR4,,
RAM,G.Skill DDR5 5200MHz CL33-1669,949,898,,DDR5,,
RAM,Corsair DDR5 5200MHz CL22-1670,1385,1573,,DDR5,,
RAM,Corsair DDR4 7200MHz CL19-1671,1109,1270,,DDR4,,
RAM,Corsair DDR5 6000MHz CL18-1672,1384,1474,,DDR5,,
RAM,Corsair DDR5 5200MHz CL20-1673,544,448,,DDR5,,
RAM,Kingston DDR5 6000MHz CL18-1674,327,294,,DDR5,,
RAM,Crucial DDR4 5200MHz CL14-1675,499,571,,DDR4,,
RAM,G.Skill DDR5 6000MHz CL24-1676,1484,1247,,DDR5,,
RAM,Crucial DDR4 7200MHz CL31-1677,1394,1473,,DDR4,,
RAM,Corsair DDR5 6000MHz CL21-1678,1077,1000,,DDR5,,
RAM,Crucial DDR4 3600MHz CL17-1679,599,570,,DDR4,,
RAM,Crucial DDR5 3600MHz CL34-1680,1026,1097,,DDR5,,
RAM,G.Skill DDR5 7200MHz CL24-1681,1322,1085,,DDR5,,
RAM,Crucial DDR5 4800MHz CL32-1682,643,551,,DDR5,,
RAM,Corsair DDR5 5200MHz CL40-1683,223,234,,DDR5,,
RAM,Corsair DDR5 4800MHz CL19-1684,1361,1250,,DDR5,,
RAM,Corsair DDR4 3200MHz CL28-1685,622,729,,DDR4,,
RAM,G.Skill DDR4 4800MHz CL39-1686,238,278,,DDR4,,
RAM,G.Skill DDR5 3200MHz CL18-1687,739,623,,DDR5,,
RAM,G.Skill DDR4 4800MHz CL23-1688,1404,1211,,DDR4,,
RAM,Kingston DDR5 4800MHz CL24-1689,1399,1593,,DDR5,,
RAM,Crucial DDR4 7200MHz CL37-1690,525,533,,DDR4,,
RAM,Corsair DDR4 6000MHz CL37-1691,316,355,,DDR4,,
RAM,Crucial DDR5 5200MHz CL36-1692,1114,1197,,DDR5,,
RAM,Corsair DDR4 7200MHz CL24-1693,1088,1028,,DDR4,,
RAM,Crucial DDR4 3200MHz CL29-1694,156,157,,DDR4,,
RAM,G.Skill DDR5 4800MHz CL25-1695,794,817,,DDR5,,
RAM,G.Skill DDR4 3200MHz CL37-1696,1198,974,,DDR4,,
RAM,Corsair DDR5 7200MHz CL24-1697,1380,1410,,DDR5,,
RAM,Crucial DDR5 4800MHz CL21-1698,986,812,,DDR5,,
RAM,G.Skill DDR5 7200MHz CL34-1699,848,757,,DDR5,,
RAM,Crucial DDR5 3200MHz CL30-1700,556,655,,DDR5,,
RAM,G.Skill DDR5 3200MHz CL38-1701,1246,1295,,DDR5,,
RAM,Corsair DDR5 6000MHz CL25-1702,250,281,,DDR5,,
RAM,G.Skill DDR5 4800MHz CL35-1703,669,642,,DDR5,,
RAM,Corsair DDR5 3200MHz CL39-1704,1164,1344,,DDR5,,
RAM,Crucial DDR4 5200MHz CL17-1705,682,574,,DDR4,,
RAM,Kingston DDR5 3200MHz CL39-1706,822,916,,DDR5,,
RAM,G.Skill DDR4 4800MHz CL22-1707,215,205,,DDR4,,
RAM,Corsair DDR4 3600MHz CL34-1708,1428,1372,,DDR4,,
RAM,Kingston DDR5 3600MHz CL16-1709,1289,1082,,DDR5,,
RAM,G.Skill DDR5 6000MHz CL34-1710,1184,1278,,DDR5,,
RAM,Corsair DDR5 3600MHz CL25-1711,530,533,,DDR5,,
RAM,G.Skill DDR4 6000MHz CL32-1712,997,1105,,DDR4,,
RAM,Corsair DDR5 4800MHz CL19-1713,968,1012,,DDR5,,
RAM,Kingston DDR4 5200MHz CL31-1714,1498,1299,,DDR4,,
RAM,Crucial DDR4 7200MHz CL37-1715,1429,1210,,DDR4,,
RAM,Corsair DDR5 4800MHz CL18-1716,893,910,,DDR5,,
RAM,G.Skill DDR5 6000MHz CL35-1717,1108,1191,,DDR5,,
RAM,Corsair DDR5 3600MHz CL19-1718,1403,1375,,DDR5,,
RAM,Corsair DDR5 7200MHz CL40-1719,706,788,,DDR5,,
RAM,Corsair DDR4 3200MHz CL38-1720,248,261,,DDR4,,
RAM,Crucial DDR5 6000MHz CL27-1721,637,647,,DDR5,,
RAM,Corsair DDR4 3200MHz CL30-1722,502,456,,DDR4,,
RAM,Corsair DDR5 7200MHz CL34-1723,1205,1318,,DDR5,,
RAM,Kingston DDR4 4800MHz CL22-1724,211,200,,DDR4,,
RAM,Kingston DDR4 4800MHz CL29-1725,502,462,,DDR4,,
RAM,Corsair DDR4 6000MHz CL27-1726,1254,1467,,DDR4,,
RAM,Crucial DDR4 6000MHz CL28-1727,486,529,,DDR4,,
RAM,G.Skill DDR4 6000MHz CL40-1728,1138,973,,DDR4,,
RAM,G.Skill DDR5 5200MHz CL40-1729,1062,1163,,DDR5,,
RAM,Crucial DDR5 4800MHz CL14-1730,1214,1029,,DDR5,,
RAM,Crucial DDR5 6000MHz CL34-1731,964,1057,,DDR5,,
RAM,G.Skill DDR5 5200MHz CL20-1732,1210,1152,,DDR5,,
RAM,Corsair DDR4 6000MHz CL33-1733,1069,920,,DDR4,,
RAM,Kingston DDR5 4800MHz CL16-1734,265,259,,DDR5,,
RAM,Kingston DDR4 3600MHz CL40-1735,326,340,,DDR4,,
RAM,Kingston DDR5 3600MHz CL23-1736,1168,1365,,DDR5,,
RAM,G.Skill DDR4 4800MHz CL30-1737,811,752,,DDR4,,
RAM,Kingston DDR4 3200MHz CL29-1738,326,335,,DDR4,,
RAM,Corsair DDR4 3600MHz CL28-1739,1435,1643,,DDR4,,
RAM,Crucial DDR5 7200MHz CL26-1740,1298,1217,,DDR5,,
RAM,Kingston DDR5 4800MHz CL25-1741,698,646,,DDR5,,
RAM,Crucial DDR4 3200MHz CL17-1742,178,149,,DDR4,,
RAM,G.Skill DDR5 6000MHz CL32-1743,576,596,,DDR5,,
RAM,G.Skill DDR4 5200MHz CL27-1744,274,269,,DDR4,,
RAM,Kingston DDR4 4800MHz CL22-1745,337,296,,DDR4,,
RAM,G.Skill DDR5 5200MHz CL26-1746,846,963,,DDR5,,
RAM,Crucial DDR4 3200MHz CL24-1747,459,482,,DDR4,,
RAM,Kingston DDR4 7200MHz CL33-1748,913,1020,,DDR4,,
RAM,Kingston DDR4 6000MHz CL14-1749,207,188,,DDR4,,
RAM,Kingston DDR5 4800MHz CL24-1750,376,352,,DDR5,,
RAM,G.Skill DDR4 3600MHz CL40-1751,658,683,,DDR4,,
RAM,G.Skill DDR5 4800MHz CL31-1752,1292,1111,,DDR5,,
RAM,Corsair DDR5 4800MHz CL20-1753,186,164,,DDR5,,
RAM,Corsair DDR4 5200MHz CL40-1754,754,792,,DDR4,,
RAM,G.Skill DDR4 3200MHz CL36-1755,1048,995,,DDR4,,
RAM,Corsair DDR5 4800MHz CL24-1756,350,381,,DDR5,,
RAM,Kingston DDR5 5200MHz CL33-1757,864,890,,DDR5,,
RAM,Corsair DDR4 4800MHz CL30-1758,1227,1461,,DDR4,,
RAM,G.Skill DDR5 4800MHz CL22-1759,757,642,,DDR5,,
RAM,G.Skill DDR4 6000MHz CL29-1760,1442,1539,,DDR4,,
RAM,G.Skill DDR4 7200MHz CL28-1761,280,333,,DDR4,,
RAM,Kingston DDR4 4800MHz CL29-1762,1212,1369,,DDR4,,
RAM,Crucial DDR4 5200MHz CL17-1763,1462,1730,,DDR4,,
RAM,Kingston DDR4 4800MHz CL22-1764,855,758,,DDR4,,
RAM,Kingston DDR5 3200MHz CL35-1765,776,871,,DDR5,,
RAM,G.Skill DDR5 6000MHz CL29-1766,729,759,,DDR5,,
RAM,Corsair DDR4 3200MHz CL32-1767,1496,1581,,DDR4,,
RAM,Kingston DDR4 6000MHz CL20-1768,237,284,,DDR4,,
RAM,Kingston DDR5 7200MHz CL25-1769,497,480,,DDR5,,
RAM,Kingston DDR5 5200MHz CL34-1770,561,591,,DDR5,,
RAM,Corsair DDR4 4800MHz CL33-1771,656,752,,DDR4,,
RAM,Corsair DDR4 3600MHz CL22-1772,811,784,,DDR4,,
RAM,Corsair DDR4 3600MHz CL18-1773,939,1102,,DDR4,,
RAM,Crucial DDR4 4800MHz CL29-1774,1382,1301,,DDR4,,
RAM,Crucial DDR5 5200MHz CL37-1775,1020,1170,,DDR5,,
RAM,Corsair DDR4 7200MHz CL32-1776,1354,1610,,DDR4,,
RAM,Kingston DDR4 5200MHz CL39-1777,1487,1486,,DDR4,,
RAM,Kingston DDR4 3200MHz CL15-1778,1480,1535,,DDR4,,
RAM,G.Skill DDR5 5200MHz CL28-1779,475,431,,DDR5,,
RAM,Corsair DDR4 7200MHz CL16-1780,1134,985,,DDR4,,
RAM,G.Skill DDR5 5200MHz CL29-1781,580,520,,DDR5,,
RAM,Kingston DDR4 4800MHz CL40-1782,936,1106,,DDR4,,
RAM,Crucial DDR5 4800MHz CL18-1783,1185,1278,,DDR5,,
RAM,G.Skill DDR5 6000MHz CL18-1784,1325,1240,,DDR5,,
RAM,Crucial DDR5 3200MHz CL26-1785,1114,1288,,DDR5,,
RAM,Kingston DDR5 3600MHz CL17-1786,1442,1686,,DDR5,,
RAM,Corsair DDR5 3200MHz CL32-1787,215,255,,DDR5,,
RAM,Crucial DDR5 3600MHz CL21-1788,504,590,,DDR5,,
RAM,Crucial DDR4 3600MHz CL35-1789,1312,1107,,DDR4,,
RAM,Crucial DDR4 3600MHz CL40-1790,551,559,,DDR4,,
RAM,G.Skill DDR5 5200MHz CL17-1791,842,1002,,DDR5,,
RAM,Kingston DDR4 4800MHz CL40-1792,336,401,,DDR4,,
RAM,Corsair DDR4 3200MHz CL23-1793,1349,1466,,DDR4,,
RAM,G.Skill DDR5 5200MHz CL30-1794,857,933,,DDR5,,
RAM,Corsair DDR5 3600MHz CL30-1795,322,341,,DDR5,,
RAM,Corsair DDR5 7200MHz CL15-1796,1041,1244,,DDR5,,
RAM,Kingston DDR5 7200MHz CL39-1797,1425,1514,,DDR5,,
RAM,Crucial DDR5 3600MHz CL33-1798,1058,1015,,DDR5,,
RAM,Corsair DDR4 7200MHz CL39-1799,872,744,,DDR4,,
RAM,Corsair DDR4 6000MHz CL31-1800,1144,1094,,DDR4,,
RAM,Corsair DDR4 4800MHz CL23-1801,813,934,,DDR4,,
RAM,G.Skill DDR4 4800MHz CL22-1802,643,625,,DDR4,,
RAM,Crucial DDR4 3600MHz CL30-1803,820,883,,DDR4,,
RAM,Kingston DDR4 7200MHz CL25-1804,660,753,,DDR4,,
RAM,Crucial DDR4 3200MHz CL22-1805,1373,1214,,DDR4,,
RAM,Kingston DDR4 7200MHz CL17-1806,1261,1462,,DDR4,,
RAM,Corsair DDR5 7200MHz CL21-1807,1432,1648,,DDR5,,
RAM,Corsair DDR5 5200MHz CL36-1808,713,718,,DDR5,,
RAM,Kingston DDR4 7200MHz CL22-1809,543,533,,DDR4,,
RAM,G.Skill DDR4 6000MHz CL21-1810,744,681,,DDR4,,
RAM,G.Skill DDR4 5200MHz CL17-1811,524,519,,DDR4,,
RAM,G.Skill DDR4 4800MHz CL37-1812,444,372,,DDR4,,
RAM,Kingston DDR4 3200MHz CL39-1813,430,478,,DDR4,,
RAM,G.Skill DDR4 4800MHz CL15-1814,348,356,,DDR4,,
RAM,Crucial DDR4 5200MHz CL32-1815,344,355,,DDR4,,
RAM,Crucial DDR5 4800MHz CL28-1816,276,254,,DDR5,,
RAM,G.Skill DDR5 7200MHz CL29-1817,892,765,,DDR5,,
RAM,Kingston DDR5 3200MHz CL40-1818,481,545,,DDR5,,
RAM,Corsair DDR5 3600MHz CL38-1819,1265,1132,,DDR5,,
RAM,Corsair DDR5 3200MHz CL23-1820,1292,1159,,DDR5,,
RAM,G.Skill DDR4 3200MHz CL17-1821,375,406,,DDR4,,
RAM,Corsair DDR4 5200MHz CL21-1822,1387,1189,,DDR4,,
RAM,Corsair DDR5 4800MHz CL14-1823,1150,1254,,DDR5,,
RAM,Kingston DDR5 4800MHz CL29-1824,709,638,,DDR5,,
RAM,Kingston DDR4 7200MHz CL19-1825,512,477,,DDR4,,
RAM,Crucial DDR4 4800MHz CL24-1826,1395,1271,,DDR4,,
RAM,Kingston DDR5 3200MHz CL28-1827,328,264,,DDR5,,
RAM,Crucial DDR5 3200MHz CL39-1828,1176,1030,,DDR5,,
RAM,G.Skill DDR4 4800MHz CL36-1829,1105,1092,,DDR4,,
RAM,Corsair DDR5 3600MHz CL40-1830,1311,1108,,DDR5,,
RAM,Kingston DDR5 4800MHz CL22-1831,171,198,,DDR5,,
RAM,Crucial DDR4 6000MHz CL16-1832,843,747,,DDR4,,
RAM,Kingston DDR5 5200MHz CL23-1833,1200,1418,,DDR5,,
RAM,Crucial DDR4 5200MHz CL18-1834,1495,1773,,DDR4,,
RAM,Corsair DDR5 6000MHz CL40-1835,1298,1459,,DDR5,,
RAM,Kingston DDR5 6000MHz CL16-1836,1251,1135,,DDR5,,
RAM,Corsair DDR5 3200MHz CL27-1837,1169,956,,DDR5,,
RAM,Kingston DDR5 3200MHz CL22-1838,1075,1095,,DDR5,,
RAM,G.Skill DDR5 3600MHz CL24-1839,733,741,,DDR5,,
RAM,Kingston DDR5 3200MHz CL19-1840,941,1037,,DDR5,,
RAM,Kingston DDR4 6000MHz CL40-1841,635,649,,DDR4,,
RAM,G.Skill DDR5 6000MHz CL29-1842,702,665,,DDR5,,
RAM,Kingston DDR4 7200MHz CL21-1843,1198,1251,,DDR4,,
RAM,G.Skill DDR5 3600MHz CL16-1844,483,514,,DDR5,,
RAM,Kingston DDR5 7200MHz CL32-1845,1198,1155,,DDR5,,
RAM,Crucial DDR5 7200MHz CL31-1846,773,815,,DDR5,,
RAM,Kingston DDR5 5200MHz CL26-1847,1022,1021,,DDR5,,
RAM,Kingston DDR4 6000MHz CL35-1848,562,646,,DDR4,,
RAM,G.Skill DDR5 6000MHz CL29-1849,330,369,,DDR5,,
RAM,Kingston DDR5 3200MHz CL17-1850,277,287,,DDR5,,
RAM,Kingston DDR4 5200MHz CL39-1851,547,604,,DDR4,,
RAM,Kingston DDR5 7200MHz CL28-1852,1453,1430,,DDR5,,
RAM,Corsair DDR5 6000MHz CL32-1853,1403,1387,,DDR5,,
RAM,G.Skill DDR4 3600MHz CL25-1854,571,604,,DDR4,,
RAM,Corsair DDR5 5200MHz CL19-1855,813,903,,DDR5,,
RAM,Corsair DDR4 3200MHz CL24-1856,993,893,,DDR4,,
RAM,G.Skill DDR5 3200MHz CL27-1857,208,238,,DDR5,,
RAM,Corsair DDR5 3600MHz CL21-1858,1068,1023,,DDR5,,
RAM,G.Skill DDR5 7200MHz CL39-1859,377,362,,DDR5,,
RAM,G.Skill DDR5 3600MHz CL22-1860,502,423,,DDR5,,
RAM,Kingston DDR4 6000MHz CL16-1861,865,715,,DDR4,,
RAM,Corsair DDR5 4800MHz CL28-1862,545,538,,DDR5,,
RAM,Kingston DDR4 3200MHz CL28-1863,197,168,,DDR4,,
RAM,Corsair DDR5 3600MHz CL28-1864,1307,1329,,DDR5,,
RAM,G.Skill DDR4 3600MHz CL14-1865,805,942,,DDR4,,
RAM,Kingston DDR5 3200MHz CL15-1866,1209,1078,,DDR5,,
RAM,Crucial DDR4 4800MHz CL38-1867,1449,1415,,DDR4,,
RAM,Kingston DDR4 3200MHz CL28-1868,456,488,,DDR4,,
RAM,G.Skill DDR4 3600MHz CL14-1869,758,844,,DDR4,,
RAM,Kingston DDR5 5200MHz CL24-1870,1256,1241,,DDR5,,
RAM,Kingston DDR5 5200MHz CL26-1871,519,418,,DDR5,,
RAM,G.Skill DDR5 3600MHz CL30-1872,650,660,,DDR5,,
RAM,G.Skill DDR5 3600MHz CL23-1873,851,827,,DDR5,,
RAM,Crucial DDR5 6000MHz CL29-1874,1261,1111,,DDR5,,
RAM,G.Skill DDR4 3200MHz CL39-1875,1175,1280,,DDR4,,
RAM,Corsair DDR4 5200MHz CL30-1876,894,1055,,DDR4,,
RAM,G.Skill DDR5 7200MHz CL27-1877,655,708,,DDR5,,
RAM,Corsair DDR4 3200MHz CL25-1878,1361,1128,,DDR4,,
RAM,G.Skill DDR5 3200MHz CL18-1879,1258,1079,,DDR5,,
RAM,Corsair DDR4 4800MHz CL39-1880,406,398,,DDR4,,
RAM,Crucial DDR5 5200MHz CL39-1881,1427,1695,,DDR5,,
RAM,Crucial DDR4 3200MHz CL21-1882,169,141,,DDR4,,
RAM,Crucial DDR5 6000MHz CL34-1883,847,1001,,DDR5,,
RAM,Kingston DDR4 3200MHz CL38-1884,171,201,,DDR4,,
RAM,G.Skill DDR4 3200MHz CL37-1885,314,286,,DDR4,,
RAM,Corsair DDR4 3600MHz CL36-1886,820,805,,DDR4,,
RAM,Crucial DDR5 6000MHz CL32-1887,1234,1172,,DDR5,,
RAM,Corsair DDR5 4800MHz CL18-1888,883,875,,DDR5,,
RAM,Crucial DDR5 3600MHz CL30-1889,176,150,,DDR5,,
RAM,Corsair DDR5 3600MHz CL16-1890,542,463,,DDR5,,
RAM,Kingston DDR4 4800MHz CL19-1891,996,1089,,DDR4,,
RAM,Corsair DDR4 3600MHz CL38-1892,1432,1406,,DDR4,,
RAM,Kingston DDR5 3200MHz CL15-1893,1461,1421,,DDR5,,
RAM,Corsair DDR5 3600MHz CL31-1894,1213,1184,,DDR5,,
RAM,Kingston DDR5 3600MHz CL21-1895,188,201,,DDR5,,
RAM,G.Skill DDR5 4800MHz CL38-1896,644,571,,DDR5,,
RAM,Kingston DDR5 3200MHz CL22-1897,201,208,,DDR5,,
RAM,G.Skill DDR4 7200MHz CL38-1898,154,178,,DDR4,,
RAM,Crucial DDR5 4800MHz CL30-1899,385,363,,DDR5,,
RAM,Crucial DDR5 5200MHz CL39-1900,1430,1622,,DDR5,,
RAM,Crucial DDR4 7200MHz CL19-1901,471,408,,DDR4,,
RAM,Kingston DDR4 3600MHz CL33-1902,1387,1111,,DDR4,,
RAM,G.Skill DDR4 3600MHz CL23-1903,635,664,,DDR4,,
RAM,Kingston DDR5 7200MHz CL26-1904,1342,1478,,DDR5,,
RAM,Kingston DDR5 7200MHz CL19-1905,664,691,,DDR5,,
RAM,G.Skill DDR4 5200MHz CL19-1906,836,964,,DDR4,,
RAM,Crucial DDR5 7200MHz CL37-1907,525,492,,DDR5,,
RAM,Crucial DDR5 4800MHz CL26-1908,622,499,,DDR5,,
RAM,Crucial DDR5 6000MHz CL16-1909,1460,1718,,DDR5,,
RAM,Kingston DDR5 3600MHz CL38-1910,419,385,,DDR5,,
RAM,Corsair DDR5 4800MHz CL38-1911,1133,995,,DDR5,,
RAM,Crucial DDR5 6000MHz CL29-1912,1264,1100,,DDR5,,
RAM,G.Skill DDR4 7200MHz CL18-1913,1296,1545,,DDR4,,
RAM,Kingston DDR4 6000MHz CL20-1914,438,393,,DDR4,,
RAM,Corsair DDR5 4800MHz CL18-1915,150,133,,DDR5,,
RAM,G.Skill DDR5 7200MHz CL24-1916,469,535,,DDR5,,
RAM,Kingston DDR4 3600MHz CL26-1917,1006,1026,,DDR4,,
RAM,Corsair DDR4 5200MHz CL25-1918,691,643,,DDR4,,
RAM,Corsair DDR5 3600MHz CL30-1919,780,886,,DDR5,,
RAM,Crucial DDR4 6000MHz CL29-1920,1117,938,,DDR4,,
RAM,Corsair DDR5 7200MHz CL18-1921,1086,946,,DDR5,,
RAM,Crucial DDR5 3200MHz CL19-1922,1206,1204,,DDR5,,
RAM,Kingston DDR4 3200MHz CL15-1923,563,484,,DDR4,,
RAM,G.Skill DDR4 3200MHz CL26-1924,374,330,,DDR4,,
RAM,Crucial DDR4 5200MHz CL20-1925,1106,1106,,DDR4,,
RAM,Corsair DDR5 5200MHz CL20-1926,196,175,,DDR5,,
RAM,Crucial DDR5 3600MHz CL17-1927,508,442,,DDR5,,
RAM,Crucial DDR4 6000MHz CL17-1928,407,444,,DDR4,,
RAM,G.Skill DDR4 6000MHz CL24-1929,483,437,,DDR4,,
RAM,Crucial DDR4 5200MHz CL39-1930,1372,1369,,DDR4,,
RAM,Kingston DDR4 6000MHz CL16-1931,174,199,,DDR4,,
RAM,Crucial DDR4 5200MHz CL16-1932,204,208,,DDR4,,
RAM,G.Skill DDR4 3600MHz CL15-1933,943,950,,DDR4,,
RAM,Kingston DDR4 7200MHz CL23-1934,399,449,,DDR4,,
RAM,G.Skill DDR4 6000MHz CL17-1935,1074,1280,,DDR4,,
RAM,Crucial DDR5 7200MHz CL19-1936,780,697,,DDR5,,
RAM,Kingston DDR5 6000MHz CL24-1937,326,368,,DDR5,,
RAM,G.Skill DDR4 3600MHz CL39-1938,553,549,,DDR4,,
RAM,Kingston DDR5 3200MHz CL35-1939,1195,1056,,DDR5,,
RAM,G.Skill DDR4 4800MHz CL32-1940,442,412,,DDR4,,
RAM,Kingston DDR5 3200MHz CL22-1941,256,232,,DDR5,,
RAM,G.Skill DDR5 3600MHz CL31-1942,1198,1291,,DDR5,,
RAM,Corsair DDR5 4800MHz CL15-1943,817,862,,DDR5,,
RAM,Crucial DDR5 3200MHz CL39-1944,1296,1484,,DDR5,,
RAM,Kingston DDR4 3200MHz CL22-1945,848,752,,DDR4,,
RAM,Crucial DDR4 7200MHz CL20-1946,787,823,,DDR4,,
RAM,Corsair DDR5 6000MHz CL34-1947,649,622,,DDR5,,
RAM,Corsair DDR5 7200MHz CL37-1948,685,744,,DDR5,,
RAM,G.Skill DDR5 3600MHz CL24-1949,1038,1062,,DDR5,,
RAM,G.Skill DDR4 3200MHz CL39-1950,1355,1340,,DDR4,,
RAM,Kingston DDR4 4800MHz CL17-1951,173,148,,DDR4,,
RAM,Crucial DDR4 5200MHz CL37-1952,949,956,,DDR4,,
RAM,Kingston DDR5 6000MHz CL16-1953,1299,1332,,DDR5,,
RAM,Crucial DDR4 4800MHz CL22-1954,1271,1023,,DDR4,,
RAM,Crucial DDR4 3200MHz CL23-1955,315,323,,DDR4,,
RAM,G.Skill DDR5 3600MHz CL17-1956,1311,1192,,DDR5,,
RAM,Corsair DDR5 6000MHz CL36-1957,958,1093,,DDR5,,
RAM,Crucial DDR5 3200MHz CL35-1958,671,607,,DDR5,,
RAM,G.Skill DDR5 5200MHz CL22-1959,356,297,,DDR5,,
RAM,Corsair DDR4 7200MHz CL15-1960,275,270,,DDR4,,
RAM,Corsair DDR5 3600MHz CL14-1961,1074,1136,,DDR5,,
RAM,Crucial DDR5 3600MHz CL32-1962,1443,1388,,DDR5,,
RAM,Corsair DDR5 6000MHz CL28-1963,1129,1246,,DDR5,,
RAM,Crucial DDR4 4800MHz CL35-1964,263,295,,DDR4,,
RAM,Crucial DDR4 3600MHz CL40-1965,1047,1131,,DDR4,,
RAM,Corsair DDR4 5200MHz CL26-1966,160,143,,DDR4,,
RAM,Crucial DDR5 5200MHz CL23-1967,1484,1419,,DDR5,,
RAM,Corsair DDR5 4800MHz CL33-1968,728,637,,DDR5,,
RAM,Kingston DDR4 3200MHz CL20-1969,347,307,,DDR4,,
RAM,G.Skill DDR4 6000MHz CL19-1970,858,935,,DDR4,,
RAM,Corsair DDR4 7200MHz CL17-1971,989,1065,,DDR4,,
RAM,Crucial DDR4 7200MHz CL23-1972,718,858,,DDR4,,
RAM,Crucial DDR5 7200MHz CL36-1973,478,555,,DDR5,,
RAM,Corsair DDR4 4800MHz CL26-1974,1011,820,,DDR4,,
RAM,G.Skill DDR4 5200MHz CL30-1975,1084,1119,,DDR4,,
RAM,Corsair DDR4 3200MHz CL31-1976,1408,1215,,DDR4,,
RAM,Corsair DDR4 3200MHz CL35-1977,698,807,,DDR4,,
RAM,G.Skill DDR5 3200MHz CL37-1978,397,414,,DDR5,,
RAM,Crucial DDR4 7200MHz CL35-1979,891,807,,DDR4,,
RAM,Corsair DDR5 3200MHz CL24-1980,1241,1291,,DDR5,,
RAM,Corsair DDR4 4800MHz CL37-1981,766,852,,DDR4,,
RAM,Corsair DDR4 6000MHz CL31-1982,678,777,,DDR4,,
RAM,Crucial DDR5 3200MHz CL33-1983,1082,1106,,DDR5,,
RAM,Corsair DDR4 3200MHz CL37-1984,855,913,,DDR4,,
RAM,Corsair DDR5 3600MHz CL38-1985,617,726,,DDR5,,
RAM,Corsair DDR4 5200MHz CL32-1986,201,209,,DDR4,,
RAM,Kingston DDR5 3600MHz CL27-1987,621,715,,DDR5,,
RAM,Crucial DDR4 7200MHz CL28-1988,795,779,,DDR4,,
RAM,G.Skill DDR5 3600MHz CL32-1989,1229,1335,,DDR5,,
RAM,Kingston DDR5 4800MHz CL22-1990,721,643,,DDR5,,
RAM,Corsair DDR5 4800MHz CL19-1991,1334,1251,,DDR5,,
RAM,Crucial DDR4 3200MHz CL35-1992,864,786,,DDR4,,
RAM,Crucial DDR4 3200MHz CL38-1993,570,563,,DDR4,,
RAM,Kingston DDR5 3200MHz CL37-1994,976,1036,,DDR5,,
RAM,G.Skill DDR4 4800MHz CL24-1995,1488,1693,,DDR4,,
RAM,G.Skill DDR5 7200MHz CL19-1996,364,399,,DDR5,,
RAM,Kingston DDR4 7200MHz CL14-1997,293,290,,DDR4,,
RAM,G.Skill DDR4 4800MHz CL29-1998,306,337,,DDR4,,
RAM,Kingston DDR5 3200MHz CL15-1999,1441,1242,,DDR5,,
GPU,AMD Radeon RX 6376-0,2632,2845,,,420,
GPU,NVIDIA RTX 6551-1,2041,2346,,,400,
GPU,AMD Radeon RX 5963-2,4781,5477,,,140,
GPU,NVIDIA RTX 5650-3,2605,2729,,,300,
GPU,AMD Radeon RX 7008-4,3235,2613,,,320,
GPU,AMD Radeon RX 5648-5,880,808,,,240,
GPU,AMD Radeon RX 7741-6,5894,6441,,,400,
GPU,NVIDIA RTX 7488-7,4036,4041,,,360,
GPU,NVIDIA RTX 7779-8,3426,3071,,,420,
GPU,NVIDIA RTX 3165-9,849,1087,,,260,
GPU,AMD Radeon RX 5293-10,4524,4392,,,360,
GPU,AMD Radeon RX 5297-11,4544,4449,,,400,
GPU,NVIDIA RTX 6034-12,1368,1098,,,320,
GPU,NVIDIA RTX 5926-13,1931,1579,,,240,
GPU,NVIDIA RTX 6206-14,3621,3837,,,400,
GPU,NVIDIA RTX 4243-15,3138,3991,,,160,
GPU,NVIDIA RTX 8456-16,1434,1858,,,240,
GPU,AMD Radeon RX 5128-17,5331,5191,,,100,
GPU,AMD Radeon RX 7697-18,4206,3761,,,100,
GPU,NVIDIA RTX 4872-19,6256,7814,,,180,
GPU,NVIDIA RTX 6984-20,5949,5877,,,260,
GPU,AMD Radeon RX 8562-21,2057,1705,,,320,
GPU,AMD Radeon RX 7750-22,2424,2753,,,360,
GPU,NVIDIA RTX 3849-23,5476,6564,,,120,
GPU,AMD Radeon RX 7440-24,4458,4252,,,160,
GPU,NVIDIA RTX 7761-25,1638,1963,,,100,
GPU,NVIDIA RTX 3530-26,6383,5925,,,380,
GPU,NVIDIA RTX 7650-27,3941,4298,,,320,
GPU,NVIDIA RTX 8554-28,3160,3296,,,200,
GPU,NVIDIA RTX 3445-29,7977,7251,,,400,
GPU,NVIDIA RTX 3994-30,3749,3758,,,120,
GPU,AMD Radeon RX 4823-31,5118,4307,,,180,
GPU,NVIDIA RTX 3717-32,6061,6471,,,240,
GPU,AMD Radeon RX 3905-33,6010,5989,,,360,
GPU,NVIDIA RTX 8164-34,3850,3761,,,420,
GPU,AMD Radeon RX 8934-35,3244,2670,,,400,
GPU,AMD Radeon RX 5271-36,966,1033,,,360,
GPU,AMD Radeon RX 4081-37,2885,2714,,,240,
GPU,NVIDIA RTX 8926-38,6590,5913,,,160,
GPU,NVIDIA RTX 8717-39,3469,3592,,,100,
GPU,AMD Radeon RX 5611-40,5778,5661,,,380,
GPU,NVIDIA RTX 8501-41,1603,1781,,,180,
GPU,AMD Radeon RX 7016-42,7105,7992,,,180,
GPU,AMD Radeon RX 8604-43,7456,6782,,,320,
GPU,AMD Radeon RX 5680-44,1567,1972,,,400,
GPU,NVIDIA RTX 3600-45,7157,6771,,,340,
GPU,AMD Radeon RX 8849-46,6941,6106,,,280,
GPU,NVIDIA RTX 5749-47,4140,3928,,,100,
GPU,NVIDIA RTX 8411-48,2949,3617,,,180,
GPU,AMD Radeon RX 4637-49,7319,7967,,,180,
GPU,NVIDIA RTX 5206-50,862,780,,,280,
GPU,AMD Radeon RX 3703-51,4546,5011,,,400,
GPU,AMD Radeon RX 5613-52,1943,1970,,,360,
GPU,AMD Radeon RX 6198-53,3143,2977,,,160,
GPU,NVIDIA RTX 7455-54,3228,2665,,,100,
GPU,AMD Radeon RX 4531-55,7496,7143,,,200,
GPU,AMD Radeon RX 8597-56,6689,7257,,,280,
GPU,NVIDIA RTX 7035-57,1280,1645,,,180,
GPU,AMD Radeon RX 6713-58,4107,3702,,,140,
GPU,NVIDIA RTX 6378-59,6193,6691,,,200,
GPU,NVIDIA RTX 7817-60,3720,4449,,,180,
GPU,AMD Radeon RX 7269-61,5504,6848,,,100,
GPU,NVIDIA RTX 3610-62,2198,2665,,,400,
GPU,AMD Radeon RX 3504-63,2167,1812,,,120,
GPU,NVIDIA RTX 7127-64,2174,2161,,,160,
GPU,AMD Radeon RX 8782-65,4803,3979,,,440,
GPU,NVIDIA RTX 8497-66,3302,3225,,,240,
GPU,NVIDIA RTX 4699-67,7329,8862,,,420,
GPU,AMD Radeon RX 7833-68,4840,5632,,,160,
GPU,AMD Radeon RX 6041-69,3952,5049,,,240,
GPU,AMD Radeon RX 7201-70,5475,4422,,,440,
GPU,NVIDIA RTX 4709-71,3862,3973,,,140,
GPU,NVIDIA RTX 5325-72,4798,6175,,,380,
GPU,NVIDIA RTX 6530-73,6308,6035,,,120,
GPU,NVIDIA RTX 3841-74,5349,5031,,,120,
GPU,AMD Radeon RX 8765-75,6794,8440,,,100,
GPU,AMD Radeon RX 8205-76,1832,1778,,,340,
GPU,NVIDIA RTX 8922-77,2734,2603,,,100,
GPU,NVIDIA RTX 8829-78,7511,7110,,,100,
GPU,AMD Radeon RX 8303-79,2884,3138,,,220,
GPU,AMD Radeon RX 7945-80,4290,3440,,,180,
GPU,AMD Radeon RX 5854-81,5844,5159,,,100,
GPU,NVIDIA RTX 6276-82,7487,8127,,,220,
GPU,NVIDIA RTX 4783-83,6152,7437,,,320,
GPU,AMD Radeon RX 6993-84,4739,4261,,,280,
GPU,NVIDIA RTX 3311-85,5498,6102,,,160,
GPU,AMD Radeon RX 8290-86,3070,3642,,,280,
GPU,NVIDIA RTX 6298-87,1606,2034,,,100,
GPU,NVIDIA RTX 3699-88,5102,4206,,,100,
GPU,NVIDIA RTX 4166-89,5056,6387,,,100,
GPU,NVIDIA RTX 5218-90,2955,3173,,,160,
GPU,NVIDIA RTX 7320-91,7386,9477,,,360,
GPU,AMD Radeon RX 7185-92,6269,5866,,,120,
GPU,NVIDIA RTX 6392-93,2800,3280,,,220,
GPU,AMD Radeon RX 3065-94,5750,7136,,,200,
GPU,AMD Radeon RX 5040-95,1482,1280,,,260,
GPU,AMD Radeon RX 5880-96,2440,2939,,,320,
GPU,AMD Radeon RX 3288-97,1170,1011,,,300,
GPU,AMD Radeon RX 7876-98,4645,4490,,,240,
GPU,AMD Radeon RX 8883-99,7916,8733,,,100,
GPU,AMD Radeon RX 6342-100,3063,3445,,,420,
GPU,AMD Radeon RX 4419-101,912,765,,,420,
GPU,NVIDIA RTX 7303-102,1519,1277,,,400,
GPU,NVIDIA RTX 8138-103,3111,3865,,,220,
GPU,NVIDIA RTX 5956-104,5123,5802,,,140,
GPU,AMD Radeon RX 6714-105,7149,7040,,,420,
GPU,NVIDIA RTX 8863-106,2482,3159,,,320,
GPU,AMD Radeon RX 6151-107,5946,5333,,,260,
GPU,AMD Radeon RX 5164-108,7127,6265,,,320,
GPU,AMD Radeon RX 5668-109,7859,7363,,,380,
GPU,NVIDIA RTX 7372-110,2895,3289,,,400,
GPU,NVIDIA RTX 8171-111,2259,2257,,,220,
GPU,NVIDIA RTX 7928-112,7072,5695,,,340,
GPU,NVIDIA RTX 7567-113,3285,3679,,,440,
GPU,AMD Radeon RX 8659-114,2866,3603,,,360,
GPU,NVIDIA RTX 7056-115,7658,9740,,,160,
GPU,AMD Radeon RX 4621-116,2226,2170,,,240,
GPU,AMD Radeon RX 7722-117,2745,3096,,,300,
GPU,AMD Radeon RX 5946-118,3450,4440,,,340,
GPU,AMD Radeon RX 7951-119,1081,1198,,,380,
GPU,NVIDIA RTX 6857-120,2755,3382,,,140,
GPU,AMD Radeon RX 3476-121,4761,5289,,,160,
GPU,NVIDIA RTX 7037-122,4073,3502,,,280,
GPU,AMD Radeon RX 5930-123,4933,5078,,,160,
GPU,AMD Radeon RX 5621-124,5088,4220,,,260,
GPU,AMD Radeon RX 5329-125,5338,6815,,,360,
GPU,AMD Radeon RX 6463-126,6888,8556,,,100,
GPU,NVIDIA RTX 5319-127,4273,4673,,,120,
GPU,AMD Radeon RX 8031-128,6360,7831,,,340,
GPU,AMD Radeon RX 8142-129,1392,1699,,,240,
GPU,NVIDIA RTX 6305-130,2497,3015,,,140,
GPU,NVIDIA RTX 7014-131,6141,7159,,,400,
GPU,NVIDIA RTX 8310-132,6711,6469,,,360,
GPU,AMD Radeon RX 8817-133,6801,6931,,,400,
GPU,AMD Radeon RX 4142-134,4563,5688,,,120,
GPU,NVIDIA RTX 7163-135,6848,5750,,,180,
GPU,AMD Radeon RX 4644-136,7070,7701,,,400,
GPU,NVIDIA RTX 6631-137,3339,3199,,,320,
GPU,NVIDIA RTX 7362-138,4144,3542,,,160,
GPU,AMD Radeon RX 6830-139,2010,1645,,,220,
GPU,AMD Radeon RX 6683-140,1979,1691,,,220,
GPU,NVIDIA RTX 3621-141,4956,4950,,,100,
GPU,AMD Radeon RX 5516-142,7230,6640,,,360,
GPU,AMD Radeon RX 5830-143,4801,5114,,,160,
GPU,NVIDIA RTX 3878-144,1129,1130,,,340,
GPU,NVIDIA RTX 3166-145,2890,2756,,,160,
GPU,NVIDIA RTX 7618-146,5370,6420,,,160,
GPU,AMD Radeon RX 8344-147,2722,3114,,,100,
GPU,AMD Radeon RX 8241-148,7042,8421,,,160,
GPU,NVIDIA RTX 4431-149,5469,6713,,,300,
GPU,NVIDIA RTX 4333-150,1249,1471,,,400,
GPU,NVIDIA RTX 6674-151,4984,5839,,,280,
GPU,NVIDIA RTX 8260-152,4143,5228,,,320,
GPU,NVIDIA RTX 4132-153,6301,6330,,,240,
GPU,AMD Radeon RX 5655-154,3011,3047,,,360,
GPU,AMD Radeon RX 3680-155,2353,2319,,,280,
GPU,NVIDIA RTX 8491-156,7476,8761,,,320,
GPU,NVIDIA RTX 6003-157,1031,843,,,240,
GPU,AMD Radeon RX 4973-158,5138,5296,,,180,
GPU,AMD Radeon RX 8647-159,1046,1198,,,420,
GPU,NVIDIA RTX 6292-160,2178,1946,,,380,
GPU,NVIDIA RTX 5336-161,3493,3010,,,340,
GPU,NVIDIA RTX 7723-162,3407,4090,,,160,
GPU,NVIDIA RTX 5494-163,6319,6023,,,400,
GPU,AMD Radeon RX 7945-164,1178,1233,,,440,
GPU,NVIDIA RTX 3313-165,4110,3798,,,400,
GPU,NVIDIA RTX 4705-166,2581,2076,,,320,
GPU,NVIDIA RTX 5308-167,3853,4668,,,440,
GPU,AMD Radeon RX 4007-168,6789,7149,,,300,
GPU,NVIDIA RTX 6618-169,4877,5008,,,100,
GPU,NVIDIA RTX 7589-170,3186,4047,,,100,
GPU,AMD Radeon RX 3025-171,4940,6248,,,360,
GPU,NVIDIA RTX 6923-172,2275,2295,,,120,
GPU,AMD Radeon RX 7823-173,6954,6620,,,340,
GPU,AMD Radeon RX 5611-174,4260,5123,,,240,
GPU,AMD Radeon RX 6787-175,901,804,,,400,
GPU,NVIDIA RTX 7317-176,2877,3181,,,160,
GPU,NVIDIA RTX 8941-177,5257,5033,,,420,
GPU,NVIDIA RTX 4799-178,7135,7136,,,200,
GPU,AMD Radeon RX 7314-179,6854,7994,,,100,
GPU,AMD Radeon RX 6235-180,2165,1855,,,160,
GPU,NVIDIA RTX 6215-181,1390,1723,,,440,
GPU,NVIDIA RTX 3207-182,1879,2364,,,100,
GPU,AMD Radeon RX 7830-183,7776,7277,,,300,
GPU,AMD Radeon RX 3501-184,7945,7809,,,400,
GPU,AMD Radeon RX 4348-185,2701,2544,,,440,
GPU,AMD Radeon RX 7786-186,4243,3811,,,280,
GPU,NVIDIA RTX 7614-187,6318,5711,,,280,
GPU,NVIDIA RTX 6267-188,1403,1482,,,220,
GPU,AMD Radeon RX 3424-189,1850,2144,,,140,
GPU,AMD Radeon RX 4184-190,6111,5727,,,280,
GPU,AMD Radeon RX 3639-191,5398,6157,,,320,
GPU,NVIDIA RTX 3326-192,7514,6089,,,420,
GPU,AMD Radeon RX 4325-193,2982,2747,,,100,
GPU,AMD Radeon RX 4012-194,2463,2270,,,360,
GPU,AMD Radeon RX 6419-195,2350,2272,,,380,
GPU,AMD Radeon RX 7887-196,3807,4884,,,340,
GPU,AMD Radeon RX 7326-197,5499,7111,,,400,
GPU,NVIDIA RTX 6223-198,1534,1763,,,180,
GPU,AMD Radeon RX 3533-199,7857,8865,,,420,
GPU,NVIDIA RTX 6418-200,4902,5839,,,180,
GPU,AMD Radeon RX 6622-201,2016,1682,,,340,
GPU,AMD Radeon RX 3621-202,5231,4212,,,360,
GPU,AMD Radeon RX 5293-203,3555,3252,,,120,
GPU,AMD Radeon RX 5630-204,1544,1994,,,160,
GPU,AMD Radeon RX 8318-205,7544,7587,,,200,
GPU,NVIDIA RTX 4735-206,7877,7030,,,140,
GPU,AMD Radeon RX 6109-207,2219,2567,,,420,
GPU,AMD Radeon RX 3377-208,3017,3519,,,380,
GPU,AMD Radeon RX 5869-209,2876,2349,,,240,
GPU,NVIDIA RTX 5821-210,5937,5734,,,220,
GPU,NVIDIA RTX 3507-211,3357,3429,,,280,
GPU,NVIDIA RTX 4809-212,7708,9528,,,360,
GPU,AMD Radeon RX 3343-213,7917,7676,,,400,
GPU,NVIDIA RTX 3079-214,5395,5863,,,100,
GPU,NVIDIA RTX 7895-215,5617,6015,,,160,
GPU,NVIDIA RTX 8125-216,2418,2164,,,400,
GPU,AMD Radeon RX 6274-217,3945,5068,,,400,
GPU,NVIDIA RTX 7530-218,3532,4120,,,140,
GPU,AMD Radeon RX 4727-219,977,1236,,,140,
GPU,AMD Radeon RX 3476-220,2154,2265,,,120,
GPU,AMD Radeon RX 3923-221,5044,4555,,,400,
GPU,AMD Radeon RX 6447-222,1007,1030,,,280,
GPU,AMD Radeon RX 8596-223,4122,5229,,,300,
GPU,AMD Radeon RX 7640-224,2664,2442,,,260,
GPU,NVIDIA RTX 3855-225,7444,7852,,,340,
GPU,NVIDIA RTX 7275-226,5949,6009,,,260,
GPU,NVIDIA RTX 4648-227,7076,7448,,,120,
GPU,NVIDIA RTX 3668-228,1555,1259,,,160,
GPU,NVIDIA RTX 7929-229,7534,6651,,,340,
GPU,NVIDIA RTX 6877-230,4708,4084,,,160,
GPU,AMD Radeon RX 7153-231,3860,3779,,,280,
GPU,AMD Radeon RX 3325-232,7784,6556,,,200,
GPU,AMD Radeon RX 3820-233,5206,6144,,,440,
GPU,NVIDIA RTX 8049-234,6512,6528,,,320,
GPU,AMD Radeon RX 3431-235,4259,4662,,,420,
GPU,NVIDIA RTX 5610-236,7737,8448,,,440,
GPU,AMD Radeon RX 3917-237,2003,1951,,,200,
GPU,AMD Radeon RX 5229-238,6436,8144,,,380,
GPU,NVIDIA RTX 8574-239,5207,6311,,,220,
GPU,AMD Radeon RX 3682-240,5773,5487,,,120,
GPU,AMD Radeon RX 5343-241,3397,4024,,,260,
GPU,AMD Radeon RX 5478-242,1496,1833,,,180,
GPU,AMD Radeon RX 4621-243,7869,9104,,,280,
GPU,NVIDIA RTX 7306-244,7803,8979,,,320,
GPU,NVIDIA RTX 7205-245,4490,4460,,,300,
GPU,AMD Radeon RX 5500-246,7856,9422,,,120,
GPU,AMD Radeon RX 5773-247,7508,9072,,,180,
GPU,NVIDIA RTX 5225-248,7279,7397,,,140,
GPU,AMD Radeon RX 7767-249,2974,2402,,,400,
GPU,NVIDIA RTX 4987-250,6218,5052,,,240,
GPU,AMD Radeon RX 3768-251,4837,5383,,,220,
GPU,AMD Radeon RX 8809-252,7269,6560,,,140,
GPU,AMD Radeon RX 7403-253,1387,1698,,,380,
GPU,NVIDIA RTX 3434-254,7477,6547,,,220,
GPU,AMD Radeon RX 6048-255,1944,1691,,,320,
GPU,NVIDIA RTX 5721-256,2961,2976,,,280,
GPU,NVIDIA RTX 5497-257,4127,3881,,,200,
GPU,AMD Radeon RX 7710-258,1027,1219,,,340,
GPU,AMD Radeon RX 5381-259,7100,8282,,,340,
GPU,AMD Radeon RX 6655-260,7985,7725,,,440,
GPU,NVIDIA RTX 8469-261,1455,1524,,,240,
GPU,NVIDIA RTX 6075-262,5862,5821,,,120,
GPU,AMD Radeon RX 7603-263,6077,5804,,,440,
GPU,NVIDIA RTX 4405-264,5971,6691,,,320,
GPU,AMD Radeon RX 4189-265,7377,8315,,,220,
GPU,NVIDIA RTX 5189-266,3262,2819,,,240,
GPU,AMD Radeon RX 6278-267,5742,6547,,,260,
GPU,NVIDIA RTX 8895-268,1420,1331,,,100,
GPU,AMD Radeon RX 7014-269,7192,8397,,,100,
GPU,AMD Radeon RX 7423-270,5588,6417,,,160,
GPU,AMD Radeon RX 6812-271,3763,3493,,,160,
GPU,NVIDIA RTX 6329-272,5477,5746,,,380,
GPU,AMD Radeon RX 8836-273,4032,4477,,,420,
GPU,NVIDIA RTX 6013-274,1027,1005,,,260,
GPU,AMD Radeon RX 8212-275,5140,4808,,,280,
GPU,NVIDIA RTX 5407-276,1401,1440,,,140,
GPU,AMD Radeon RX 3476-277,5939,6077,,,320,
GPU,NVIDIA RTX 3576-278,2559,2462,,,240,
GPU,AMD Radeon RX 5499-279,6395,8083,,,400,
GPU,NVIDIA RTX 7456-280,4514,5501,,,200,
GPU,AMD Radeon RX 3067-281,4118,3334,,,240,
GPU,AMD Radeon RX 7099-282,2304,1954,,,280,
GPU,AMD Radeon RX 4110-283,6453,5794,,,340,
GPU,AMD Radeon RX 5854-284,3603,3679,,,300,
GPU,NVIDIA RTX 8347-285,1315,1542,,,220,
GPU,NVIDIA RTX 7607-286,5409,6171,,,280,
GPU,NVIDIA RTX 6135-287,6462,6875,,,320,
GPU,NVIDIA RTX 5180-288,6443,5395,,,140,
GPU,AMD Radeon RX 4000-289,2736,2505,,,280,
GPU,NVIDIA RTX 8900-290,5166,5851,,,380,
GPU,NVIDIA RTX 7862-291,5654,5792,,,120,
GPU,AMD Radeon RX 6626-292,6108,7904,,,400,
GPU,NVIDIA RTX 8439-293,3450,3382,,,260,
GPU,NVIDIA RTX 3677-294,5896,6485,,,120,
GPU,AMD Radeon RX 6564-295,6551,7749,,,220,
GPU,AMD Radeon RX 8149-296,3374,2806,,,280,
GPU,NVIDIA RTX 3098-297,1325,1490,,,420,
GPU,NVIDIA RTX 3793-298,2313,2832,,,140,
GPU,AMD Radeon RX 5535-299,5632,5230,,,320,
GPU,NVIDIA RTX 5047-300,7268,6579,,,380,
GPU,AMD Radeon RX 5763-301,1212,1445,,,180,
GPU,AMD Radeon RX 7926-302,1310,1643,,,300,
GPU,NVIDIA RTX 4585-303,6363,7098,,,360,
GPU,AMD Radeon RX 3033-304,1552,1379,,,200,
GPU,AMD Radeon RX 4758-305,4273,3493,,,180,
GPU,AMD Radeon RX 6237-306,6679,5736,,,100,
GPU,NVIDIA RTX 6660-307,7804,8624,,,200,
GPU,NVIDIA RTX 7788-308,3894,5026,,,400,
GPU,NVIDIA RTX 7444-309,4144,4298,,,440,
GPU,NVIDIA RTX 5774-310,5900,5081,,,160,
GPU,AMD Radeon RX 6539-311,7931,10061,,,380,
GPU,NVIDIA RTX 8979-312,5118,5850,,,260,
GPU,NVIDIA RTX 5847-313,1326,1671,,,380,
GPU,AMD Radeon RX 7643-314,6689,6653,,,280,
GPU,NVIDIA RTX 8209-315,7098,6343,,,240,
GPU,NVIDIA RTX 6249-316,3697,3684,,,380,
GPU,AMD Radeon RX 3249-317,3697,3894,,,100,
GPU,NVIDIA RTX 3022-318,3597,4161,,,220,
GPU,AMD Radeon RX 3494-319,2460,2504,,,320,
GPU,NVIDIA RTX 3154-320,2554,2248,,,380,
GPU,NVIDIA RTX 3120-321,4406,3540,,,260,
GPU,AMD Radeon RX 8124-322,4523,4803,,,260,
GPU,NVIDIA RTX 5478-323,5081,4838,,,220,
GPU,NVIDIA RTX 7651-324,7910,8781,,,420,
GPU,AMD Radeon RX 4191-325,6339,7685,,,280,
GPU,NVIDIA RTX 3383-326,1251,1187,,,440,
GPU,NVIDIA RTX 4428-327,2960,2802,,,160,
GPU,NVIDIA RTX 3985-328,7468,6945,,,380,
GPU,NVIDIA RTX 3055-329,7541,8971,,,200,
GPU,NVIDIA RTX 3994-330,6958,7980,,,220,
GPU,AMD Radeon RX 3164-331,3338,4037,,,300,
GPU,NVIDIA RTX 5493-332,2265,2023,,,320,
GPU,AMD Radeon RX 7686-333,2512,2746,,,300,
GPU,AMD Radeon RX 5464-334,6224,7921,,,400,
GPU,NVIDIA RTX 7395-335,3682,4280,,,160,
GPU,AMD Radeon RX 5400-336,7212,6405,,,400,
GPU,AMD Radeon RX 5747-337,5285,4817,,,340,
GPU,NVIDIA RTX 7113-338,7393,8254,,,160,
GPU,AMD Radeon RX 8875-339,6382,5166,,,280,
GPU,AMD Radeon RX 6441-340,1972,1860,,,180,
GPU,NVIDIA RTX 7082-341,5010,4691,,,320,
GPU,NVIDIA RTX 4138-342,6155,7992,,,360,
GPU,AMD Radeon RX 7312-343,1743,2093,,,380,
GPU,AMD Radeon RX 6060-344,4641,5721,,,340,
GPU,AMD Radeon RX 7862-345,7453,8402,,,220,
GPU,AMD Radeon RX 6962-346,5305,5274,,,200,
GPU,NVIDIA RTX 5960-347,7790,7804,,,180,
GPU,NVIDIA RTX 6923-348,5379,5909,,,200,
GPU,AMD Radeon RX 6679-349,1932,1742,,,260,
GPU,AMD Radeon RX 6372-350,4290,5284,,,380,
GPU,AMD Radeon RX 5684-351,7553,8871,,,420,
GPU,NVIDIA RTX 8803-352,4123,4259,,,220,
GPU,NVIDIA RTX 4812-353,1071,1210,,,360,
GPU,AMD Radeon RX 8524-354,7648,6831,,,200,
GPU,NVIDIA RTX 5715-355,2835,3153,,,320,
GPU,AMD Radeon RX 3294-356,861,1052,,,360,
GPU,AMD Radeon RX 3754-357,2522,2966,,,440,
GPU,NVIDIA RTX 4048-358,4073,4365,,,400,
GPU,AMD Radeon RX 3968-359,6226,7499,,,360,
GPU,NVIDIA RTX 5518-360,7898,6601,,,240,
GPU,AMD Radeon RX 5919-361,7500,7448,,,120,
GPU,AMD Radeon RX 5473-362,1943,2372,,,420,
GPU,NVIDIA RTX 7319-363,3327,3364,,,140,
GPU,NVIDIA RTX 7343-364,7019,8412,,,180,
GPU,AMD Radeon RX 7023-365,4589,5337,,,100,
GPU,AMD Radeon RX 4282-366,3519,3750,,,280,
GPU,NVIDIA RTX 5187-367,4878,4607,,,340,
GPU,NVIDIA RTX 6093-368,1235,1412,,,260,
GPU,AMD Radeon RX 7304-369,3288,4205,,,400,
GPU,NVIDIA RTX 3926-370,7093,8385,,,320,
GPU,AMD Radeon RX 3239-371,7267,6536,,,280,
GPU,AMD Radeon RX 6525-372,4210,3651,,,400,
GPU,AMD Radeon RX 3911-373,6476,7376,,,440,
GPU,NVIDIA RTX 5848-374,6181,5627,,,160,
GPU,AMD Radeon RX 8054-375,7023,6951,,,200,
GPU,NVIDIA RTX 7721-376,4165,5020,,,120,
GPU,AMD Radeon RX 3319-377,3594,3309,,,400,
GPU,NVIDIA RTX 5836-378,5256,6448,,,140,
GPU,NVIDIA RTX 7128-379,1783,2240,,,400,
GPU,AMD Radeon RX 8286-380,7915,10287,,,240,
GPU,AMD Radeon RX 7109-381,7398,6707,,,400,
GPU,NVIDIA RTX 6315-382,1987,2445,,,320,
GPU,AMD Radeon RX 4509-383,2450,2699,,,200,
GPU,AMD Radeon RX 3574-384,6104,5619,,,400,
GPU,AMD Radeon RX 4138-385,6859,7494,,,340,
GPU,NVIDIA RTX 4236-386,5461,5130,,,440,
GPU,NVIDIA RTX 4484-387,6333,5418,,,440,
GPU,NVIDIA RTX 7322-388,6502,6915,,,400,
GPU,AMD Radeon RX 6408-389,2961,2643,,,360,
GPU,AMD Radeon RX 8901-390,6647,7659,,,220,
GPU,NVIDIA RTX 6695-391,3995,5176,,,260,
GPU,AMD Radeon RX 4082-392,1594,1280,,,380,
GPU,NVIDIA RTX 5994-393,4823,5396,,,420,
GPU,NVIDIA RTX 3864-394,2282,2682,,,200,
GPU,AMD Radeon RX 3390-395,3183,2705,,,200,
GPU,AMD Radeon RX 8866-396,3246,4105,,,140,
GPU,AMD Radeon RX 3494-397,3675,4635,,,240,
GPU,NVIDIA RTX 4263-398,2568,2608,,,140,
GPU,AMD Radeon RX 5643-399,7445,6240,,,340,
GPU,AMD Radeon RX 6666-400,1219,1449,,,400,
GPU,AMD Radeon RX 7198-401,6152,7729,,,200,
GPU,NVIDIA RTX 6024-402,3353,3517,,,440,
GPU,AMD Radeon RX 6531-403,2326,2513,,,320,
GPU,NVIDIA RTX 7765-404,936,1145,,,240,
GPU,AMD Radeon RX 5686-405,1061,915,,,180,
GPU,AMD Radeon RX 4536-406,6677,5499,,,180,
GPU,NVIDIA RTX 4073-407,2847,3044,,,100,
GPU,NVIDIA RTX 7265-408,3403,2805,,,320,
GPU,AMD Radeon RX 4725-409,1898,2175,,,140,
GPU,NVIDIA RTX 3111-410,1117,1227,,,220,
GPU,AMD Radeon RX 4593-411,7976,8724,,,440,
GPU,NVIDIA RTX 6975-412,1153,1374,,,440,
GPU,AMD Radeon RX 8828-413,5013,4255,,,400,
GPU,NVIDIA RTX 4789-414,1670,1668,,,260,
GPU,NVIDIA RTX 3485-415,7752,8943,,,140,
GPU,AMD Radeon RX 5463-416,4479,3933,,,280,
GPU,NVIDIA RTX 5190-417,1204,985,,,140,
GPU,NVIDIA RTX 3102-418,6627,7317,,,180,
GPU,AMD Radeon RX 6628-419,2871,3652,,,280,
GPU,NVIDIA RTX 3206-420,6072,5890,,,420,
GPU,NVIDIA RTX 5885-421,3069,3262,,,200,
GPU,AMD Radeon RX 4842-422,1113,905,,,440,
GPU,NVIDIA RTX 7521-423,6511,5226,,,380,
GPU,NVIDIA RTX 6280-424,5770,5486,,,440,
GPU,NVIDIA RTX 8778-425,2209,2274,,,400,
GPU,NVIDIA RTX 8835-426,1282,1641,,,260,
GPU,NVIDIA RTX 4174-427,4184,4154,,,280,
GPU,AMD Radeon RX 3209-428,4395,4653,,,100,
GPU,AMD Radeon RX 5845-429,2492,2867,,,140,
GPU,AMD Radeon RX 7737-430,1991,1650,,,280,
GPU,AMD Radeon RX 5981-431,6253,7240,,,360,
GPU,NVIDIA RTX 4681-432,6319,5987,,,380,
GPU,NVIDIA RTX 4384-433,1948,2321,,,240,
GPU,NVIDIA RTX 5573-434,6703,5422,,,120,
GPU,NVIDIA RTX 5756-435,7937,8437,,,280,
GPU,AMD Radeon RX 4912-436,5754,5343,,,240,
GPU,NVIDIA RTX 5583-437,7019,6132,,,320,
GPU,AMD Radeon RX 3193-438,5122,5967,,,220,
GPU,NVIDIA RTX 7966-439,5629,7203,,,340,
GPU,NVIDIA RTX 7218-440,7070,8711,,,360,
GPU,AMD Radeon RX 6288-441,7970,9248,,,440,
GPU,AMD Radeon RX 8671-442,7408,6337,,,180,
GPU,AMD Radeon RX 6851-443,2949,3149,,,240,
GPU,NVIDIA RTX 4053-444,5911,5960,,,140,
GPU,AMD Radeon RX 7143-445,6916,6019,,,100,
GPU,NVIDIA RTX 4214-446,7750,6929,,,440,
GPU,NVIDIA RTX 4671-447,4561,5293,,,440,
GPU,NVIDIA RTX 5052-448,3912,4331,,,380,
GPU,AMD Radeon RX 7008-449,2681,2672,,,240,
GPU,AMD Radeon RX 6339-450,5735,6733,,,380,
GPU,NVIDIA RTX 7887-451,4356,4657,,,300,
GPU,AMD Radeon RX 6165-452,6283,5479,,,200,
GPU,AMD Radeon RX 8078-453,7211,7092,,,420,
GPU,NVIDIA RTX 4212-454,7108,5729,,,100,
GPU,AMD Radeon RX 3361-455,1870,1620,,,180,
GPU,NVIDIA RTX 6153-456,1275,1353,,,440,
GPU,AMD Radeon RX 7572-457,7261,9158,,,380,
GPU,AMD Radeon RX 5063-458,7848,6343,,,300,
GPU,NVIDIA RTX 3419-459,5111,6265,,,440,
GPU,NVIDIA RTX 7997-460,5269,4783,,,420,
GPU,NVIDIA RTX 4645-461,5460,5500,,,120,
GPU,AMD Radeon RX 3186-462,7734,8933,,,200,
GPU,AMD Radeon RX 6776-463,2063,2143,,,220,
GPU,NVIDIA RTX 6138-464,6707,6180,,,160,
GPU,NVIDIA RTX 8534-465,4640,4391,,,260,
GPU,AMD Radeon RX 8442-466,5505,6000,,,120,
GPU,AMD Radeon RX 7335-467,6943,6928,,,100,
GPU,NVIDIA RTX 5247-468,7258,8974,,,260,
GPU,AMD Radeon RX 5658-469,6448,5191,,,320,
GPU,AMD Radeon RX 5777-470,3880,3357,,,440,
GPU,AMD Radeon RX 3198-471,4937,5864,,,180,
GPU,NVIDIA RTX 3032-472,6890,7207,,,160,
GPU,NVIDIA RTX 6407-473,5984,5554,,,360,
GPU,NVIDIA RTX 7732-474,6618,6078,,,180,
GPU,NVIDIA RTX 7735-475,3139,3208,,,400,
GPU,AMD Radeon RX 4997-476,4628,4698,,,220,
GPU,NVIDIA RTX 8918-477,4794,4278,,,320,
GPU,NVIDIA RTX 6170-478,2734,2972,,,220,
GPU,AMD Radeon RX 8081-479,1719,2112,,,360,
GPU,AMD Radeon RX 6134-480,5277,4725,,,220,
GPU,NVIDIA RTX 5820-481,2751,2932,,,220,
GPU,AMD Radeon RX 3819-482,7986,7055,,,180,
GPU,AMD Radeon RX 3182-483,3468,3794,,,400,
GPU,NVIDIA RTX 7429-484,7209,5940,,,100,
GPU,AMD Radeon RX 7810-485,4953,4842,,,420,
GPU,NVIDIA RTX 8718-486,7733,9285,,,200,
GPU,NVIDIA RTX 5778-487,7711,7269,,,400,
GPU,AMD Radeon RX 8365-488,5993,7108,,,400,
GPU,NVIDIA RTX 5774-489,4721,5082,,,400,
GPU,NVIDIA RTX 8597-490,936,794,,,200,
GPU,AMD Radeon RX 8785-491,7364,7518,,,400,
GPU,AMD Radeon RX 5240-492,4876,5821,,,360,
GPU,AMD Radeon RX 5121-493,7631,9203,,,400,
GPU,AMD Radeon RX 3784-494,7381,8780,,,360,
GPU,AMD Radeon RX 4464-495,5563,6563,,,400,
GPU,AMD Radeon RX 5874-496,6782,6395,,,280,
GPU,AMD Radeon RX 6205-497,847,927,,,120,
GPU,NVIDIA RTX 5082-498,1562,1422,,,300,
GPU,AMD Radeon RX 6135-499,6904,5805,,,320,
GPU,AMD Radeon RX 7393-500,4870,6161,,,120,
GPU,AMD Radeon RX 6689-501,3529,4215,,,160,
GPU,AMD Radeon RX 8268-502,4512,5044,,,220,
GPU,NVIDIA RTX 3421-503,4767,4872,,,100,
GPU,AMD Radeon RX 6613-504,1468,1391,,,240,
GPU,AMD Radeon RX 7710-505,6522,7108,,,240,
GPU,NVIDIA RTX 6523-506,5670,5749,,,160,
GPU,NVIDIA RTX 3909-507,2690,2551,,,240,
GPU,NVIDIA RTX 7768-508,4721,4085,,,240,
GPU,AMD Radeon RX 3451-509,4879,6292,,,340,
GPU,NVIDIA RTX 4066-510,2859,3370,,,380,
GPU,AMD Radeon RX 4484-511,1111,1383,,,160,
GPU,NVIDIA RTX 3399-512,6824,5603,,,320,
GPU,AMD Radeon RX 6340-513,1453,1377,,,100,
GPU,AMD Radeon RX 6439-514,4128,3906,,,100,
GPU,NVIDIA RTX 3194-515,7337,7695,,,220,
GPU,AMD Radeon RX 6068-516,3588,4413,,,140,
GPU,AMD Radeon RX 7681-517,979,1097,,,140,
GPU,NVIDIA RTX 4800-518,6997,9006,,,280,
GPU,AMD Radeon RX 3445-519,7288,8927,,,400,
GPU,NVIDIA RTX 5762-520,1138,1027,,,200,
GPU,NVIDIA RTX 5467-521,2474,2521,,,420,
GPU,AMD Radeon RX 5245-522,7181,7224,,,220,
GPU,NVIDIA RTX 5379-523,1385,1384,,,220,
GPU,AMD Radeon RX 5848-524,1996,1604,,,340,
GPU,AMD Radeon RX 6878-525,1241,1100,,,100,
GPU,NVIDIA RTX 5929-526,2823,2848,,,100,
GPU,AMD Radeon RX 6326-527,4219,3519,,,160,
GPU,NVIDIA RTX 3015-528,4394,4825,,,320,
GPU,AMD Radeon RX 5920-529,2831,2296,,,280,
GPU,NVIDIA RTX 8374-530,6149,6604,,,420,
GPU,NVIDIA RTX 5116-531,3932,3802,,,300,
GPU,NVIDIA RTX 8709-532,4391,4691,,,140,
GPU,NVIDIA RTX 7342-533,6337,8186,,,320,
GPU,NVIDIA RTX 3772-534,6633,7077,,,220,
GPU,NVIDIA RTX 5269-535,6026,5499,,,140,
GPU,NVIDIA RTX 5539-536,7590,6759,,,280,
GPU,AMD Radeon RX 6063-537,4343,4784,,,240,
GPU,AMD Radeon RX 3705-538,7891,8326,,,360,
GPU,NVIDIA RTX 8882-539,6447,7082,,,120,
GPU,NVIDIA RTX 6003-540,2414,2457,,,120,
GPU,NVIDIA RTX 6530-541,6207,6525,,,200,
GPU,NVIDIA RTX 5243-542,6675,6692,,,400,
GPU,AMD Radeon RX 6255-543,2675,3052,,,200,
GPU,NVIDIA RTX 8829-544,880,798,,,280,
GPU,AMD Radeon RX 3097-545,2474,2278,,,420,
GPU,AMD Radeon RX 7304-546,2050,2158,,,360,
GPU,AMD Radeon RX 5463-547,4737,5048,,,400,
GPU,AMD Radeon RX 4860-548,849,1033,,,400,
GPU,NVIDIA RTX 5335-549,7640,9841,,,200,
GPU,NVIDIA RTX 8784-550,5051,5031,,,380,
GPU,NVIDIA RTX 8330-551,6450,6770,,,280,
GPU,NVIDIA RTX 7385-552,2749,3129,,,140,
GPU,NVIDIA RTX 4654-553,7823,7345,,,100,
GPU,AMD Radeon RX 8522-554,954,1038,,,160,
GPU,NVIDIA RTX 8130-555,6494,7662,,,280,
GPU,AMD Radeon RX 7342-556,5971,7471,,,200,
GPU,AMD Radeon RX 6140-557,2161,2047,,,120,
GPU,NVIDIA RTX 7240-558,5867,7092,,,140,
GPU,AMD Radeon RX 3604-559,2593,2155,,,280,
GPU,AMD Radeon RX 4225-560,1861,1822,,,360,
GPU,AMD Radeon RX 4395-561,4671,5452,,,220,
GPU,AMD Radeon RX 5589-562,4112,3824,,,400,
GPU,NVIDIA RTX 4727-563,6933,8961,,,200,
GPU,AMD Radeon RX 6306-564,7834,10077,,,180,
GPU,AMD Radeon RX 6837-565,5016,4472,,,140,
GPU,NVIDIA RTX 3799-566,5525,6376,,,160,
GPU,NVIDIA RTX 4881-567,7863,9759,,,220,
GPU,AMD Radeon RX 8516-568,3908,3195,,,200,
GPU,NVIDIA RTX 8664-569,1738,1408,,,120,
GPU,AMD Radeon RX 7237-570,6897,7610,,,180,
GPU,AMD Radeon RX 7096-571,5558,5098,,,280,
GPU,NVIDIA RTX 5158-572,928,1109,,,380,
GPU,NVIDIA RTX 6435-573,2870,3125,,,140,
GPU,AMD Radeon RX 6089-574,1385,1516,,,180,
GPU,AMD Radeon RX 5580-575,4531,4833,,,300,
GPU,AMD Radeon RX 3085-576,4929,5866,,,300,
GPU,AMD Radeon RX 6743-577,1359,1204,,,140,
GPU,AMD Radeon RX 4953-578,5538,5305,,,300,
GPU,NVIDIA RTX 8845-579,1933,1739,,,180,
GPU,NVIDIA RTX 7970-580,4458,3619,,,240,
GPU,AMD Radeon RX 3151-581,2708,3159,,,180,
GPU,NVIDIA RTX 6003-582,4052,4615,,,180,
GPU,AMD Radeon RX 8101-583,2386,2431,,,140,
GPU,AMD Radeon RX 7262-584,1732,1390,,,180,
GPU,NVIDIA RTX 8386-585,2713,2556,,,100,
GPU,NVIDIA RTX 5605-586,4103,3565,,,300,
GPU,AMD Radeon RX 7415-587,3616,3516,,,120,
GPU,NVIDIA RTX 6013-588,1292,1359,,,200,
GPU,AMD Radeon RX 6664-589,1538,1382,,,120,
GPU,NVIDIA RTX 7559-590,5354,5283,,,360,
GPU,AMD Radeon RX 7751-591,1008,1215,,,240,
GPU,AMD Radeon RX 5132-592,6779,6436,,,340,
GPU,NVIDIA RTX 8342-593,1840,2151,,,320,
GPU,AMD Radeon RX 4848-594,4407,4651,,,380,
GPU,NVIDIA RTX 4881-595,5805,5862,,,280,
GPU,AMD Radeon RX 3834-596,6777,8122,,,180,
GPU,AMD Radeon RX 3160-597,1412,1608,,,140,
GPU,AMD Radeon RX 3685-598,3183,2966,,,200,
GPU,NVIDIA RTX 8655-599,7913,8894,,,100,
GPU,NVIDIA RTX 8824-600,2903,3650,,,260,
GPU,AMD Radeon RX 5590-601,1536,1955,,,140,
GPU,NVIDIA RTX 7972-602,6125,7955,,,220,
GPU,AMD Radeon RX 3490-603,2667,2694,,,120,
GPU,AMD Radeon RX 3352-604,1638,1328,,,440,
GPU,AMD Radeon RX 5278-605,4150,4187,,,420,
GPU,AMD Radeon RX 4375-606,4161,3345,,,340,
GPU,AMD Radeon RX 7915-607,4844,5999,,,280,
GPU,NVIDIA RTX 6358-608,1043,1043,,,400,
GPU,AMD Radeon RX 6760-609,5648,5026,,,280,
GPU,NVIDIA RTX 8821-610,2453,2784,,,320,
GPU,AMD Radeon RX 6265-611,4851,5510,,,100,
GPU,NVIDIA RTX 4333-612,6934,6834,,,400,
GPU,AMD Radeon RX 5485-613,4432,3864,,,340,
GPU,NVIDIA RTX 5785-614,3848,4267,,,360,
GPU,NVIDIA RTX 8838-615,1678,1477,,,340,
GPU,NVIDIA RTX 8870-616,7032,5969,,,200,
GPU,AMD Radeon RX 8444-617,3987,4501,,,440,
GPU,AMD Radeon RX 3529-618,807,869,,,400,
GPU,AMD Radeon RX 4272-619,7183,8921,,,100,
GPU,AMD Radeon RX 8163-620,5223,4501,,,180,
GPU,AMD Radeon RX 5900-621,6633,8443,,,120,
GPU,NVIDIA RTX 3072-622,1093,1276,,,220,
GPU,NVIDIA RTX 4424-623,3574,3405,,,160,
GPU,AMD Radeon RX 4645-624,4022,3925,,,320,
GPU,AMD Radeon RX 8976-625,2456,2407,,,120,
GPU,NVIDIA RTX 5431-626,6064,6720,,,160,
GPU,AMD Radeon RX 6110-627,6435,7417,,,160,
GPU,AMD Radeon RX 5879-628,5664,4651,,,280,
GPU,NVIDIA RTX 5376-629,6579,8358,,,380,
GPU,NVIDIA RTX 5765-630,6511,5578,,,380,
GPU,NVIDIA RTX 5948-631,7553,6660,,,180,
GPU,AMD Radeon RX 8528-632,5159,6425,,,420,
GPU,AMD Radeon RX 8122-633,7002,5677,,,340,
GPU,AMD Radeon RX 8697-634,4988,5440,,,420,
GPU,AMD Radeon RX 4308-635,7739,7347,,,440,
GPU,AMD Radeon RX 5259-636,2150,2314,,,120,
GPU,NVIDIA RTX 8439-637,5361,6397,,,120,
GPU,AMD Radeon RX 7209-638,1653,1521,,,180,
GPU,AMD Radeon RX 8455-639,2066,1997,,,180,
GPU,AMD Radeon RX 6904-640,4745,5743,,,320,
GPU,AMD Radeon RX 5443-641,5046,4048,,,200,
GPU,AMD Radeon RX 7886-642,4894,4369,,,180,
GPU,NVIDIA RTX 4990-643,5803,7044,,,120,
GPU,NVIDIA RTX 4319-644,7818,7148,,,400,
GPU,NVIDIA RTX 7011-645,5521,5597,,,180,
GPU,AMD Radeon RX 3384-646,5853,5597,,,200,
GPU,AMD Radeon RX 4909-647,2960,3700,,,240,
GPU,NVIDIA RTX 8500-648,4684,5027,,,420,
GPU,NVIDIA RTX 4505-649,6188,6793,,,120,
GPU,AMD Radeon RX 4735-650,5196,5524,,,120,
GPU,AMD Radeon RX 6808-651,4125,4835,,,100,
GPU,NVIDIA RTX 6456-652,2845,2641,,,400,
GPU,NVIDIA RTX 6625-653,6718,8301,,,280,
GPU,AMD Radeon RX 6032-654,871,943,,,340,
GPU,AMD Radeon RX 5129-655,2692,3103,,,260,
GPU,NVIDIA RTX 4812-656,4398,4475,,,400,
GPU,AMD Radeon RX 7823-657,6119,6835,,,200,
GPU,AMD Radeon RX 8823-658,1247,1131,,,280,
GPU,AMD Radeon RX 5288-659,1420,1192,,,160,
GPU,AMD Radeon RX 8326-660,2074,1982,,,340,
GPU,NVIDIA RTX 5780-661,5332,6039,,,160,
GPU,NVIDIA RTX 4645-662,3865,4735,,,220,
GPU,NVIDIA RTX 4987-663,1184,1319,,,260,
GPU,NVIDIA RTX 4597-664,5157,5070,,,380,
GPU,NVIDIA RTX 7071-665,2905,2537,,,140,
GPU,NVIDIA RTX 4644-666,3298,2884,,,320,
GPU,NVIDIA RTX 3051-667,3467,3855,,,300,
GPU,NVIDIA RTX 4389-668,4084,4095,,,280,
GPU,AMD Radeon RX 5614-669,3582,4123,,,380,
GPU,NVIDIA RTX 4659-670,2566,2736,,,200,
GPU,NVIDIA RTX 7498-671,7604,7827,,,420,
GPU,AMD Radeon RX 4527-672,5826,6525,,,440,
GPU,NVIDIA RTX 8268-673,5150,4889,,,420,
GPU,NVIDIA RTX 8821-674,4581,5367,,,220,
GPU,NVIDIA RTX 5545-675,1199,1433,,,200,
GPU,NVIDIA RTX 8474-676,1409,1195,,,240,
GPU,NVIDIA RTX 6325-677,3200,4104,,,180,
GPU,AMD Radeon RX 3750-678,6179,5896,,,320,
GPU,AMD Radeon RX 3660-679,5896,5667,,,340,
GPU,NVIDIA RTX 7640-680,7416,7941,,,340,
GPU,AMD Radeon RX 5704-681,4013,5116,,,260,
GPU,AMD Radeon RX 7426-682,1659,1608,,,120,
GPU,NVIDIA RTX 4271-683,6777,7406,,,300,
GPU,NVIDIA RTX 8506-684,3537,4141,,,180,
GPU,AMD Radeon RX 8623-685,7395,7602,,,140,
GPU,NVIDIA RTX 4456-686,931,1151,,,340,
GPU,AMD Radeon RX 3298-687,4179,3670,,,140,
GPU,NVIDIA RTX 4966-688,4182,4287,,,280,
GPU,NVIDIA RTX 6870-689,7151,7640,,,160,
GPU,NVIDIA RTX 3572-690,1082,1261,,,160,
GPU,NVIDIA RTX 5424-691,3968,3312,,,200,
GPU,NVIDIA RTX 5857-692,1854,1666,,,180,
GPU,NVIDIA RTX 7629-693,4705,5038,,,320,
GPU,NVIDIA RTX 6693-694,7371,8381,,,280,
GPU,AMD Radeon RX 5314-695,6365,7417,,,120,
GPU,NVIDIA RTX 8010-696,806,790,,,100,
GPU,NVIDIA RTX 5245-697,1699,1938,,,380,
GPU,NVIDIA RTX 8078-698,6128,5596,,,160,
GPU,AMD Radeon RX 8721-699,6985,8054,,,300,
GPU,AMD Radeon RX 6447-700,7190,7549,,,240,
GPU,AMD Radeon RX 3074-701,6033,6869,,,100,
GPU,AMD Radeon RX 3520-702,2847,2324,,,360,
GPU,NVIDIA RTX 7039-703,7062,5707,,,280,
GPU,NVIDIA RTX 8848-704,6002,5995,,,320,
GPU,AMD Radeon RX 6329-705,3573,4622,,,340,
GPU,AMD Radeon RX 6669-706,6797,6141,,,420,
GPU,AMD Radeon RX 8483-707,2124,1732,,,200,
GPU,NVIDIA RTX 8133-708,2522,2235,,,340,
GPU,NVIDIA RTX 3068-709,4701,4469,,,300,
GPU,AMD Radeon RX 8088-710,6325,6090,,,320,
GPU,AMD Radeon RX 4403-711,1613,1858,,,180,
GPU,AMD Radeon RX 4591-712,4023,4038,,,220,
GPU,NVIDIA RTX 7070-713,2432,2436,,,260,
GPU,AMD Radeon RX 8841-714,2955,3345,,,360,
GPU,NVIDIA RTX 3290-715,7369,8282,,,440,
GPU,NVIDIA RTX 6898-716,5249,5659,,,240,
GPU,NVIDIA RTX 5852-717,6528,8362,,,420,
GPU,NVIDIA RTX 6542-718,4576,4006,,,240,
GPU,NVIDIA RTX 4196-719,937,778,,,320,
GPU,NVIDIA RTX 6716-720,5061,5723,,,360,
GPU,NVIDIA RTX 4216-721,6427,5152,,,420,
GPU,NVIDIA RTX 5465-722,2664,3171,,,180,
GPU,AMD Radeon RX 4260-723,2191,1855,,,440,
GPU,NVIDIA RTX 5847-724,1066,1062,,,320,
GPU,NVIDIA RTX 5382-725,3319,3102,,,120,
GPU,NVIDIA RTX 6256-726,4648,6031,,,280,
GPU,AMD Radeon RX 4820-727,5385,4343,,,380,
GPU,NVIDIA RTX 6053-728,7057,6422,,,140,
GPU,AMD Radeon RX 5696-729,1765,1920,,,200,
GPU,NVIDIA RTX 5184-730,3921,5036,,,300,
GPU,NVIDIA RTX 6982-731,3350,2713,,,260,
GPU,AMD Radeon RX 7702-732,1926,1663,,,440,
GPU,AMD Radeon RX 6121-733,7675,7982,,,300,
GPU,AMD Radeon RX 3478-734,6829,8705,,,120,
GPU,NVIDIA RTX 3823-735,4519,4491,,,280,
GPU,AMD Radeon RX 4523-736,963,823,,,260,
GPU,AMD Radeon RX 7600-737,6295,6764,,,300,
GPU,AMD Radeon RX 7672-738,2264,2001,,,400,
GPU,NVIDIA RTX 3428-739,5491,4904,,,160,
GPU,NVIDIA RTX 7545-740,4987,4996,,,300,
GPU,NVIDIA RTX 3402-741,3122,2887,,,180,
GPU,AMD Radeon RX 5824-742,4540,4438,,,160,
GPU,AMD Radeon RX 4506-743,3469,3005,,,180,
GPU,AMD Radeon RX 8160-744,989,1049,,,320,
GPU,NVIDIA RTX 3885-745,5500,5376,,,400,
GPU,AMD Radeon RX 5166-746,5802,4802,,,220,
GPU,AMD Radeon RX 7358-747,1508,1628,,,140,
GPU,NVIDIA RTX 7984-748,6767,7579,,,280,
GPU,NVIDIA RTX 7712-749,1144,1162,,,400,
GPU,AMD Radeon RX 4763-750,7727,8611,,,280,
GPU,AMD Radeon RX 4659-751,5986,7442,,,280,
GPU,AMD Radeon RX 6067-752,5338,6781,,,340,
GPU,NVIDIA RTX 4820-753,7909,7892,,,100,
GPU,AMD Radeon RX 6219-754,7416,9398,,,180,
GPU,NVIDIA RTX 4948-755,6874,8720,,,140,
GPU,NVIDIA RTX 3109-756,4195,3573,,,140,
GPU,NVIDIA RTX 5555-757,5631,5764,,,380,
GPU,NVIDIA RTX 4566-758,6726,8292,,,440,
GPU,NVIDIA RTX 8558-759,6924,7417,,,120,
GPU,NVIDIA RTX 5619-760,6294,6475,,,220,
GPU,NVIDIA RTX 4847-761,2396,2984,,,240,
GPU,NVIDIA RTX 8351-762,6829,7406,,,440,
GPU,NVIDIA RTX 5648-763,7631,6553,,,280,
GPU,NVIDIA RTX 8231-764,5218,5702,,,120,
GPU,NVIDIA RTX 6327-765,5626,4640,,,140,
GPU,AMD Radeon RX 6275-766,7915,7605,,,100,
GPU,AMD Radeon RX 5657-767,7107,8491,,,340,
GPU,AMD Radeon RX 8383-768,5545,4714,,,160,
GPU,AMD Radeon RX 8635-769,3710,3180,,,120,
GPU,NVIDIA RTX 8914-770,4700,4405,,,300,
GPU,AMD Radeon RX 4339-771,1916,1581,,,180,
GPU,NVIDIA RTX 8715-772,877,760,,,180,
GPU,AMD Radeon RX 4614-773,2584,2067,,,440,
GPU,NVIDIA RTX 4362-774,1921,1904,,,220,
GPU,AMD Radeon RX 4118-775,7029,6535,,,200,
GPU,NVIDIA RTX 7123-776,6583,6328,,,100,
GPU,AMD Radeon RX 3180-777,1762,1977,,,240,
GPU,NVIDIA RTX 4920-778,1900,1568,,,240,
GPU,NVIDIA RTX 7360-779,6369,5109,,,380,
GPU,AMD Radeon RX 7101-780,7790,7091,,,240,
GPU,AMD Radeon RX 7711-781,4040,4769,,,200,
GPU,AMD Radeon RX 3625-782,822,851,,,400,
GPU,AMD Radeon RX 4962-783,5311,5594,,,180,
GPU,NVIDIA RTX 8257-784,5308,6414,,,440,
GPU,NVIDIA RTX 5079-785,1257,1271,,,300,
GPU,NVIDIA RTX 8102-786,3903,3246,,,360,
GPU,NVIDIA RTX 7592-787,1980,2315,,,420,
GPU,NVIDIA RTX 7999-788,1263,1105,,,260,
GPU,NVIDIA RTX 3506-789,3375,3801,,,380,
GPU,NVIDIA RTX 5143-790,3331,3561,,,340,
GPU,AMD Radeon RX 7205-791,6267,5089,,,220,
GPU,NVIDIA RTX 8550-792,1003,935,,,400,
GPU,AMD Radeon RX 3028-793,1320,1427,,,400,
GPU,NVIDIA RTX 6144-794,3230,2773,,,160,
GPU,NVIDIA RTX 5298-795,7293,7064,,,160,
GPU,AMD Radeon RX 3113-796,2994,3044,,,400,
GPU,NVIDIA RTX 4572-797,3664,3499,,,140,
GPU,NVIDIA RTX 7709-798,7007,7774,,,400,
GPU,NVIDIA RTX 5852-799,5654,6110,,,280,
GPU,NVIDIA RTX 6083-800,4490,4041,,,220,
GPU,AMD Radeon RX 3921-801,2032,1804,,,440,
GPU,AMD Radeon RX 6280-802,6235,6818,,,160,
GPU,NVIDIA RTX 7417-803,7649,9044,,,340,
GPU,AMD Radeon RX 3916-804,3868,3409,,,300,
GPU,AMD Radeon RX 6836-805,3301,3396,,,180,
GPU,AMD Radeon RX 7334-806,7982,8799,,,260,
GPU,AMD Radeon RX 8008-807,3774,4448,,,420,
GPU,AMD Radeon RX 5882-808,1439,1651,,,160,
GPU,AMD Radeon RX 4158-809,4221,5135,,,200,
GPU,AMD Radeon RX 6234-810,7772,8906,,,440,
GPU,NVIDIA RTX 6741-811,5192,6551,,,320,
GPU,NVIDIA RTX 6212-812,5694,6854,,,100,
GPU,AMD Radeon RX 3344-813,2527,2780,,,360,
GPU,AMD Radeon RX 8100-814,5447,6398,,,300,
GPU,AMD Radeon RX 5239-815,820,878,,,140,
GPU,AMD Radeon RX 4834-816,7810,8862,,,280,
GPU,NVIDIA RTX 5182-817,7099,6652,,,200,
GPU,AMD Radeon RX 7142-818,4554,4734,,,400,
GPU,AMD Radeon RX 5839-819,7869,9789,,,100,
GPU,AMD Radeon RX 5882-820,3890,4925,,,380,
GPU,AMD Radeon RX 4508-821,7214,6525,,,420,
GPU,AMD Radeon RX 7963-822,914,837,,,380,
GPU,NVIDIA RTX 6523-823,3719,3142,,,420,
GPU,AMD Radeon RX 3743-824,3949,4954,,,440,
GPU,AMD Radeon RX 5938-825,5960,6853,,,280,
GPU,NVIDIA RTX 5914-826,4306,3684,,,360,
GPU,NVIDIA RTX 6966-827,4720,3879,,,220,
GPU,AMD Radeon RX 4716-828,3388,3374,,,240,
GPU,NVIDIA RTX 4946-829,6771,8233,,,300,
GPU,NVIDIA RTX 4604-830,3389,3181,,,340,
GPU,NVIDIA RTX 4355-831,1256,1399,,,300,
GPU,NVIDIA RTX 3641-832,1976,1783,,,420,
GPU,NVIDIA RTX 4411-833,1977,2365,,,160,
GPU,AMD Radeon RX 5587-834,1574,1766,,,400,
GPU,AMD Radeon RX 4624-835,2156,2435,,,280,
GPU,AMD Radeon RX 3814-836,7707,8731,,,300,
GPU,NVIDIA RTX 8797-837,2322,2723,,,320,
GPU,NVIDIA RTX 5445-838,2371,2335,,,340,
GPU,NVIDIA RTX 7668-839,3985,4379,,,120,
GPU,NVIDIA RTX 4430-840,5602,4508,,,380,
GPU,AMD Radeon RX 6941-841,2698,3147,,,240,
GPU,NVIDIA RTX 5686-842,4943,6412,,,380,
GPU,AMD Radeon RX 4325-843,5731,6832,,,220,
GPU,NVIDIA RTX 5237-844,3480,4316,,,140,
GPU,NVIDIA RTX 7009-845,4362,4210,,,380,
GPU,NVIDIA RTX 3565-846,4729,4852,,,380,
GPU,NVIDIA RTX 3185-847,3285,3839,,,280,
GPU,NVIDIA RTX 5722-848,7288,7139,,,380,
GPU,NVIDIA RTX 8450-849,5437,4559,,,420,
GPU,AMD Radeon RX 7510-850,4057,4275,,,260,
GPU,AMD Radeon RX 4942-851,7535,8048,,,240,
GPU,AMD Radeon RX 5736-852,2720,3223,,,260,
GPU,NVIDIA RTX 3116-853,3931,4789,,,120,
GPU,AMD Radeon RX 3538-854,4212,3683,,,220,
GPU,AMD Radeon RX 5993-855,4474,3739,,,280,
GPU,AMD Radeon RX 6152-856,4215,3963,,,340,
GPU,NVIDIA RTX 4964-857,3853,4962,,,420,
GPU,AMD Radeon RX 5179-858,2513,2403,,,160,
GPU,AMD Radeon RX 4783-859,2442,2174,,,340,
GPU,NVIDIA RTX 8462-860,7311,7934,,,320,
GPU,NVIDIA RTX 4410-861,1944,1911,,,240,
GPU,AMD Radeon RX 8789-862,1922,1924,,,440,
GPU,AMD Radeon RX 7373-863,5564,5366,,,400,
GPU,NVIDIA RTX 8601-864,7014,6573,,,320,
GPU,NVIDIA RTX 4373-865,6157,5496,,,140,
GPU,NVIDIA RTX 7417-866,3160,2556,,,400,
GPU,AMD Radeon RX 7628-867,2995,3051,,,260,
GPU,AMD Radeon RX 5905-868,6963,8153,,,160,
GPU,NVIDIA RTX 7280-869,1082,1315,,,380,
GPU,NVIDIA RTX 4520-870,5524,6143,,,340,
GPU,AMD Radeon RX 5332-871,3286,2939,,,140,
GPU,NVIDIA RTX 7839-872,5501,6980,,,180,
GPU,NVIDIA RTX 7101-873,5507,6239,,,440,
GPU,AMD Radeon RX 7923-874,4752,5442,,,240,
GPU,AMD Radeon RX 5927-875,2548,2422,,,400,
GPU,NVIDIA RTX 3753-876,6012,6178,,,160,
GPU,NVIDIA RTX 3545-877,4998,4840,,,380,
GPU,AMD Radeon RX 4261-878,3367,2967,,,180,
GPU,NVIDIA RTX 7322-879,6532,7517,,,400,
GPU,AMD Radeon RX 3717-880,6673,8458,,,120,
GPU,AMD Radeon RX 7064-881,7430,8653,,,140,
GPU,NVIDIA RTX 4756-882,1874,2093,,,180,
GPU,NVIDIA RTX 3405-883,7820,7081,,,160,
GPU,NVIDIA RTX 7810-884,7540,7680,,,260,
GPU,NVIDIA RTX 8133-885,5856,6643,,,240,
GPU,NVIDIA RTX 7526-886,7729,6744,,,200,
GPU,NVIDIA RTX 3872-887,2415,2371,,,100,
GPU,AMD Radeon RX 3350-888,6279,6014,,,120,
GPU,NVIDIA RTX 4202-889,2220,2281,,,440,
GPU,AMD Radeon RX 7454-890,7071,7256,,,340,
GPU,AMD Radeon RX 4788-891,5805,5514,,,200,
GPU,AMD Radeon RX 5681-892,4734,4847,,,140,
GPU,NVIDIA RTX 7272-893,4490,4022,,,340,
GPU,AMD Radeon RX 4160-894,6930,6257,,,280,
GPU,AMD Radeon RX 3555-895,7000,6293,,,220,
GPU,AMD Radeon RX 3041-896,4133,3422,,,260,
GPU,AMD Radeon RX 8748-897,5866,6429,,,380,
GPU,AMD Radeon RX 5802-898,3705,3714,,,120,
GPU,AMD Radeon RX 4677-899,839,758,,,160,
GPU,NVIDIA RTX 3473-900,7784,8865,,,140,
GPU,NVIDIA RTX 5931-901,1232,1402,,,160,
GPU,NVIDIA RTX 6998-902,5555,4508,,,120,
GPU,NVIDIA RTX 5454-903,5711,4909,,,100,
GPU,NVIDIA RTX 4420-904,3625,3300,,,440,
GPU,NVIDIA RTX 7255-905,5109,5172,,,440,
GPU,AMD Radeon RX 5008-906,7709,9594,,,300,
GPU,NVIDIA RTX 8185-907,7284,8139,,,220,
GPU,NVIDIA RTX 7050-908,2504,3012,,,240,
GPU,AMD Radeon RX 5490-909,5836,6797,,,140,
GPU,NVIDIA RTX 7728-910,3076,2777,,,340,
GPU,NVIDIA RTX 6824-911,1244,1140,,,440,
GPU,AMD Radeon RX 7789-912,7143,7943,,,140,
GPU,AMD Radeon RX 4747-913,4670,4167,,,300,
GPU,NVIDIA RTX 7933-914,1885,2449,,,440,
GPU,NVIDIA RTX 3421-915,4925,5429,,,140,
GPU,NVIDIA RTX 6992-916,5263,5878,,,320,
GPU,AMD Radeon RX 6860-917,4723,5099,,,440,
GPU,NVIDIA RTX 6362-918,7406,9506,,,400,
GPU,NVIDIA RTX 3606-919,7171,5799,,,320,
GPU,NVIDIA RTX 6762-920,7902,7694,,,360,
GPU,AMD Radeon RX 5233-921,7630,7253,,,200,
GPU,AMD Radeon RX 8862-922,1488,1299,,,240,
GPU,NVIDIA RTX 3943-923,7536,6151,,,420,
GPU,AMD Radeon RX 7129-924,1316,1495,,,280,
GPU,AMD Radeon RX 8916-925,5122,5322,,,420,
GPU,NVIDIA RTX 4696-926,1749,1555,,,120,
GPU,NVIDIA RTX 7165-927,4812,4923,,,220,
GPU,AMD Radeon RX 3139-928,5917,5643,,,400,
GPU,NVIDIA RTX 6743-929,6513,8257,,,360,
GPU,AMD Radeon RX 4714-930,6931,8354,,,400,
GPU,NVIDIA RTX 5013-931,5699,5439,,,380,
GPU,AMD Radeon RX 6919-932,4808,4895,,,220,
GPU,NVIDIA RTX 5356-933,4675,5894,,,240,
GPU,NVIDIA RTX 4620-934,5037,5627,,,100,
GPU,NVIDIA RTX 4277-935,4881,4419,,,120,
GPU,NVIDIA RTX 7382-936,7180,8205,,,140,
GPU,NVIDIA RTX 3441-937,2320,1867,,,420,
GPU,AMD Radeon RX 5995-938,5482,5822,,,380,
GPU,NVIDIA RTX 7165-939,3047,2819,,,420,
GPU,AMD Radeon RX 5852-940,5595,7050,,,300,
GPU,AMD Radeon RX 8344-941,4761,4475,,,200,
GPU,AMD Radeon RX 8875-942,7989,6397,,,120,
GPU,NVIDIA RTX 3417-943,7785,9945,,,120,
GPU,NVIDIA RTX 4731-944,4326,4396,,,360,
GPU,NVIDIA RTX 6432-945,7426,8824,,,300,
GPU,NVIDIA RTX 3250-946,7294,6185,,,160,
GPU,NVIDIA RTX 7988-947,4386,4544,,,420,
GPU,AMD Radeon RX 4583-948,3294,2675,,,360,
GPU,NVIDIA RTX 3751-949,2538,2067,,,160,
GPU,AMD Radeon RX 3158-950,2015,2228,,,340,
GPU,AMD Radeon RX 3547-951,4554,4399,,,200,
GPU,AMD Radeon RX 7804-952,7445,7308,,,280,
GPU,AMD Radeon RX 8419-953,7031,6827,,,120,
GPU,NVIDIA RTX 8049-954,5747,4911,,,220,
GPU,AMD Radeon RX 8709-955,6115,5622,,,160,
GPU,NVIDIA RTX 4443-956,4929,5943,,,240,
GPU,AMD Radeon RX 3437-957,2878,3369,,,240,
GPU,NVIDIA RTX 5492-958,3367,4005,,,280,
GPU,NVIDIA RTX 4358-959,5689,6334,,,400,
GPU,AMD Radeon RX 6523-960,5917,5278,,,120,
GPU,AMD Radeon RX 6145-961,2297,2778,,,100,
GPU,NVIDIA RTX 6192-962,6630,6251,,,260,
GPU,NVIDIA RTX 4337-963,2886,2443,,,280,
GPU,NVIDIA RTX 3216-964,1517,1876,,,200,
GPU,NVIDIA RTX 7727-965,4955,6162,,,260,
GPU,NVIDIA RTX 3028-966,7021,6130,,,340,
GPU,NVIDIA RTX 3890-967,3445,3238,,,400,
GPU,AMD Radeon RX 4161-968,3742,3101,,,340,
GPU,AMD Radeon RX 5250-969,6322,5816,,,420,
GPU,NVIDIA RTX 6413-970,1551,1366,,,440,
GPU,AMD Radeon RX 3847-971,2985,3867,,,320,
GPU,AMD Radeon RX 4080-972,1311,1478,,,440,
GPU,AMD Radeon RX 8951-973,7116,8826,,,440,
GPU,AMD Radeon RX 3374-974,5380,5225,,,100,
GPU,NVIDIA RTX 8690-975,2671,3385,,,340,
GPU,NVIDIA RTX 5388-976,2502,2105,,,320,
GPU,AMD Radeon RX 4258-977,2621,2564,,,200,
GPU,AMD Radeon RX 3057-978,7782,9094,,,300,
GPU,AMD Radeon RX 5348-979,5250,4449,,,420,
GPU,NVIDIA RTX 6121-980,5639,5152,,,400,
GPU,NVIDIA RTX 6530-981,2991,2658,,,280,
GPU,AMD Radeon RX 4962-982,5328,4610,,,320,
GPU,AMD Radeon RX 3385-983,3120,4037,,,200,
GPU,AMD Radeon RX 3309-984,4543,5165,,,360,
GPU,NVIDIA RTX 4905-985,5343,6572,,,280,
GPU,NVIDIA RTX 7729-986,4402,4350,,,260,
GPU,NVIDIA RTX 6908-987,1647,1771,,,120,
GPU,AMD Radeon RX 5652-988,1214,1013,,,320,
GPU,AMD Radeon RX 7944-989,6806,7890,,,220,
GPU,AMD Radeon RX 4957-990,3038,3887,,,340,
GPU,AMD Radeon RX 8227-991,3994,3606,,,140,
GPU,NVIDIA RTX 3500-992,7726,8319,,,380,
GPU,AMD Radeon RX 7636-993,1550,1374,,,380,
GPU,NVIDIA RTX 8630-994,6857,6299,,,300,
GPU,AMD Radeon RX 4087-995,4257,4633,,,320,
GPU,NVIDIA RTX 7096-996,5372,4377,,,220,
GPU,AMD Radeon RX 4849-997,2505,2437,,,240,
GPU,AMD Radeon RX 4895-998,7633,8807,,,240,
GPU,NVIDIA RTX 3555-999,4161,3414,,,200,
GPU,NVIDIA RTX 6675-1000,5139,5339,,,300,
GPU,AMD Radeon RX 4868-1001,5877,6858,,,380,
GPU,NVIDIA RTX 7436-1002,7687,8504,,,120,
GPU,NVIDIA RTX 7404-1003,4080,3407,,,420,
GPU,AMD Radeon RX 6457-1004,3605,3437,,,200,
GPU,NVIDIA RTX 3897-1005,3229,4103,,,300,
GPU,AMD Radeon RX 8623-1006,2135,2177,,,200,
GPU,NVIDIA RTX 7811-1007,5084,5884,,,420,
GPU,AMD Radeon RX 5642-1008,6769,5457,,,420,
GPU,NVIDIA RTX 4162-1009,6073,7033,,,300,
GPU,NVIDIA RTX 5620-1010,2959,3633,,,120,
GPU,AMD Radeon RX 7320-1011,7963,9518,,,420,
GPU,NVIDIA RTX 7383-1012,6170,5165,,,340,
GPU,AMD Radeon RX 8814-1013,6645,8054,,,220,
GPU,NVIDIA RTX 6247-1014,3071,3729,,,340,
GPU,AMD Radeon RX 5886-1015,2792,3375,,,400,
GPU,NVIDIA RTX 8346-1016,3878,3268,,,300,
GPU,NVIDIA RTX 7620-1017,875,1084,,,340,
GPU,NVIDIA RTX 8674-1018,6147,5983,,,140,
GPU,NVIDIA RTX 4271-1019,6420,5494,,,140,
GPU,AMD Radeon RX 3770-1020,4535,5552,,,340,
GPU,NVIDIA RTX 5652-1021,7012,5726,,,440,
GPU,AMD Radeon RX 7491-1022,4883,5595,,,260,
GPU,NVIDIA RTX 7045-1023,4028,4519,,,420,
GPU,NVIDIA RTX 6057-1024,3811,4721,,,360,
GPU,AMD Radeon RX 3536-1025,3063,3978,,,120,
GPU,AMD Radeon RX 3078-1026,2961,3779,,,200,
GPU,NVIDIA RTX 4033-1027,5331,5705,,,120,
GPU,AMD Radeon RX 6377-1028,4186,4187,,,440,
GPU,AMD Radeon RX 8058-1029,4553,4765,,,120,
GPU,NVIDIA RTX 4943-1030,1002,1122,,,160,
GPU,AMD Radeon RX 7132-1031,5646,6290,,,260,
GPU,NVIDIA RTX 3239-1032,7488,8047,,,280,
GPU,AMD Radeon RX 3276-1033,6969,5709,,,140,
GPU,AMD Radeon RX 3829-1034,1221,1171,,,420,
GPU,AMD Radeon RX 4325-1035,3418,3072,,,120,
GPU,AMD Radeon RX 4623-1036,2295,1849,,,400,
GPU,NVIDIA RTX 7820-1037,6474,8058,,,320,
GPU,NVIDIA RTX 6300-1038,4562,4000,,,200,
GPU,AMD Radeon RX 6588-1039,5715,5258,,,320,
GPU,NVIDIA RTX 4815-1040,7469,7410,,,380,
GPU,NVIDIA RTX 4028-1041,6463,5507,,,300,
GPU,NVIDIA RTX 5092-1042,2207,2638,,,120,
GPU,AMD Radeon RX 5423-1043,4772,5336,,,320,
GPU,NVIDIA RTX 3638-1044,6506,5313,,,320,
GPU,AMD Radeon RX 6340-1045,6317,6967,,,340,
GPU,AMD Radeon RX 8859-1046,3443,3566,,,240,
GPU,AMD Radeon RX 8804-1047,5366,6958,,,260,
GPU,AMD Radeon RX 8852-1048,3877,3267,,,100,
GPU,NVIDIA RTX 8169-1049,913,1163,,,180,
GPU,AMD Radeon RX 5907-1050,4911,5682,,,140,
GPU,AMD Radeon RX 6315-1051,5288,4832,,,140,
GPU,AMD Radeon RX 7617-1052,2850,3565,,,400,
GPU,AMD Radeon RX 5747-1053,2586,2753,,,220,
GPU,AMD Radeon RX 8418-1054,3850,3186,,,200,
GPU,AMD Radeon RX 8693-1055,6720,8378,,,180,
GPU,NVIDIA RTX 5551-1056,5631,7161,,,200,
GPU,AMD Radeon RX 4977-1057,3423,4180,,,280,
GPU,AMD Radeon RX 8699-1058,4648,4183,,,420,
GPU,AMD Radeon RX 5664-1059,4224,5221,,,120,
GPU,NVIDIA RTX 8004-1060,2278,2505,,,140,
GPU,AMD Radeon RX 8778-1061,6696,8111,,,240,
GPU,AMD Radeon RX 8255-1062,2071,1916,,,260,
GPU,NVIDIA RTX 8174-1063,6577,6501,,,280,
GPU,AMD Radeon RX 3565-1064,3811,3267,,,220,
GPU,NVIDIA RTX 7066-1065,2190,2830,,,320,
GPU,NVIDIA RTX 6988-1066,1909,2159,,,280,
GPU,AMD Radeon RX 3956-1067,5606,6014,,,360,
GPU,AMD Radeon RX 7608-1068,7406,6603,,,360,
GPU,AMD Radeon RX 5350-1069,2264,1858,,,420,
GPU,AMD Radeon RX 5219-1070,1152,1290,,,160,
GPU,AMD Radeon RX 5320-1071,4347,4970,,,160,
GPU,AMD Radeon RX 8573-1072,4755,5109,,,160,
GPU,NVIDIA RTX 3464-1073,1400,1206,,,360,
GPU,AMD Radeon RX 3653-1074,4139,4059,,,120,
GPU,NVIDIA RTX 4756-1075,6374,8282,,,220,
GPU,AMD Radeon RX 3053-1076,3434,3425,,,340,
GPU,AMD Radeon RX 8806-1077,4612,5294,,,420,
GPU,NVIDIA RTX 7776-1078,2937,2902,,,340,
GPU,AMD Radeon RX 6466-1079,7765,7584,,,440,
GPU,AMD Radeon RX 5700-1080,4517,5070,,,440,
GPU,NVIDIA RTX 7452-1081,1582,1962,,,320,
GPU,NVIDIA RTX 4171-1082,7965,7162,,,140,
GPU,NVIDIA RTX 7616-1083,7324,7364,,,240,
GPU,AMD Radeon RX 5084-1084,1954,1669,,,340,
GPU,AMD Radeon RX 6840-1085,3274,3340,,,340,
GPU,NVIDIA RTX 4723-1086,1603,1323,,,340,
GPU,NVIDIA RTX 6480-1087,2194,1758,,,140,
GPU,AMD Radeon RX 3262-1088,1938,2020,,,440,
GPU,AMD Radeon RX 8790-1089,7778,9423,,,160,
GPU,NVIDIA RTX 4965-1090,3191,3822,,,440,
GPU,NVIDIA RTX 6191-1091,2751,2690,,,380,
GPU,AMD Radeon RX 6123-1092,4282,4189,,,240,
GPU,NVIDIA RTX 6240-1093,2119,2704,,,100,
GPU,AMD Radeon RX 8458-1094,2485,2934,,,160,
GPU,NVIDIA RTX 6999-1095,6820,7077,,,200,
GPU,NVIDIA RTX 5390-1096,1420,1377,,,100,
GPU,AMD Radeon RX 4967-1097,4097,4471,,,420,
GPU,AMD Radeon RX 6114-1098,5579,5461,,,200,
GPU,NVIDIA RTX 7785-1099,4492,4534,,,200,
GPU,NVIDIA RTX 7777-1100,5283,6319,,,320,
GPU,NVIDIA RTX 8389-1101,1145,1452,,,340,
GPU,NVIDIA RTX 4769-1102,4876,3969,,,380,
GPU,NVIDIA RTX 3675-1103,5024,6325,,,220,
GPU,NVIDIA RTX 7944-1104,2773,3279,,,160,
GPU,NVIDIA RTX 5889-1105,2716,2770,,,280,
GPU,NVIDIA RTX 6706-1106,5718,4619,,,160,
GPU,NVIDIA RTX 3590-1107,4584,3828,,,400,
GPU,AMD Radeon RX 3507-1108,7819,6929,,,180,
GPU,AMD Radeon RX 5184-1109,1185,996,,,220,
GPU,NVIDIA RTX 7142-1110,2787,2648,,,200,
GPU,NVIDIA RTX 3423-1111,1254,1392,,,220,
GPU,NVIDIA RTX 3619-1112,2859,2593,,,120,
GPU,NVIDIA RTX 4665-1113,8000,9403,,,440,
GPU,AMD Radeon RX 4724-1114,5416,4788,,,100,
GPU,AMD Radeon RX 7786-1115,1354,1151,,,180,
GPU,AMD Radeon RX 4480-1116,1404,1609,,,260,
GPU,NVIDIA RTX 4355-1117,2021,2379,,,380,
GPU,AMD Radeon RX 8301-1118,5542,6858,,,340,
GPU,AMD Radeon RX 4605-1119,6262,5425,,,120,
GPU,AMD Radeon RX 8827-1120,3282,3937,,,360,
GPU,AMD Radeon RX 3624-1121,5127,5468,,,400,
GPU,NVIDIA RTX 5595-1122,3585,3414,,,420,
GPU,NVIDIA RTX 8034-1123,1929,1960,,,380,
GPU,NVIDIA RTX 5495-1124,3021,3674,,,100,
GPU,NVIDIA RTX 6615-1125,4207,4510,,,340,
GPU,NVIDIA RTX 5363-1126,5087,6580,,,100,
GPU,NVIDIA RTX 8880-1127,6713,6780,,,200,
GPU,AMD Radeon RX 7403-1128,1594,1317,,,420,
GPU,NVIDIA RTX 5595-1129,7893,6365,,,380,
GPU,AMD Radeon RX 8825-1130,2921,2635,,,300,
GPU,AMD Radeon RX 8317-1131,4977,5286,,,320,
GPU,AMD Radeon RX 4928-1132,1137,1076,,,300,
GPU,AMD Radeon RX 8088-1133,6773,8038,,,400,
GPU,NVIDIA RTX 3809-1134,6129,7765,,,360,
GPU,NVIDIA RTX 4990-1135,4157,4747,,,340,
GPU,NVIDIA RTX 3511-1136,5673,6407,,,420,
GPU,AMD Radeon RX 8539-1137,4875,4639,,,280,
GPU,NVIDIA RTX 5786-1138,7938,9443,,,220,
GPU,NVIDIA RTX 5367-1139,2950,2548,,,220,
GPU,AMD Radeon RX 3744-1140,3651,4100,,,440,
GPU,NVIDIA RTX 3894-1141,7429,7820,,,440,
GPU,NVIDIA RTX 8892-1142,3201,3018,,,440,
GPU,NVIDIA RTX 4693-1143,3264,4179,,,140,
GPU,AMD Radeon RX 6241-1144,3670,3993,,,260,
GPU,AMD Radeon RX 4039-1145,3346,3786,,,120,
GPU,NVIDIA RTX 8020-1146,2187,2122,,,400,
GPU,AMD Radeon RX 6043-1147,4165,4481,,,100,
GPU,AMD Radeon RX 7904-1148,6160,5430,,,280,
GPU,NVIDIA RTX 7219-1149,4015,3998,,,300,
GPU,NVIDIA RTX 5612-1150,2450,3107,,,400,
GPU,AMD Radeon RX 7563-1151,5542,5145,,,220,
GPU,NVIDIA RTX 6813-1152,7308,5875,,,100,
GPU,NVIDIA RTX 3004-1153,1853,1822,,,300,
GPU,AMD Radeon RX 5435-1154,5492,5501,,,100,
GPU,NVIDIA RTX 4892-1155,5288,5905,,,380,
GPU,AMD Radeon RX 7469-1156,1085,1145,,,300,
GPU,NVIDIA RTX 5904-1157,2275,2593,,,400,
GPU,NVIDIA RTX 6485-1158,5878,5773,,,440,
GPU,AMD Radeon RX 5177-1159,5167,6291,,,180,
GPU,NVIDIA RTX 7008-1160,3801,3406,,,180,
GPU,AMD Radeon RX 7361-1161,6035,6538,,,200,
GPU,AMD Radeon RX 5281-1162,7569,9565,,,360,
GPU,AMD Radeon RX 6145-1163,3925,3916,,,200,
GPU,AMD Radeon RX 4230-1164,2685,3311,,,340,
GPU,AMD Radeon RX 8369-1165,5573,7124,,,400,
GPU,NVIDIA RTX 3811-1166,4767,5442,,,260,
GPU,NVIDIA RTX 6663-1167,4398,3757,,,440,
GPU,NVIDIA RTX 4642-1168,6520,8094,,,200,
GPU,NVIDIA RTX 6951-1169,2951,3727,,,120,
GPU,NVIDIA RTX 5335-1170,2693,2538,,,160,
GPU,NVIDIA RTX 6693-1171,4031,3952,,,320,
GPU,NVIDIA RTX 5751-1172,5170,5682,,,220,
GPU,NVIDIA RTX 7490-1173,2787,2992,,,100,
GPU,NVIDIA RTX 8219-1174,4999,6303,,,240,
GPU,AMD Radeon RX 8878-1175,1578,1550,,,380,
GPU,AMD Radeon RX 7525-1176,4043,4474,,,440,
GPU,AMD Radeon RX 4212-1177,4973,5856,,,240,
GPU,NVIDIA RTX 4197-1178,7936,9578,,,340,
GPU,NVIDIA RTX 3156-1179,4343,4186,,,200,
GPU,NVIDIA RTX 6995-1180,3773,3262,,,220,
GPU,NVIDIA RTX 7121-1181,7929,7687,,,180,
GPU,AMD Radeon RX 8237-1182,2491,2554,,,260,
GPU,AMD Radeon RX 6917-1183,1985,2040,,,360,
GPU,NVIDIA RTX 7764-1184,5999,6877,,,380,
GPU,NVIDIA RTX 8259-1185,5804,5295,,,180,
GPU,AMD Radeon RX 3284-1186,2879,2532,,,380,
GPU,NVIDIA RTX 5024-1187,3076,2591,,,280,
GPU,NVIDIA RTX 3783-1188,3163,3116,,,340,
GPU,NVIDIA RTX 7130-1189,1165,965,,,300,
GPU,AMD Radeon RX 7963-1190,898,846,,,420,
GPU,NVIDIA RTX 5044-1191,3251,3913,,,340,
GPU,NVIDIA RTX 5822-1192,1217,1301,,,140,
GPU,AMD Radeon RX 7839-1193,7447,8535,,,220,
GPU,NVIDIA RTX 7331-1194,7206,8081,,,360,
GPU,AMD Radeon RX 5083-1195,6145,7852,,,360,
GPU,NVIDIA RTX 8650-1196,4722,6065,,,300,
GPU,NVIDIA RTX 3363-1197,6752,5757,,,340,
GPU,AMD Radeon RX 4286-1198,4482,4104,,,380,
GPU,NVIDIA RTX 3841-1199,7413,7590,,,360,
GPU,AMD Radeon RX 3368-1200,7752,7152,,,140,
GPU,AMD Radeon RX 8318-1201,4890,5658,,,220,
GPU,NVIDIA RTX 8465-1202,3349,2954,,,100,
GPU,AMD Radeon RX 7739-1203,5172,6028,,,100,
GPU,NVIDIA RTX 6752-1204,1202,1525,,,400,
GPU,NVIDIA RTX 6451-1205,3769,3559,,,280,
GPU,AMD Radeon RX 6413-1206,7358,6847,,,360,
GPU,AMD Radeon RX 3034-1207,1495,1426,,,300,
GPU,NVIDIA RTX 3009-1208,1504,1817,,,360,
GPU,NVIDIA RTX 5190-1209,1371,1631,,,180,
GPU,AMD Radeon RX 5189-1210,5185,4874,,,440,
GPU,AMD Radeon RX 7075-1211,1138,1182,,,380,
GPU,AMD Radeon RX 8571-1212,4736,4541,,,100,
GPU,AMD Radeon RX 8468-1213,4911,5485,,,240,
GPU,NVIDIA RTX 3660-1214,7837,7392,,,120,
GPU,AMD Radeon RX 3222-1215,7192,8242,,,120,
GPU,NVIDIA RTX 7294-1216,2345,2237,,,260,
GPU,AMD Radeon RX 3248-1217,1637,1358,,,100,
GPU,AMD Radeon RX 4485-1218,5092,4153,,,320,
GPU,NVIDIA RTX 5336-1219,5649,6773,,,280,
GPU,AMD Radeon RX 7708-1220,6010,7370,,,180,
GPU,AMD Radeon RX 4891-1221,5386,5559,,,200,
GPU,NVIDIA RTX 8060-1222,2320,1883,,,120,
GPU,NVIDIA RTX 5527-1223,2141,2149,,,360,
GPU,NVIDIA RTX 7314-1224,3995,4360,,,300,
GPU,NVIDIA RTX 5147-1225,6008,5109,,,120,
GPU,AMD Radeon RX 5220-1226,6446,5177,,,440,
GPU,AMD Radeon RX 7828-1227,7326,6266,,,340,
GPU,NVIDIA RTX 8122-1228,6897,6325,,,440,
GPU,AMD Radeon RX 5609-1229,6356,7667,,,320,
GPU,NVIDIA RTX 3197-1230,5690,5887,,,180,
GPU,AMD Radeon RX 6516-1231,3519,4026,,,400,
GPU,AMD Radeon RX 3904-1232,6284,5460,,,320,
GPU,AMD Radeon RX 3143-1233,3317,2960,,,140,
GPU,NVIDIA RTX 3054-1234,5566,5317,,,440,
GPU,NVIDIA RTX 8629-1235,6161,7385,,,120,
GPU,AMD Radeon RX 3762-1236,7871,7500,,,420,
GPU,NVIDIA RTX 8498-1237,2440,2389,,,100,
GPU,AMD Radeon RX 8426-1238,5808,5817,,,100,
GPU,AMD Radeon RX 4340-1239,1662,1990,,,300,
GPU,AMD Radeon RX 6109-1240,5774,7300,,,360,
GPU,NVIDIA RTX 3479-1241,3626,4229,,,360,
GPU,AMD Radeon RX 7803-1242,2233,2137,,,220,
GPU,AMD Radeon RX 8674-1243,4056,3952,,,240,
GPU,NVIDIA RTX 7984-1244,3612,2914,,,260,
GPU,AMD Radeon RX 6788-1245,5806,6165,,,160,
GPU,AMD Radeon RX 3819-1246,5388,4918,,,120,
GPU,AMD Radeon RX 7812-1247,7150,8496,,,280,
GPU,NVIDIA RTX 5544-1248,6725,6952,,,200,
GPU,AMD Radeon RX 8831-1249,1345,1221,,,380,
GPU,AMD Radeon RX 4941-1250,5321,6669,,,440,
GPU,NVIDIA RTX 6128-1251,3620,3175,,,180,
GPU,NVIDIA RTX 5499-1252,7602,6389,,,220,
GPU,AMD Radeon RX 6675-1253,1852,1786,,,380,
GPU,NVIDIA RTX 4801-1254,2218,2818,,,420,
GPU,NVIDIA RTX 3482-1255,1491,1475,,,340,
GPU,NVIDIA RTX 7647-1256,4305,4991,,,100,
GPU,AMD Radeon RX 6944-1257,2605,3132,,,400,
GPU,AMD Radeon RX 4782-1258,7585,7308,,,200,
GPU,NVIDIA RTX 3791-1259,6536,5701,,,220,
GPU,AMD Radeon RX 6215-1260,6441,7265,,,220,
GPU,AMD Radeon RX 8437-1261,3302,3684,,,100,
GPU,NVIDIA RTX 6832-1262,5501,6155,,,280,
GPU,AMD Radeon RX 7743-1263,3152,2692,,,440,
GPU,AMD Radeon RX 8384-1264,2024,1698,,,240,
GPU,AMD Radeon RX 6878-1265,5529,4950,,,280,
GPU,AMD Radeon RX 4726-1266,3479,3289,,,380,
GPU,AMD Radeon RX 7498-1267,2684,2725,,,420,
GPU,NVIDIA RTX 5861-1268,3254,4075,,,440,
GPU,AMD Radeon RX 4399-1269,2995,3237,,,280,
GPU,AMD Radeon RX 7431-1270,1150,1117,,,400,
GPU,NVIDIA RTX 3587-1271,1245,1146,,,400,
GPU,NVIDIA RTX 4988-1272,2918,3271,,,280,
GPU,AMD Radeon RX 3925-1273,1247,1185,,,180,
GPU,NVIDIA RTX 8309-1274,3421,2885,,,240,
GPU,NVIDIA RTX 6666-1275,3635,4046,,,240,
GPU,NVIDIA RTX 4714-1276,3454,3070,,,160,
GPU,NVIDIA RTX 7108-1277,6894,7730,,,160,
GPU,NVIDIA RTX 7705-1278,5584,6256,,,420,
GPU,NVIDIA RTX 3334-1279,7892,8493,,,140,
GPU,NVIDIA RTX 3593-1280,3586,4107,,,180,
GPU,NVIDIA RTX 7811-1281,6830,6917,,,340,
GPU,NVIDIA RTX 5213-1282,1063,869,,,140,
GPU,AMD Radeon RX 6526-1283,6823,8776,,,300,
GPU,NVIDIA RTX 3383-1284,5680,7164,,,380,
GPU,NVIDIA RTX 8276-1285,7935,6858,,,280,
GPU,NVIDIA RTX 6069-1286,1663,1516,,,320,
GPU,AMD Radeon RX 4127-1287,1252,1108,,,340,
GPU,NVIDIA RTX 4231-1288,4850,4855,,,200,
GPU,NVIDIA RTX 7886-1289,7387,8310,,,120,
GPU,AMD Radeon RX 4928-1290,3111,2646,,,440,
GPU,AMD Radeon RX 5397-1291,2459,2041,,,440,
GPU,AMD Radeon RX 4700-1292,3681,3758,,,160,
GPU,AMD Radeon RX 4388-1293,6932,7472,,,280,
GPU,AMD Radeon RX 4247-1294,6584,5508,,,320,
GPU,AMD Radeon RX 3389-1295,7802,9803,,,380,
GPU,AMD Radeon RX 5231-1296,5031,6466,,,240,
GPU,NVIDIA RTX 8778-1297,3187,3064,,,340,
GPU,NVIDIA RTX 5218-1298,4548,5746,,,420,
GPU,NVIDIA RTX 3687-1299,2441,2295,,,280,
GPU,AMD Radeon RX 8095-1300,7523,6960,,,100,
GPU,AMD Radeon RX 6210-1301,1141,1232,,,160,
GPU,NVIDIA RTX 5073-1302,5435,7043,,,220,
GPU,AMD Radeon RX 4918-1303,6707,8034,,,140,
GPU,NVIDIA RTX 7789-1304,5020,5990,,,340,
GPU,AMD Radeon RX 7981-1305,7975,6735,,,200,
GPU,AMD Radeon RX 6311-1306,7928,7352,,,380,
GPU,AMD Radeon RX 7317-1307,5962,5484,,,120,
GPU,NVIDIA RTX 4804-1308,2059,1970,,,160,
GPU,NVIDIA RTX 4873-1309,6052,7256,,,100,
GPU,AMD Radeon RX 8432-1310,5565,6060,,,440,
GPU,AMD Radeon RX 8086-1311,3690,4071,,,120,
GPU,AMD Radeon RX 6666-1312,1217,1344,,,220,
GPU,AMD Radeon RX 4623-1313,2138,2347,,,280,
GPU,NVIDIA RTX 3204-1314,7761,7106,,,420,
GPU,NVIDIA RTX 8858-1315,4180,4713,,,400,
GPU,NVIDIA RTX 4340-1316,7065,8604,,,200,
GPU,AMD Radeon RX 4107-1317,7474,6912,,,260,
GPU,NVIDIA RTX 7841-1318,4785,5074,,,280,
GPU,NVIDIA RTX 7151-1319,4022,3545,,,240,
GPU,AMD Radeon RX 6475-1320,7049,9041,,,300,
GPU,NVIDIA RTX 4231-1321,7691,7339,,,100,
GPU,AMD Radeon RX 6886-1322,3316,2730,,,260,
GPU,NVIDIA RTX 3522-1323,2863,3073,,,120,
GPU,AMD Radeon RX 3161-1324,1403,1498,,,220,
GPU,AMD Radeon RX 5246-1325,3346,3266,,,380,
GPU,AMD Radeon RX 6147-1326,6601,7385,,,280,
GPU,AMD Radeon RX 6379-1327,1239,1538,,,420,
GPU,AMD Radeon RX 5835-1328,5207,5170,,,140,
GPU,AMD Radeon RX 8617-1329,5571,6122,,,360,
GPU,AMD Radeon RX 3460-1330,2046,2613,,,260,
GPU,AMD Radeon RX 3648-1331,3871,4884,,,220,
GPU,AMD Radeon RX 5644-1332,6202,7015,,,180,
GPU,AMD Radeon RX 5243-1333,7747,6483,,,140,
GPU,AMD Radeon RX 4160-1334,2646,3230,,,160,
GPU,NVIDIA RTX 6251-1335,2802,2473,,,120,
GPU,AMD Radeon RX 7641-1336,7892,7939,,,300,
GPU,AMD Radeon RX 8326-1337,1161,1010,,,300,
GPU,NVIDIA RTX 6403-1338,7610,7879,,,280,
GPU,NVIDIA RTX 6422-1339,3980,4878,,,140,
GPU,AMD Radeon RX 8248-1340,5567,5601,,,360,
GPU,AMD Radeon RX 6362-1341,7021,6973,,,360,
GPU,NVIDIA RTX 8162-1342,7961,9747,,,400,
GPU,AMD Radeon RX 5794-1343,5871,5092,,,140,
GPU,NVIDIA RTX 3291-1344,6386,8130,,,200,
GPU,NVIDIA RTX 8598-1345,3598,3937,,,400,
GPU,NVIDIA RTX 5749-1346,1232,1214,,,400,
GPU,AMD Radeon RX 4039-1347,5861,4754,,,100,
GPU,NVIDIA RTX 8578-1348,6647,6689,,,280,
GPU,AMD Radeon RX 4564-1349,1174,1175,,,400,
GPU,AMD Radeon RX 7348-1350,1766,1932,,,360,
GPU,NVIDIA RTX 7493-1351,5729,6346,,,380,
GPU,NVIDIA RTX 5002-1352,6875,7283,,,240,
GPU,NVIDIA RTX 5247-1353,6417,6979,,,380,
GPU,NVIDIA RTX 7271-1354,4172,3968,,,120,
GPU,NVIDIA RTX 6765-1355,4661,5158,,,180,
GPU,AMD Radeon RX 7470-1356,1640,1910,,,360,
GPU,AMD Radeon RX 4896-1357,5202,4603,,,400,
GPU,AMD Radeon RX 4919-1358,3600,3373,,,100,
GPU,AMD Radeon RX 3625-1359,4577,4902,,,320,
GPU,AMD Radeon RX 8319-1360,4234,3473,,,220,
GPU,AMD Radeon RX 5740-1361,6130,5788,,,440,
GPU,NVIDIA RTX 6085-1362,993,1055,,,200,
GPU,AMD Radeon RX 7930-1363,7247,6677,,,280,
GPU,NVIDIA RTX 4845-1364,3495,3696,,,280,
GPU,AMD Radeon RX 6878-1365,2570,2160,,,180,
GPU,NVIDIA RTX 6213-1366,1369,1414,,,360,
GPU,AMD Radeon RX 3718-1367,2073,1839,,,180,
GPU,NVIDIA RTX 8805-1368,6006,7274,,,200,
GPU,NVIDIA RTX 3989-1369,6326,5987,,,120,
GPU,NVIDIA RTX 7163-1370,6583,7326,,,420,
GPU,AMD Radeon RX 3086-1371,7869,7743,,,260,
GPU,NVIDIA RTX 3893-1372,7947,8193,,,200,
GPU,NVIDIA RTX 4481-1373,3990,4662,,,260,
GPU,NVIDIA RTX 6840-1374,1288,1256,,,120,
GPU,NVIDIA RTX 7560-1375,4080,4199,,,340,
GPU,NVIDIA RTX 6618-1376,917,977,,,260,
GPU,NVIDIA RTX 4556-1377,5957,4848,,,320,
GPU,AMD Radeon RX 7404-1378,5638,5871,,,260,
GPU,NVIDIA RTX 6483-1379,3181,3716,,,280,
GPU,AMD Radeon RX 8989-1380,4473,4723,,,260,
GPU,NVIDIA RTX 7974-1381,5366,4447,,,120,
GPU,NVIDIA RTX 6496-1382,1135,1184,,,240,
GPU,AMD Radeon RX 8754-1383,2191,2273,,,160,
GPU,NVIDIA RTX 6044-1384,3956,3349,,,420,
GPU,NVIDIA RTX 3981-1385,2163,2763,,,120,
GPU,NVIDIA RTX 6478-1386,7084,7594,,,240,
GPU,NVIDIA RTX 7749-1387,1310,1689,,,240,
GPU,AMD Radeon RX 8883-1388,7842,9924,,,140,
GPU,NVIDIA RTX 8126-1389,3035,3457,,,340,
GPU,AMD Radeon RX 7784-1390,7452,7978,,,400,
GPU,AMD Radeon RX 7517-1391,7221,6816,,,100,
GPU,AMD Radeon RX 7055-1392,7084,7736,,,340,
GPU,AMD Radeon RX 7411-1393,1615,1516,,,340,
GPU,AMD Radeon RX 8794-1394,2108,2577,,,420,
GPU,NVIDIA RTX 7926-1395,5398,4581,,,360,
GPU,AMD Radeon RX 8125-1396,5992,5495,,,320,
GPU,AMD Radeon RX 7474-1397,6454,5873,,,200,
GPU,NVIDIA RTX 4650-1398,5670,6664,,,380,
GPU,NVIDIA RTX 6846-1399,5829,5317,,,400,
GPU,AMD Radeon RX 3002-1400,7893,8523,,,340,
GPU,AMD Radeon RX 6554-1401,6856,7834,,,120,
GPU,NVIDIA RTX 3914-1402,2025,2292,,,440,
GPU,AMD Radeon RX 8303-1403,4237,4077,,,220,
GPU,AMD Radeon RX 6032-1404,3975,3761,,,320,
GPU,AMD Radeon RX 7106-1405,4963,5647,,,360,
GPU,AMD Radeon RX 8839-1406,2181,2201,,,360,
GPU,NVIDIA RTX 4173-1407,1161,1361,,,340,
GPU,NVIDIA RTX 7539-1408,3864,4618,,,240,
GPU,NVIDIA RTX 6770-1409,6199,6287,,,220,
GPU,NVIDIA RTX 7317-1410,6106,6444,,,380,
GPU,NVIDIA RTX 5902-1411,7353,8317,,,400,
GPU,AMD Radeon RX 7171-1412,6162,7343,,,320,
GPU,NVIDIA RTX 6082-1413,4998,5597,,,140,
GPU,NVIDIA RTX 3818-1414,7795,8219,,,100,
GPU,NVIDIA RTX 3263-1415,7336,6659,,,280,
GPU,AMD Radeon RX 3210-1416,3882,3844,,,340,
GPU,AMD Radeon RX 7139-1417,3354,2896,,,420,
GPU,AMD Radeon RX 4842-1418,3944,3654,,,100,
GPU,NVIDIA RTX 3747-1419,1717,2206,,,280,
GPU,AMD Radeon RX 8451-1420,946,1121,,,120,
GPU,NVIDIA RTX 6597-1421,3453,3524,,,420,
GPU,AMD Radeon RX 7754-1422,6902,7167,,,420,
GPU,NVIDIA RTX 7002-1423,4296,3667,,,280,
GPU,AMD Radeon RX 5717-1424,6640,8372,,,140,
GPU,NVIDIA RTX 5397-1425,7642,9798,,,320,
GPU,NVIDIA RTX 5014-1426,2199,1860,,,280,
GPU,AMD Radeon RX 3700-1427,5691,5047,,,100,
GPU,AMD Radeon RX 8853-1428,6163,7249,,,220,
GPU,NVIDIA RTX 7148-1429,5246,4704,,,200,
GPU,AMD Radeon RX 6298-1430,2902,3442,,,140,
GPU,AMD Radeon RX 6741-1431,3049,3164,,,380,
GPU,NVIDIA RTX 5473-1432,3942,3571,,,340,
GPU,NVIDIA RTX 5719-1433,1221,1216,,,440,
GPU,AMD Radeon RX 8923-1434,6858,7689,,,180,
GPU,NVIDIA RTX 8200-1435,3903,3750,,,220,
GPU,AMD Radeon RX 4816-1436,4693,5325,,,260,
GPU,AMD Radeon RX 7466-1437,1042,960,,,240,
GPU,AMD Radeon RX 5345-1438,6911,5847,,,300,
GPU,NVIDIA RTX 5604-1439,2129,2031,,,440,
GPU,NVIDIA RTX 5081-1440,3448,3056,,,120,
GPU,AMD Radeon RX 4527-1441,6251,6113,,,200,
GPU,AMD Radeon RX 8798-1442,1663,1733,,,420,
GPU,AMD Radeon RX 5252-1443,3462,4121,,,160,
GPU,NVIDIA RTX 4230-1444,1863,2270,,,220,
GPU,NVIDIA RTX 7033-1445,6487,5286,,,260,
GPU,AMD Radeon RX 3233-1446,6356,5151,,,120,
GPU,AMD Radeon RX 5649-1447,5582,4879,,,260,
GPU,AMD Radeon RX 5442-1448,3348,3984,,,380,
GPU,NVIDIA RTX 7094-1449,2994,3379,,,380,
GPU,NVIDIA RTX 5628-1450,5807,6370,,,140,
GPU,NVIDIA RTX 3547-1451,5659,5594,,,240,
GPU,AMD Radeon RX 7172-1452,1330,1170,,,340,
GPU,NVIDIA RTX 8131-1453,1747,2233,,,320,
GPU,NVIDIA RTX 5858-1454,803,786,,,100,
GPU,AMD Radeon RX 8134-1455,6743,7058,,,140,
GPU,AMD Radeon RX 8977-1456,4945,4893,,,140,
GPU,NVIDIA RTX 3208-1457,7779,8117,,,240,
GPU,NVIDIA RTX 8133-1458,7172,7073,,,180,
GPU,NVIDIA RTX 4271-1459,6877,8166,,,420,
GPU,NVIDIA RTX 7013-1460,2944,2535,,,300,
GPU,AMD Radeon RX 3828-1461,5706,5075,,,260,
GPU,AMD Radeon RX 3480-1462,5812,6272,,,200,
GPU,NVIDIA RTX 3354-1463,3987,4751,,,260,
GPU,NVIDIA RTX 4039-1464,4652,4716,,,360,
GPU,AMD Radeon RX 7387-1465,7270,7820,,,420,
GPU,NVIDIA RTX 4269-1466,1673,1409,,,360,
GPU,NVIDIA RTX 7166-1467,5925,6534,,,200,
GPU,AMD Radeon RX 7684-1468,3133,3732,,,180,
GPU,AMD Radeon RX 8725-1469,5614,5157,,,400,
GPU,AMD Radeon RX 4487-1470,2087,2448,,,220,
GPU,NVIDIA RTX 7434-1471,3019,3426,,,220,
GPU,AMD Radeon RX 4879-1472,7436,7375,,,400,
GPU,AMD Radeon RX 3389-1473,2446,3145,,,320,
GPU,NVIDIA RTX 3402-1474,6723,7097,,,240,
GPU,NVIDIA RTX 5390-1475,1182,1527,,,180,
GPU,NVIDIA RTX 4833-1476,1043,969,,,160,
GPU,NVIDIA RTX 3983-1477,7483,7181,,,180,
GPU,NVIDIA RTX 4520-1478,2013,1970,,,220,
GPU,NVIDIA RTX 7520-1479,5584,6317,,,360,
GPU,NVIDIA RTX 6803-1480,6065,7594,,,420,
GPU,NVIDIA RTX 7613-1481,1893,1531,,,220,
GPU,NVIDIA RTX 8893-1482,4320,4871,,,380,
GPU,NVIDIA RTX 6613-1483,7408,8719,,,220,
GPU,AMD Radeon RX 4152-1484,2866,3507,,,220,
GPU,AMD Radeon RX 3746-1485,3859,4599,,,280,
GPU,NVIDIA RTX 8050-1486,1200,1376,,,200,
GPU,NVIDIA RTX 3268-1487,4125,4309,,,120,
GPU,AMD Radeon RX 8147-1488,5166,5124,,,200,
GPU,AMD Radeon RX 7430-1489,4982,4993,,,140,
GPU,NVIDIA RTX 5206-1490,6511,7580,,,180,
GPU,AMD Radeon RX 3655-1491,4988,5409,,,220,
GPU,NVIDIA RTX 7353-1492,4819,5342,,,440,
GPU,NVIDIA RTX 7432-1493,1677,2082,,,260,
GPU,NVIDIA RTX 8431-1494,7834,6528,,,300,
GPU,AMD Radeon RX 4090-1495,1822,2050,,,280,
GPU,AMD Radeon RX 7213-1496,7555,7603,,,240,
GPU,AMD Radeon RX 5324-1497,6084,7831,,,360,
GPU,AMD Radeon RX 3681-1498,5809,4939,,,200,
GPU,NVIDIA RTX 6273-1499,7283,7109,,,120,
Power Supply,Endorfy 700W 80+ Gold-0,592,587,,,,700
Power Supply,Seasonic 650W 80+ Gold-1,587,626,,,,650
Power Supply,Seasonic 500W 80+ Gold-2,296,279,,,,500
Power Supply,Corsair 700W 80+ Gold-3,429,400,,,,700
Power Supply,Endorfy 500W 80+ Gold-4,516,531,,,,500
Power Supply,be quiet! 650W 80+ Gold-5,354,344,,,,650
Power Supply,Corsair 850W 80+ Gold-6,590,562,,,,850
Power Supply,be quiet! 400W 80+ Gold-7,232,234,,,,400
Power Supply,Corsair 1000W 80+ Gold-8,994,1004,,,,1000
Power Supply,be quiet! 1000W 80+ Gold-9,963,892,,,,1000
Power Supply,Seasonic 500W 80+ Gold-10,424,448,,,,500
Power Supply,be quiet! 750W 80+ Gold-11,893,937,,,,750
Power Supply,Seasonic 900W 80+ Gold-12,565,510,,,,900
Power Supply,be quiet! 1000W 80+ Gold-13,590,537,,,,1000
Power Supply,be quiet! 500W 80+ Gold-14,456,447,,,,500
Power Supply,Seasonic 1050W 80+ Gold-15,937,970,,,,1050
Power Supply,Corsair 1100W 80+ Gold-16,1175,1217,,,,1100
Power Supply,Corsair 300W 80+ Gold-17,285,283,,,,300
Power Supply,Seasonic 1150W 80+ Gold-18,1340,1248,,,,1150
Power Supply,be quiet! 1100W 80+ Gold-19,1164,1090,,,,1100
Power Supply,Corsair 550W 80+ Gold-20,359,329,,,,550
Power Supply,Seasonic 1200W 80+ Gold-21,608,618,,,,1200
Power Supply,Endorfy 1000W 80+ Gold-22,851,888,,,,1000
Power Supply,Corsair 1050W 80+ Gold-23,1242,1252,,,,1050
Power Supply,be quiet! 300W 80+ Gold-24,252,272,,,,300
Power Supply,Endorfy 1150W 80+ Gold-25,936,962,,,,1150
Power Supply,Seasonic 400W 80+ Gold-26,319,303,,,,400
Power Supply,be quiet! 750W 80+ Gold-27,400,432,,,,750
Power Supply,Corsair 350W 80+ Gold-28,266,266,,,,350
Power Supply,Seasonic 700W 80+ Gold-29,359,329,,,,700
Power Supply,Seasonic 450W 80+ Gold-30,359,348,,,,450
Power Supply,be quiet! 300W 80+ Gold-31,247,265,,,,300
Power Supply,Seasonic 1150W 80+ Gold-32,830,860,,,,1150
Power Supply,Corsair 650W 80+ Gold-33,656,713,,,,650
Power Supply,Endorfy 700W 80+ Gold-34,484,497,,,,700
Power Supply,be quiet! 500W 80+ Gold-35,493,495,,,,500
Power Supply,be quiet! 750W 80+ Gold-36,580,549,,,,750
Power Supply,Endorfy 450W 80+ Gold-37,325,307,,,,450
Power Supply,Seasonic 900W 80+ Gold-38,680,685,,,,900
Power Supply,Corsair 600W 80+ Gold-39,570,625,,,,600
Power Supply,be quiet! 1100W 80+ Gold-40,750,680,,,,1100
Power Supply,Corsair 1150W 80+ Gold-41,800,726,,,,1150
Power Supply,Corsair 1200W 80+ Gold-42,1054,1079,,,,1200
Power Supply,Seasonic 550W 80+ Gold-43,532,497,,,,550
Power Supply,be quiet! 1050W 80+ Gold-44,1114,1222,,,,1050
Power Supply,Seasonic 550W 80+ Gold-45,567,612,,,,550
Power Supply,be quiet! 400W 80+ Gold-46,373,384,,,,400
Power Supply,Seasonic 300W 80+ Gold-47,301,319,,,,300
Power Supply,Seasonic 1200W 80+ Gold-48,1379,1314,,,,1200
Power Supply,Seasonic 800W 80+ Gold-49,671,700,,,,800
Power Supply,Seasonic 1000W 80+ Gold-50,1037,1033,,,,1000
Power Supply,Corsair 950W 80+ Gold-51,864,927,,,,950
Power Supply,Endorfy 500W 80+ Gold-52,292,310,,,,500
Power Supply,Corsair 300W 80+ Gold-53,329,340,,,,300
Power Supply,Seasonic 900W 80+ Gold-54,862,798,,,,900
Power Supply,Endorfy 750W 80+ Gold-55,389,371,,,,750
Power Supply,Seasonic 700W 80+ Gold-56,706,727,,,,700
Power Supply,Seasonic 450W 80+ Gold-57,251,232,,,,450
Power Supply,Endorfy 1200W 80+ Gold-58,628,575,,,,1200
Power Supply,Endorfy 300W 80+ Gold-59,303,326,,,,300
Power Supply,be quiet! 350W 80+ Gold-60,217,217,,,,350
Power Supply,be quiet! 550W 80+ Gold-61,315,307,,,,550
Power Supply,Seasonic 900W 80+ Gold-62,701,727,,,,900
Power Supply,Seasonic 800W 80+ Gold-63,674,731,,,,800
Power Supply,be quiet! 800W 80+ Gold-64,406,368,,,,800
Power Supply,be quiet! 800W 80+ Gold-65,766,716,,,,800
Power Supply,Endorfy 650W 80+ Gold-66,762,726,,,,650
Power Supply,Seasonic 650W 80+ Gold-67,506,536,,,,650
Power Supply,Corsair 400W 80+ Gold-68,247,238,,,,400
Power Supply,Endorfy 1150W 80+ Gold-69,676,681,,,,1150
Power Supply,Endorfy 600W 80+ Gold-70,334,322,,,,600
Power Supply,be quiet! 600W 80+ Gold-71,702,642,,,,600
Power Supply,Endorfy 1100W 80+ Gold-72,716,785,,,,1100
Power Supply,Endorfy 750W 80+ Gold-73,597,539,,,,750
Power Supply,Corsair 750W 80+ Gold-74,895,931,,,,750
Power Supply,Endorfy 400W 80+ Gold-75,312,301,,,,400
Power Supply,be quiet! 500W 80+ Gold-76,469,499,,,,500
Power Supply,Seasonic 800W 80+ Gold-77,886,872,,,,800
Power Supply,Seasonic 400W 80+ Gold-78,419,460,,,,400
Power Supply,Corsair 750W 80+ Gold-79,499,489,,,,750
Power Supply,Endorfy 300W 80+ Gold-80,171,165,,,,300
Power Supply,Corsair 350W 80+ Gold-81,176,159,,,,350
Power Supply,Seasonic 900W 80+ Gold-82,682,628,,,,900
Power Supply,be quiet! 500W 80+ Gold-83,439,471,,,,500
Power Supply,Endorfy 550W 80+ Gold-84,478,507,,,,550
Power Supply,Corsair 600W 80+ Gold-85,636,676,,,,600
Power Supply,be quiet! 350W 80+ Gold-86,257,260,,,,350
Power Supply,be quiet! 300W 80+ Gold-87,203,193,,,,300
Power Supply,Corsair 700W 80+ Gold-88,385,358,,,,700
Power Supply,Seasonic 1000W 80+ Gold-89,606,547,,,,1000
Power Supply,be quiet! 950W 80+ Gold-90,684,716,,,,950
Power Supply,Seasonic 600W 80+ Gold-91,327,336,,,,600
Power Supply,Seasonic 750W 80+ Gold-92,593,545,,,,750
Power Supply,be quiet! 550W 80+ Gold-93,549,550,,,,550
Power Supply,Seasonic 850W 80+ Gold-94,541,511,,,,850
Power Supply,Endorfy 600W 80+ Gold-95,422,460,,,,600
Power Supply,Seasonic 850W 80+ Gold-96,915,935,,,,850
Power Supply,be quiet! 450W 80+ Gold-97,447,478,,,,450
Power Supply,be quiet! 950W 80+ Gold-98,943,872,,,,950
Power Supply,Seasonic 550W 80+ Gold-99,630,664,,,,550
Power Supply,Endorfy 1100W 80+ Gold-100,1024,1049,,,,1100
Power Supply,Corsair 600W 80+ Gold-101,401,371,,,,600
Power Supply,be quiet! 800W 80+ Gold-102,547,577,,,,800
Power Supply,be quiet! 1050W 80+ Gold-103,1257,1206,,,,1050
Power Supply,Corsair 550W 80+ Gold-104,300,315,,,,550
Power Supply,be quiet! 450W 80+ Gold-105,422,463,,,,450
Power Supply,Endorfy 400W 80+ Gold-106,252,249,,,,400
Power Supply,Corsair 1100W 80+ Gold-107,804,753,,,,1100
Power Supply,Corsair 1100W 80+ Gold-108,1006,994,,,,1100
Power Supply,Seasonic 650W 80+ Gold-109,683,652,,,,650
Power Supply,Endorfy 350W 80+ Gold-110,182,173,,,,350
Power Supply,Endorfy 450W 80+ Gold-111,244,256,,,,450
Power Supply,be quiet! 950W 80+ Gold-112,619,591,,,,950
Power Supply,Endorfy 400W 80+ Gold-113,397,398,,,,400
Power Supply,Seasonic 1000W 80+ Gold-114,1020,1037,,,,1000
Power Supply,Corsair 850W 80+ Gold-115,506,482,,,,850
Power Supply,be quiet! 850W 80+ Gold-116,484,441,,,,850
Power Supply,be quiet! 700W 80+ Gold-117,719,753,,,,700
Power Supply,Seasonic 700W 80+ Gold-118,718,729,,,,700
Power Supply,Endorfy 550W 80+ Gold-119,531,517,,,,550
Power Supply,Endorfy 950W 80+ Gold-120,814,849,,,,950
Power Supply,Seasonic 1100W 80+ Gold-121,1225,1345,,,,1100
Power Supply,Endorfy 500W 80+ Gold-122,302,272,,,,500
Power Supply,Endorfy 1100W 80+ Gold-123,865,915,,,,1100
Power Supply,be quiet! 500W 80+ Gold-124,491,533,,,,500
Power Supply,Corsair 550W 80+ Gold-125,509,478,,,,550
Power Supply,Seasonic 1100W 80+ Gold-126,678,647,,,,1100
Power Supply,Seasonic 400W 80+ Gold-127,423,417,,,,400
Power Supply,Seasonic 1100W 80+ Gold-128,874,943,,,,1100
Power Supply,be quiet! 1000W 80+ Gold-129,1003,928,,,,1000
Power Supply,be quiet! 600W 80+ Gold-130,702,698,,,,600
Power Supply,Corsair 300W 80+ Gold-131,296,268,,,,300
Power Supply,be quiet! 1150W 80+ Gold-132,614,672,,,,1150
Power Supply,be quiet! 1200W 80+ Gold-133,882,881,,,,1200
Power Supply,Corsair 500W 80+ Gold-134,487,464,,,,500
Power Supply,Corsair 550W 80+ Gold-135,625,609,,,,550
Power Supply,Seasonic 900W 80+ Gold-136,888,840,,,,900
Power Supply,be quiet! 900W 80+ Gold-137,485,511,,,,900
Power Supply,Corsair 950W 80+ Gold-138,1101,1184,,,,950
Power Supply,Corsair 650W 80+ Gold-139,513,522,,,,650
Power Supply,Seasonic 550W 80+ Gold-140,373,365,,,,550
Power Supply,Seasonic 600W 80+ Gold-141,421,386,,,,600
Power Supply,Seasonic 750W 80+ Gold-142,827,860,,,,750
Power Supply,be quiet! 500W 80+ Gold-143,347,359,,,,500
Power Supply,Corsair 900W 80+ Gold-144,654,710,,,,900
Power Supply,Endorfy 500W 80+ Gold-145,565,528,,,,500
Power Supply,Corsair 550W 80+ Gold-146,517,541,,,,550
Power Supply,be quiet! 550W 80+ Gold-147,489,523,,,,550
Power Supply,Corsair 800W 80+ Gold-148,666,669,,,,800
Power Supply,Corsair 950W 80+ Gold-149,1126,1029,,,,950
Power Supply,Corsair 1100W 80+ Gold-150,1161,1140,,,,1100
Power Supply,Endorfy 1050W 80+ Gold-151,1156,1181,,,,1050
Power Supply,Corsair 1000W 80+ Gold-152,624,673,,,,1000
Power Supply,Endorfy 850W 80+ Gold-153,830,778,,,,850
Power Supply,be quiet! 1200W 80+ Gold-154,799,836,,,,1200
Power Supply,Seasonic 450W 80+ Gold-155,374,347,,,,450
Power Supply,Corsair 350W 80+ Gold-156,314,343,,,,350
Power Supply,be quiet! 600W 80+ Gold-157,662,671,,,,600
Power Supply,Corsair 900W 80+ Gold-158,647,654,,,,900
Power Supply,Seasonic 1050W 80+ Gold-159,1212,1288,,,,1050
Power Supply,be quiet! 1050W 80+ Gold-160,844,813,,,,1050
Power Supply,Endorfy 550W 80+ Gold-161,297,268,,,,550
Power Supply,Corsair 1200W 80+ Gold-162,723,679,,,,1200
Power Supply,be quiet! 1150W 80+ Gold-163,933,960,,,,1150
Power Supply,Endorfy 350W 80+ Gold-164,330,304,,,,350
Power Supply,Seasonic 1050W 80+ Gold-165,1196,1266,,,,1050
Power Supply,Seasonic 1150W 80+ Gold-166,813,757,,,,1150
Power Supply,Corsair 650W 80+ Gold-167,607,626,,,,650
Power Supply,Corsair 750W 80+ Gold-168,791,768,,,,750
Power Supply,Corsair 550W 80+ Gold-169,386,415,,,,550
Power Supply,be quiet! 350W 80+ Gold-170,308,312,,,,350
Power Supply,Corsair 850W 80+ Gold-171,937,919,,,,850
Power Supply,be quiet! 500W 80+ Gold-172,487,532,,,,500
Power Supply,Corsair 950W 80+ Gold-173,1080,1022,,,,950
Power Supply,Endorfy 650W 80+ Gold-174,662,673,,,,650
Power Supply,Endorfy 1100W 80+ Gold-175,1040,1047,,,,1100
Power Supply,Endorfy 400W 80+ Gold-176,407,429,,,,400
Power Supply,Corsair 650W 80+ Gold-177,592,642,,,,650
Power Supply,be quiet! 550W 80+ Gold-178,642,613,,,,550
Power Supply,Corsair 1050W 80+ Gold-179,1098,1031,,,,1050
Power Supply,Seasonic 800W 80+ Gold-180,901,933,,,,800
Power Supply,Endorfy 750W 80+ Gold-181,550,575,,,,750
Power Supply,Endorfy 1100W 80+ Gold-182,1045,1124,,,,1100
Power Supply,be quiet! 1050W 80+ Gold-183,953,1005,,,,1050
Power Supply,Corsair 900W 80+ Gold-184,988,955,,,,900
Power Supply,be quiet! 900W 80+ Gold-185,774,726,,,,900
Power Supply,Seasonic 450W 80+ Gold-186,478,504,,,,450
Power Supply,be quiet! 850W 80+ Gold-187,763,777,,,,850
Power Supply,Endorfy 450W 80+ Gold-188,346,316,,,,450
Power Supply,be quiet! 950W 80+ Gold-189,806,759,,,,950
Power Supply,Seasonic 1200W 80+ Gold-190,1026,1047,,,,1200
Power Supply,be quiet! 650W 80+ Gold-191,341,364,,,,650
Power Supply,be quiet! 450W 80+ Gold-192,331,323,,,,450
Power Supply,be quiet! 500W 80+ Gold-193,403,364,,,,500
Power Supply,be quiet! 1000W 80+ Gold-194,1172,1168,,,,1000
Power Supply,Endorfy 450W 80+ Gold-195,524,474,,,,450
Power Supply,Endorfy 450W 80+ Gold-196,476,429,,,,450
Power Supply,Endorfy 700W 80+ Gold-197,433,467,,,,700
Power Supply,Endorfy 400W 80+ Gold-198,433,426,,,,400
Power Supply,be quiet! 1200W 80+ Gold-199,680,728,,,,1200
Power Supply,be quiet! 550W 80+ Gold-200,332,309,,,,550
Power Supply,Endorfy 550W 80+ Gold-201,540,487,,,,550
Power Supply,be quiet! 950W 80+ Gold-202,1020,1043,,,,950
Power Supply,be quiet! 900W 80+ Gold-203,696,735,,,,900
Power Supply,be quiet! 650W 80+ Gold-204,675,724,,,,650
Power Supply,Corsair 800W 80+ Gold-205,710,772,,,,800
Power Supply,Endorfy 1050W 80+ Gold-206,971,889,,,,1050
Power Supply,Seasonic 1100W 80+ Gold-207,590,602,,,,1100
Power Supply,Seasonic 950W 80+ Gold-208,1107,1212,,,,950
Power Supply,Seasonic 600W 80+ Gold-209,341,335,,,,600
Power Supply,Corsair 600W 80+ Gold-210,539,517,,,,600
Power Supply,Seasonic 1150W 80+ Gold-211,1236,1282,,,,1150
Power Supply,Corsair 550W 80+ Gold-212,650,602,,,,550
Power Supply,Corsair 650W 80+ Gold-213,330,343,,,,650
Power Supply,Seasonic 350W 80+ Gold-214,341,331,,,,350
Power Supply,Endorfy 1100W 80+ Gold-215,782,802,,,,1100
Power Supply,Seasonic 650W 80+ Gold-216,406,406,,,,650
Power Supply,Endorfy 1100W 80+ Gold-217,992,1007,,,,1100
Power Supply,Corsair 1150W 80+ Gold-218,1087,1081,,,,1150
Power Supply,be quiet! 350W 80+ Gold-219,302,306,,,,350
Power Supply,Endorfy 650W 80+ Gold-220,774,733,,,,650
Power Supply,be quiet! 1200W 80+ Gold-221,920,950,,,,1200
Power Supply,Seasonic 400W 80+ Gold-222,227,205,,,,400
Power Supply,Corsair 1150W 80+ Gold-223,692,743,,,,1150
Power Supply,Endorfy 900W 80+ Gold-224,835,760,,,,900
Power Supply,Endorfy 600W 80+ Gold-225,508,489,,,,600
Power Supply,Seasonic 1050W 80+ Gold-226,860,900,,,,1050
Power Supply,Corsair 600W 80+ Gold-227,707,713,,,,600
Power Supply,Corsair 1150W 80+ Gold-228,1343,1370,,,,1150
Power Supply,Seasonic 450W 80+ Gold-229,225,221,,,,450
Power Supply,Seasonic 300W 80+ Gold-230,277,256,,,,300
Power Supply,Endorfy 1200W 80+ Gold-231,935,874,,,,1200
Power Supply,Endorfy 1050W 80+ Gold-232,879,891,,,,1050
Power Supply,Endorfy 1200W 80+ Gold-233,988,1005,,,,1200
Power Supply,be quiet! 600W 80+ Gold-234,445,422,,,,600
Power Supply,Corsair 1000W 80+ Gold-235,790,756,,,,1000
Power Supply,Endorfy 850W 80+ Gold-236,447,477,,,,850
Power Supply,Endorfy 1050W 80+ Gold-237,1041,1142,,,,1050
Power Supply,Endorfy 350W 80+ Gold-238,248,231,,,,350
Power Supply,Corsair 950W 80+ Gold-239,1109,1101,,,,950
Power Supply,be quiet! 450W 80+ Gold-240,478,477,,,,450
Power Supply,be quiet! 600W 80+ Gold-241,663,606,,,,600
Power Supply,Endorfy 1150W 80+ Gold-242,724,711,,,,1150
Power Supply,Seasonic 550W 80+ Gold-243,378,405,,,,550
Power Supply,be quiet! 1000W 80+ Gold-244,1129,1146,,,,1000
Power Supply,Seasonic 700W 80+ Gold-245,580,631,,,,700
Power Supply,Seasonic 950W 80+ Gold-246,863,803,,,,950
Power Supply,be quiet! 1150W 80+ Gold-247,622,561,,,,1150
Power Supply,Corsair 600W 80+ Gold-248,465,435,,,,600
Power Supply,Seasonic 650W 80+ Gold-249,722,717,,,,650
Power Supply,be quiet! 1200W 80+ Gold-250,1094,1031,,,,1200
Power Supply,Endorfy 700W 80+ Gold-251,656,629,,,,700
Power Supply,Corsair 450W 80+ Gold-252,384,389,,,,450
Power Supply,Endorfy 650W 80+ Gold-253,722,767,,,,650
Power Supply,Endorfy 600W 80+ Gold-254,408,407,,,,600
Power Supply,be quiet! 850W 80+ Gold-255,500,480,,,,850
Power Supply,be quiet! 1200W 80+ Gold-256,742,706,,,,1200
Power Supply,Seasonic 1100W 80+ Gold-257,1111,1035,,,,1100
Power Supply,Corsair 800W 80+ Gold-258,590,531,,,,800
Power Supply,Seasonic 850W 80+ Gold-259,601,580,,,,850
Power Supply,be quiet! 600W 80+ Gold-260,636,663,,,,600
Power Supply,Endorfy 1100W 80+ Gold-261,904,890,,,,1100
Power Supply,be quiet! 500W 80+ Gold-262,464,438,,,,500
Power Supply,Corsair 300W 80+ Gold-263,173,180,,,,300
Power Supply,Endorfy 600W 80+ Gold-264,643,657,,,,600
Power Supply,be quiet! 400W 80+ Gold-265,425,427,,,,400
Power Supply,Seasonic 400W 80+ Gold-266,457,460,,,,400
Power Supply,Endorfy 800W 80+ Gold-267,856,772,,,,800
Power Supply,Endorfy 650W 80+ Gold-268,346,359,,,,650
Power Supply,Corsair 850W 80+ Gold-269,499,490,,,,850
Power Supply,Corsair 1150W 80+ Gold-270,953,942,,,,1150
Power Supply,be quiet! 300W 80+ Gold-271,190,192,,,,300
Power Supply,Corsair 600W 80+ Gold-272,341,324,,,,600
Power Supply,be quiet! 750W 80+ Gold-273,855,940,,,,750
Power Supply,Corsair 350W 80+ Gold-274,387,418,,,,350
Power Supply,be quiet! 700W 80+ Gold-275,725,698,,,,700
Power Supply,Seasonic 300W 80+ Gold-276,213,232,,,,300
Power Supply,Corsair 950W 80+ Gold-277,1008,1006,,,,950
Power Supply,be quiet! 700W 80+ Gold-278,788,751,,,,700
Power Supply,be quiet! 300W 80+ Gold-279,246,260,,,,300
Power Supply,be quiet! 800W 80+ Gold-280,573,522,,,,800
Power Supply,be quiet! 600W 80+ Gold-281,594,549,,,,600
Power Supply,Corsair 650W 80+ Gold-282,651,632,,,,650
Power Supply,be quiet! 950W 80+ Gold-283,620,663,,,,950
Power Supply,be quiet! 600W 80+ Gold-284,587,608,,,,600
Power Supply,Seasonic 800W 80+ Gold-285,457,461,,,,800
Power Supply,Endorfy 1150W 80+ Gold-286,639,643,,,,1150
Power Supply,Corsair 1100W 80+ Gold-287,921,861,,,,1100
Power Supply,Endorfy 300W 80+ Gold-288,307,278,,,,300
Power Supply,Endorfy 400W 80+ Gold-289,379,387,,,,400
Power Supply,be quiet! 800W 80+ Gold-290,492,505,,,,800
Power Supply,Endorfy 600W 80+ Gold-291,505,539,,,,600
Power Supply,Seasonic 850W 80+ Gold-292,551,541,,,,850
Power Supply,be quiet! 600W 80+ Gold-293,554,525,,,,600
Power Supply,Endorfy 350W 80+ Gold-294,269,275,,,,350
Power Supply,be quiet! 1150W 80+ Gold-295,1112,1154,,,,1150
Power Supply,Endorfy 550W 80+ Gold-296,589,588,,,,550
Power Supply,Seasonic 1200W 80+ Gold-297,1423,1398,,,,1200
Power Supply,Endorfy 400W 80+ Gold-298,460,495,,,,400
Power Supply,Seasonic 550W 80+ Gold-299,555,599,,,,550
Power Supply,Seasonic 1200W 80+ Gold-300,897,881,,,,1200
Power Supply,Corsair 650W 80+ Gold-301,665,727,,,,650
Power Supply,Corsair 400W 80+ Gold-302,295,287,,,,400
Power Supply,Corsair 650W 80+ Gold-303,528,552,,,,650
Power Supply,Endorfy 1100W 80+ Gold-304,901,828,,,,1100
Power Supply,be quiet! 950W 80+ Gold-305,608,557,,,,950
Power Supply,Endorfy 700W 80+ Gold-306,375,396,,,,700
Power Supply,Corsair 650W 80+ Gold-307,431,453,,,,650
Power Supply,Endorfy 750W 80+ Gold-308,810,882,,,,750
Power Supply,Endorfy 750W 80+ Gold-309,398,426,,,,750
Power Supply,be quiet! 750W 80+ Gold-310,428,410,,,,750
Power Supply,Corsair 550W 80+ Gold-311,455,457,,,,550
Power Supply,be quiet! 600W 80+ Gold-312,638,677,,,,600
Power Supply,Seasonic 700W 80+ Gold-313,486,509,,,,700
Power Supply,Seasonic 350W 80+ Gold-314,361,353,,,,350
Power Supply,Seasonic 1000W 80+ Gold-315,1060,1151,,,,1000
Power Supply,be quiet! 1000W 80+ Gold-316,952,989,,,,1000
Power Supply,be quiet! 700W 80+ Gold-317,368,360,,,,700
Power Supply,Corsair 1050W 80+ Gold-318,580,633,,,,1050
Power Supply,Endorfy 600W 80+ Gold-319,580,564,,,,600
Power Supply,Corsair 950W 80+ Gold-320,524,556,,,,950
Power Supply,Endorfy 900W 80+ Gold-321,497,473,,,,900
Power Supply,Seasonic 950W 80+ Gold-322,1139,1100,,,,950
Power Supply,Endorfy 750W 80+ Gold-323,421,455,,,,750
Power Supply,Seasonic 550W 80+ Gold-324,603,638,,,,550
Power Supply,Seasonic 500W 80+ Gold-325,533,481,,,,500
Power Supply,Corsair 350W 80+ Gold-326,378,381,,,,350
Power Supply,Corsair 650W 80+ Gold-327,709,683,,,,650
Power Supply,be quiet! 950W 80+ Gold-328,518,506,,,,950
Power Supply,be quiet! 600W 80+ Gold-329,584,579,,,,600
Power Supply,Corsair 800W 80+ Gold-330,711,674,,,,800
Power Supply,Endorfy 500W 80+ Gold-331,336,322,,,,500
Power Supply,be quiet! 300W 80+ Gold-332,276,292,,,,300
Power Supply,Seasonic 900W 80+ Gold-333,755,785,,,,900
Power Supply,Endorfy 550W 80+ Gold-334,415,419,,,,550
Power Supply,Endorfy 450W 80+ Gold-335,499,503,,,,450
Power Supply,Endorfy 600W 80+ Gold-336,332,336,,,,600
Power Supply,Seasonic 650W 80+ Gold-337,380,377,,,,650
Power Supply,Seasonic 550W 80+ Gold-338,541,559,,,,550
Power Supply,Corsair 800W 80+ Gold-339,451,482,,,,800
Power Supply,be quiet! 1150W 80+ Gold-340,779,853,,,,1150
Power Supply,Endorfy 450W 80+ Gold-341,478,485,,,,450
Power Supply,Seasonic 700W 80+ Gold-342,746,750,,,,700
Power Supply,be quiet! 1200W 80+ Gold-343,961,895,,,,1200
Power Supply,Seasonic 1200W 80+ Gold-344,1420,1292,,,,1200
Power Supply,Seasonic 400W 80+ Gold-345,247,234,,,,400
Power Supply,Seasonic 900W 80+ Gold-346,466,511,,,,900
Power Supply,Endorfy 1100W 80+ Gold-347,589,616,,,,1100
Power Supply,Seasonic 1100W 80+ Gold-348,1098,1146,,,,1100
Power Supply,Endorfy 950W 80+ Gold-349,719,726,,,,950
Power Supply,Seasonic 550W 80+ Gold-350,467,434,,,,550
Power Supply,Corsair 750W 80+ Gold-351,483,479,,,,750
Power Supply,Corsair 700W 80+ Gold-352,617,594,,,,700
Power Supply,be quiet! 1200W 80+ Gold-353,993,1014,,,,1200
Power Supply,Seasonic 400W 80+ Gold-354,247,252,,,,400
Power Supply,Corsair 600W 80+ Gold-355,552,583,,,,600
Power Supply,Endorfy 900W 80+ Gold-356,616,615,,,,900
Power Supply,be quiet! 750W 80+ Gold-357,728,754,,,,750
Power Supply,Corsair 1000W 80+ Gold-358,506,500,,,,1000
Power Supply,Seasonic 450W 80+ Gold-359,413,431,,,,450
Power Supply,Seasonic 1000W 80+ Gold-360,754,691,,,,1000
Power Supply,Endorfy 700W 80+ Gold-361,372,336,,,,700
Power Supply,be quiet! 1000W 80+ Gold-362,867,808,,,,1000
Power Supply,Corsair 400W 80+ Gold-363,345,365,,,,400
Power Supply,Seasonic 600W 80+ Gold-364,710,717,,,,600
Power Supply,Seasonic 400W 80+ Gold-365,348,379,,,,400
Power Supply,Corsair 1000W 80+ Gold-366,973,1001,,,,1000
Power Supply,Endorfy 500W 80+ Gold-367,251,257,,,,500
Power Supply,be quiet! 950W 80+ Gold-368,521,505,,,,950
Power Supply,Corsair 450W 80+ Gold-369,241,262,,,,450
Power Supply,Corsair 900W 80+ Gold-370,496,452,,,,900
Power Supply,Seasonic 700W 80+ Gold-371,782,730,,,,700
Power Supply,be quiet! 500W 80+ Gold-372,288,315,,,,500
Power Supply,Corsair 350W 80+ Gold-373,259,274,,,,350
Power Supply,Endorfy 1050W 80+ Gold-374,671,718,,,,1050
Power Supply,Corsair 1200W 80+ Gold-375,1228,1161,,,,1200
Power Supply,Seasonic 800W 80+ Gold-376,929,910,,,,800
Power Supply,Endorfy 450W 80+ Gold-377,352,350,,,,450
Power Supply,Seasonic 900W 80+ Gold-378,720,707,,,,900
Power Supply,Corsair 400W 80+ Gold-379,224,244,,,,400
Power Supply,Endorfy 550W 80+ Gold-380,527,497,,,,550
Power Supply,Endorfy 300W 80+ Gold-381,184,193,,,,300
Power Supply,Seasonic 900W 80+ Gold-382,493,538,,,,900
Power Supply,Seasonic 600W 80+ Gold-383,648,611,,,,600
Power Supply,be quiet! 300W 80+ Gold-384,207,192,,,,300
Power Supply,Corsair 350W 80+ Gold-385,330,347,,,,350
Power Supply,Endorfy 450W 80+ Gold-386,289,281,,,,450
Power Supply,be quiet! 950W 80+ Gold-387,845,878,,,,950
Power Supply,be quiet! 300W 80+ Gold-388,334,308,,,,300
Power Supply,Endorfy 1000W 80+ Gold-389,705,671,,,,1000
Power Supply,Corsair 900W 80+ Gold-390,881,915,,,,900
Power Supply,Corsair 1150W 80+ Gold-391,1322,1265,,,,1150
Power Supply,Seasonic 800W 80+ Gold-392,758,703,,,,800
Power Supply,Endorfy 1150W 80+ Gold-393,832,905,,,,1150
Power Supply,be quiet! 800W 80+ Gold-394,622,561,,,,800
Power Supply,be quiet! 700W 80+ Gold-395,687,683,,,,700
Power Supply,Endorfy 350W 80+ Gold-396,318,329,,,,350
Power Supply,Corsair 650W 80+ Gold-397,745,690,,,,650
Power Supply,be quiet! 1150W 80+ Gold-398,991,900,,,,1150
Power Supply,Endorfy 1100W 80+ Gold-399,735,785,,,,1100
Power Supply,Corsair 400W 80+ Gold-400,421,416,,,,400
Power Supply,be quiet! 1000W 80+ Gold-401,1181,1225,,,,1000
Power Supply,Endorfy 1150W 80+ Gold-402,1180,1137,,,,1150
Power Supply,Seasonic 350W 80+ Gold-403,373,364,,,,350
Power Supply,Endorfy 600W 80+ Gold-404,494,518,,,,600
Power Supply,Corsair 1150W 80+ Gold-405,724,756,,,,1150
Power Supply,Seasonic 450W 80+ Gold-406,535,552,,,,450
Power Supply,Endorfy 600W 80+ Gold-407,305,312,,,,600
Power Supply,Corsair 1050W 80+ Gold-408,689,700,,,,1050
Power Supply,Corsair 1100W 80+ Gold-409,1072,1168,,,,1100
Power Supply,Endorfy 700W 80+ Gold-410,482,464,,,,700
Power Supply,Seasonic 650W 80+ Gold-411,407,415,,,,650
Power Supply,Corsair 1000W 80+ Gold-412,866,833,,,,1000
Power Supply,Seasonic 850W 80+ Gold-413,944,971,,,,850
Power Supply,Corsair 1000W 80+ Gold-414,1114,1019,,,,1000
Power Supply,Seasonic 750W 80+ Gold-415,653,709,,,,750
Power Supply,Endorfy 700W 80+ Gold-416,684,666,,,,700
Power Supply,Seasonic 900W 80+ Gold-417,965,958,,,,900
Power Supply,be quiet! 900W 80+ Gold-418,680,740,,,,900
Power Supply,Endorfy 700W 80+ Gold-419,610,557,,,,700
Power Supply,Corsair 550W 80+ Gold-420,420,449,,,,550
Power Supply,Endorfy 300W 80+ Gold-421,220,200,,,,300
Power Supply,Corsair 350W 80+ Gold-422,365,399,,,,350
Power Supply,Endorfy 1150W 80+ Gold-423,711,710,,,,1150
Power Supply,Seasonic 350W 80+ Gold-424,328,300,,,,350
Power Supply,Endorfy 600W 80+ Gold-425,616,590,,,,600
Power Supply,Corsair 900W 80+ Gold-426,894,952,,,,900
Power Supply,be quiet! 400W 80+ Gold-427,338,355,,,,400
Power Supply,Seasonic 750W 80+ Gold-428,625,666,,,,750
Power Supply,Corsair 300W 80+ Gold-429,352,376,,,,300
Power Supply,Seasonic 1200W 80+ Gold-430,1198,1201,,,,1200
Power Supply,Endorfy 350W 80+ Gold-431,381,355,,,,350
Power Supply,Endorfy 850W 80+ Gold-432,991,984,,,,850
Power Supply,Corsair 850W 80+ Gold-433,576,543,,,,850
Power Supply,Endorfy 850W 80+ Gold-434,723,713,,,,850
Power Supply,Corsair 450W 80+ Gold-435,462,433,,,,450
Power Supply,Corsair 950W 80+ Gold-436,604,567,,,,950
Power Supply,Seasonic 1200W 80+ Gold-437,1180,1255,,,,1200
Power Supply,Endorfy 1000W 80+ Gold-438,1194,1281,,,,1000
Power Supply,Seasonic 650W 80+ Gold-439,725,780,,,,650
Power Supply,Seasonic 650W 80+ Gold-440,614,558,,,,650
Power Supply,Endorfy 1050W 80+ Gold-441,740,713,,,,1050
Power Supply,Corsair 950W 80+ Gold-442,912,918,,,,950
Power Supply,Seasonic 1000W 80+ Gold-443,612,624,,,,1000
Power Supply,be quiet! 600W 80+ Gold-444,437,393,,,,600
Power Supply,Corsair 650W 80+ Gold-445,725,677,,,,650
Power Supply,Seasonic 950W 80+ Gold-446,785,760,,,,950
Power Supply,Seasonic 1050W 80+ Gold-447,1126,1165,,,,1050
Power Supply,Endorfy 1200W 80+ Gold-448,1245,1315,,,,1200
Power Supply,Seasonic 1100W 80+ Gold-449,1200,1319,,,,1100
Power Supply,Corsair 950W 80+ Gold-450,627,667,,,,950
Power Supply,Endorfy 1000W 80+ Gold-451,817,824,,,,1000
Power Supply,Seasonic 700W 80+ Gold-452,724,725,,,,700
Power Supply,Seasonic 300W 80+ Gold-453,273,281,,,,300
Power Supply,be quiet! 700W 80+ Gold-454,637,649,,,,700
Power Supply,Seasonic 1050W 80+ Gold-455,972,1053,,,,1050
Power Supply,be quiet! 500W 80+ Gold-456,544,547,,,,500
Power Supply,Corsair 1050W 80+ Gold-457,601,617,,,,1050
Power Supply,Seasonic 750W 80+ Gold-458,786,817,,,,750
Power Supply,Seasonic 800W 80+ Gold-459,877,885,,,,800
Power Supply,be quiet! 800W 80+ Gold-460,560,599,,,,800
Power Supply,Seasonic 400W 80+ Gold-461,267,272,,,,400
Power Supply,Corsair 850W 80+ Gold-462,762,709,,,,850
Power Supply,Endorfy 350W 80+ Gold-463,203,208,,,,350
Power Supply,Endorfy 700W 80+ Gold-464,596,613,,,,700
Power Supply,Endorfy 650W 80+ Gold-465,463,503,,,,650
Power Supply,Seasonic 450W 80+ Gold-466,443,399,,,,450
Power Supply,Endorfy 850W 80+ Gold-467,443,428,,,,850
Power Supply,Endorfy 600W 80+ Gold-468,472,448,,,,600
Power Supply,be quiet! 400W 80+ Gold-469,221,241,,,,400
Power Supply,Endorfy 800W 80+ Gold-470,788,787,,,,800
Power Supply,be quiet! 300W 80+ Gold-471,329,356,,,,300
Power Supply,Corsair 800W 80+ Gold-472,524,502,,,,800
Power Supply,Endorfy 450W 80+ Gold-473,285,261,,,,450
Power Supply,be quiet! 300W 80+ Gold-474,181,174,,,,300
Power Supply,Seasonic 700W 80+ Gold-475,559,544,,,,700
Power Supply,Endorfy 600W 80+ Gold-476,538,573,,,,600
Power Supply,Seasonic 1100W 80+ Gold-477,1059,1059,,,,1100
Power Supply,Corsair 1200W 80+ Gold-478,1034,938,,,,1200
Power Supply,be quiet! 1100W 80+ Gold-479,699,684,,,,1100
Power Supply,be quiet! 550W 80+ Gold-480,477,475,,,,550
Power Supply,be quiet! 350W 80+ Gold-481,193,208,,,,350
Power Supply,Endorfy 1200W 80+ Gold-482,1310,1345,,,,1200
Power Supply,Endorfy 550W 80+ Gold-483,642,581,,,,550
Power Supply,Seasonic 700W 80+ Gold-484,800,786,,,,700
Power Supply,Corsair 350W 80+ Gold-485,206,218,,,,350
Power Supply,Endorfy 1200W 80+ Gold-486,1427,1493,,,,1200
Power Supply,Corsair 1150W 80+ Gold-487,874,852,,,,1150
Power Supply,be quiet! 950W 80+ Gold-488,760,765,,,,950
Power Supply,Corsair 700W 80+ Gold-489,633,635,,,,700
Power Supply,Corsair 800W 80+ Gold-490,711,744,,,,800
Power Supply,Corsair 550W 80+ Gold-491,338,320,,,,550
Power Supply,be quiet! 1150W 80+ Gold-492,613,649,,,,1150
Power Supply,be quiet! 350W 80+ Gold-493,180,162,,,,350
Power Supply,Corsair 1100W 80+ Gold-494,801,852,,,,1100
Power Supply,be quiet! 900W 80+ Gold-495,989,891,,,,900
Power Supply,Seasonic 1200W 80+ Gold-496,793,745,,,,1200
Power Supply,Seasonic 950W 80+ Gold-497,1051,1066,,,,950
Power Supply,Seasonic 1200W 80+ Gold-498,1318,1376,,,,1200
Power Supply,Corsair 1100W 80+ Gold-499,916,961,,,,1100
Power Supply,Endorfy 450W 80+ Gold-500,495,492,,,,450
Power Supply,Corsair 1050W 80+ Gold-501,973,888,,,,1050
Power Supply,Seasonic 650W 80+ Gold-502,425,446,,,,650
Power Supply,Corsair 950W 80+ Gold-503,698,671,,,,950
Power Supply,Corsair 300W 80+ Gold-504,340,344,,,,300
Power Supply,be quiet! 1100W 80+ Gold-505,1306,1253,,,,1100
Power Supply,Corsair 600W 80+ Gold-506,303,291,,,,600
Power Supply,Seasonic 950W 80+ Gold-507,541,562,,,,950
Power Supply,be quiet! 500W 80+ Gold-508,402,410,,,,500
Power Supply,Corsair 1100W 80+ Gold-509,613,573,,,,1100
Power Supply,Corsair 750W 80+ Gold-510,528,573,,,,750
Power Supply,Endorfy 500W 80+ Gold-511,312,329,,,,500
Power Supply,Corsair 1000W 80+ Gold-512,1161,1120,,,,1000
Power Supply,Seasonic 400W 80+ Gold-513,479,490,,,,400
Power Supply,Endorfy 400W 80+ Gold-514,218,209,,,,400
Power Supply,Seasonic 850W 80+ Gold-515,946,947,,,,850
Power Supply,Endorfy 700W 80+ Gold-516,407,391,,,,700
Power Supply,Seasonic 350W 80+ Gold-517,264,239,,,,350
Power Supply,be quiet! 550W 80+ Gold-518,633,695,,,,550
Power Supply,Seasonic 450W 80+ Gold-519,388,408,,,,450
Power Supply,Seasonic 900W 80+ Gold-520,496,475,,,,900
Power Supply,be quiet! 1200W 80+ Gold-521,1358,1276,,,,1200
Power Supply,Corsair 300W 80+ Gold-522,312,292,,,,300
Power Supply,Corsair 1050W 80+ Gold-523,722,673,,,,1050
Power Supply,Endorfy 850W 80+ Gold-524,478,451,,,,850
Power Supply,be quiet! 850W 80+ Gold-525,482,481,,,,850
Power Supply,Endorfy 850W 80+ Gold-526,668,706,,,,850
Power Supply,Endorfy 600W 80+ Gold-527,705,696,,,,600
Power Supply,Corsair 550W 80+ Gold-528,299,323,,,,550
Power Supply,Endorfy 600W 80+ Gold-529,423,448,,,,600
Power Supply,be quiet! 1100W 80+ Gold-530,935,1005,,,,1100
Power Supply,Corsair 500W 80+ Gold-531,552,575,,,,500
Power Supply,be quiet! 1050W 80+ Gold-532,773,835,,,,1050
Power Supply,be quiet! 300W 80+ Gold-533,359,391,,,,300
Power Supply,Seasonic 1000W 80+ Gold-534,562,559,,,,1000
Power Supply,Endorfy 700W 80+ Gold-535,583,567,,,,700
Power Supply,Corsair 1150W 80+ Gold-536,1199,1154,,,,1150
Power Supply,Seasonic 550W 80+ Gold-537,459,445,,,,550
Power Supply,be quiet! 1200W 80+ Gold-538,1318,1284,,,,1200
Power Supply,Corsair 1150W 80+ Gold-539,620,573,,,,1150
Power Supply,Endorfy 1100W 80+ Gold-540,866,947,,,,1100
Power Supply,Seasonic 500W 80+ Gold-541,342,310,,,,500
Power Supply,Corsair 400W 80+ Gold-542,429,440,,,,400
Power Supply,be quiet! 550W 80+ Gold-543,561,515,,,,550
Power Supply,be quiet! 700W 80+ Gold-544,372,385,,,,700
Power Supply,Corsair 1100W 80+ Gold-545,725,668,,,,1100
Power Supply,Seasonic 1200W 80+ Gold-546,730,686,,,,1200
Power Supply,Seasonic 1000W 80+ Gold-547,974,1033,,,,1000
Power Supply,Seasonic 350W 80+ Gold-548,283,261,,,,350
Power Supply,Endorfy 1000W 80+ Gold-549,798,819,,,,1000
Power Supply,be quiet! 350W 80+ Gold-550,238,237,,,,350
Power Supply,Corsair 750W 80+ Gold-551,621,573,,,,750
Power Supply,Endorfy 850W 80+ Gold-552,977,926,,,,850
Power Supply,Corsair 1100W 80+ Gold-553,1110,1054,,,,1100
Power Supply,Endorfy 600W 80+ Gold-554,401,417,,,,600
Power Supply,Corsair 850W 80+ Gold-555,846,804,,,,850
Power Supply,be quiet! 750W 80+ Gold-556,385,374,,,,750
Power Supply,be quiet! 950W 80+ Gold-557,481,460,,,,950
Power Supply,Corsair 1050W 80+ Gold-558,917,996,,,,1050
Power Supply,Corsair 400W 80+ Gold-559,471,456,,,,400
Power Supply,be quiet! 850W 80+ Gold-560,436,436,,,,850
Power Supply,Endorfy 700W 80+ Gold-561,720,732,,,,700
Power Supply,be quiet! 400W 80+ Gold-562,296,284,,,,400
Power Supply,Endorfy 900W 80+ Gold-563,635,649,,,,900
Power Supply,Seasonic 1050W 80+ Gold-564,672,680,,,,1050
Power Supply,be quiet! 1050W 80+ Gold-565,933,857,,,,1050
Power Supply,be quiet! 650W 80+ Gold-566,530,507,,,,650
Power Supply,Seasonic 500W 80+ Gold-567,433,410,,,,500
Power Supply,Corsair 1150W 80+ Gold-568,1375,1376,,,,1150
Power Supply,Seasonic 850W 80+ Gold-569,630,658,,,,850
Power Supply,Corsair 300W 80+ Gold-570,345,325,,,,300
Power Supply,Endorfy 750W 80+ Gold-571,782,758,,,,750
Power Supply,Seasonic 300W 80+ Gold-572,359,368,,,,300
Power Supply,be quiet! 1000W 80+ Gold-573,924,924,,,,1000
Power Supply,be quiet! 350W 80+ Gold-574,317,344,,,,350
Power Supply,Endorfy 350W 80+ Gold-575,233,237,,,,350
Power Supply,Corsair 700W 80+ Gold-576,694,626,,,,700
Power Supply,Seasonic 550W 80+ Gold-577,440,415,,,,550
Power Supply,Endorfy 550W 80+ Gold-578,322,324,,,,550
Power Supply,Corsair 400W 80+ Gold-579,380,386,,,,400
Power Supply,be quiet! 450W 80+ Gold-580,268,269,,,,450
Power Supply,Endorfy 300W 80+ Gold-581,298,322,,,,300
Power Supply,Corsair 650W 80+ Gold-582,452,454,,,,650
Power Supply,be quiet! 850W 80+ Gold-583,907,874,,,,850
Power Supply,Endorfy 1000W 80+ Gold-584,695,689,,,,1000
Power Supply,Corsair 900W 80+ Gold-585,772,838,,,,900
Power Supply,Endorfy 1150W 80+ Gold-586,1242,1234,,,,1150
Power Supply,be quiet! 700W 80+ Gold-587,578,559,,,,700
Power Supply,Endorfy 1150W 80+ Gold-588,747,792,,,,1150
Power Supply,Endorfy 500W 80+ Gold-589,557,597,,,,500
Power Supply,Corsair 550W 80+ Gold-590,331,320,,,,550
Power Supply,Endorfy 900W 80+ Gold-591,934,961,,,,900
Power Supply,Endorfy 400W 80+ Gold-592,237,240,,,,400
Power Supply,Seasonic 600W 80+ Gold-593,461,448,,,,600
Power Supply,Seasonic 550W 80+ Gold-594,439,446,,,,550
Power Supply,be quiet! 1050W 80+ Gold-595,944,1002,,,,1050
Power Supply,Corsair 1000W 80+ Gold-596,1119,1130,,,,1000
Power Supply,Seasonic 650W 80+ Gold-597,444,454,,,,650
Power Supply,be quiet! 750W 80+ Gold-598,462,472,,,,750
Power Supply,Endorfy 1050W 80+ Gold-599,971,912,,,,1050
Power Supply,be quiet! 350W 80+ Gold-600,184,198,,,,350
Power Supply,Endorfy 950W 80+ Gold-601,920,926,,,,950
Power Supply,be quiet! 1050W 80+ Gold-602,664,609,,,,1050
Power Supply,Corsair 950W 80+ Gold-603,629,665,,,,950
Power Supply,Seasonic 300W 80+ Gold-604,341,313,,,,300
Power Supply,Corsair 300W 80+ Gold-605,211,214,,,,300
Power Supply,Corsair 300W 80+ Gold-606,260,256,,,,300
Power Supply,Endorfy 500W 80+ Gold-607,339,319,,,,500
Power Supply,Seasonic 700W 80+ Gold-608,536,580,,,,700
Power Supply,be quiet! 550W 80+ Gold-609,309,316,,,,550
Power Supply,be quiet! 800W 80+ Gold-610,683,619,,,,800
Power Supply,be quiet! 400W 80+ Gold-611,368,339,,,,400
Power Supply,Endorfy 900W 80+ Gold-612,955,995,,,,900
Power Supply,Endorfy 550W 80+ Gold-613,524,510,,,,550
Power Supply,Corsair 450W 80+ Gold-614,298,280,,,,450
Power Supply,Corsair 1000W 80+ Gold-615,538,571,,,,1000
Power Supply,be quiet! 750W 80+ Gold-616,377,359,,,,750
Power Supply,be quiet! 950W 80+ Gold-617,853,890,,,,950
Power Supply,Seasonic 1000W 80+ Gold-618,777,773,,,,1000
Power Supply,Corsair 900W 80+ Gold-619,822,791,,,,900
Power Supply,Seasonic 500W 80+ Gold-620,555,562,,,,500
Power Supply,be quiet! 300W 80+ Gold-621,318,294,,,,300
Power Supply,Corsair 1050W 80+ Gold-622,816,843,,,,1050
Power Supply,be quiet! 700W 80+ Gold-623,386,363,,,,700
Power Supply,Endorfy 1100W 80+ Gold-624,1117,1192,,,,1100
Power Supply,Endorfy 1100W 80+ Gold-625,1286,1316,,,,1100
Power Supply,Corsair 650W 80+ Gold-626,706,729,,,,650
Power Supply,Seasonic 1100W 80+ Gold-627,559,610,,,,1100
Power Supply,Endorfy 550W 80+ Gold-628,624,668,,,,550
Power Supply,be quiet! 400W 80+ Gold-629,285,290,,,,400
Power Supply,Endorfy 1150W 80+ Gold-630,1177,1164,,,,1150
Power Supply,be quiet! 550W 80+ Gold-631,530,569,,,,550
Power Supply,Seasonic 450W 80+ Gold-632,361,327,,,,450
Power Supply,be quiet! 650W 80+ Gold-633,704,650,,,,650
Power Supply,be quiet! 1200W 80+ Gold-634,996,1066,,,,1200
Power Supply,Corsair 1200W 80+ Gold-635,1284,1337,,,,1200
Power Supply,Endorfy 350W 80+ Gold-636,239,259,,,,350
Power Supply,Endorfy 450W 80+ Gold-637,237,217,,,,450
Power Supply,be quiet! 550W 80+ Gold-638,617,646,,,,550
Power Supply,Seasonic 1000W 80+ Gold-639,917,862,,,,1000
Power Supply,be quiet! 800W 80+ Gold-640,697,718,,,,800
Power Supply,Corsair 850W 80+ Gold-641,776,731,,,,850
Power Supply,Seasonic 800W 80+ Gold-642,853,837,,,,800
Power Supply,Corsair 800W 80+ Gold-643,549,602,,,,800
Power Supply,Seasonic 550W 80+ Gold-644,530,507,,,,550
Power Supply,Seasonic 950W 80+ Gold-645,665,612,,,,950
Power Supply,Endorfy 650W 80+ Gold-646,505,544,,,,650
Power Supply,Seasonic 1000W 80+ Gold-647,1097,1077,,,,1000
Power Supply,be quiet! 550W 80+ Gold-648,646,683,,,,550
Power Supply,Endorfy 700W 80+ Gold-649,804,859,,,,700
Power Supply,Seasonic 650W 80+ Gold-650,634,593,,,,650
Power Supply,Corsair 700W 80+ Gold-651,761,775,,,,700
Power Supply,Corsair 450W 80+ Gold-652,524,551,,,,450
Power Supply,Corsair 300W 80+ Gold-653,190,205,,,,300
Power Supply,Corsair 1150W 80+ Gold-654,590,544,,,,1150
Power Supply,Corsair 400W 80+ Gold-655,414,426,,,,400
Power Supply,Seasonic 450W 80+ Gold-656,504,476,,,,450
Power Supply,be quiet! 400W 80+ Gold-657,235,228,,,,400
Power Supply,Endorfy 1150W 80+ Gold-658,1310,1326,,,,1150
Power Supply,Endorfy 300W 80+ Gold-659,298,320,,,,300
Power Supply,Seasonic 1100W 80+ Gold-660,1048,1134,,,,1100
Power Supply,Seasonic 550W 80+ Gold-661,570,567,,,,550
Power Supply,Corsair 350W 80+ Gold-662,417,457,,,,350
Power Supply,be quiet! 1200W 80+ Gold-663,892,810,,,,1200
Power Supply,Seasonic 1100W 80+ Gold-664,798,768,,,,1100
Power Supply,be quiet! 700W 80+ Gold-665,497,536,,,,700
Power Supply,Endorfy 650W 80+ Gold-666,563,519,,,,650
Power Supply,Corsair 950W 80+ Gold-667,768,694,,,,950
Power Supply,Seasonic 300W 80+ Gold-668,335,304,,,,300
Power Supply,Endorfy 900W 80+ Gold-669,619,608,,,,900
Power Supply,be quiet! 850W 80+ Gold-670,496,448,,,,850
Power Supply,be quiet! 1050W 80+ Gold-671,812,773,,,,1050
Power Supply,Endorfy 1150W 80+ Gold-672,1237,1224,,,,1150
Power Supply,be quiet! 550W 80+ Gold-673,639,629,,,,550
Power Supply,be quiet! 1200W 80+ Gold-674,1140,1108,,,,1200
Power Supply,be quiet! 850W 80+ Gold-675,852,805,,,,850
Power Supply,Seasonic 350W 80+ Gold-676,180,197,,,,350
Power Supply,Seasonic 1000W 80+ Gold-677,744,703,,,,1000
Power Supply,be quiet! 1150W 80+ Gold-678,748,774,,,,1150
Power Supply,Seasonic 350W 80+ Gold-679,262,239,,,,350
Power Supply,be quiet! 1150W 80+ Gold-680,586,586,,,,1150
Power Supply,Endorfy 500W 80+ Gold-681,551,556,,,,500
Power Supply,Seasonic 300W 80+ Gold-682,347,325,,,,300
Power Supply,Seasonic 1150W 80+ Gold-683,757,781,,,,1150
Power Supply,Seasonic 700W 80+ Gold-684,767,804,,,,700
Power Supply,be quiet! 1200W 80+ Gold-685,1101,1196,,,,1200
Power Supply,Corsair 1050W 80+ Gold-686,745,714,,,,1050
Power Supply,Corsair 800W 80+ Gold-687,456,444,,,,800
Power Supply,Seasonic 950W 80+ Gold-688,640,702,,,,950
Power Supply,Corsair 1000W 80+ Gold-689,844,792,,,,1000
Power Supply,Corsair 1000W 80+ Gold-690,836,789,,,,1000
Power Supply,Seasonic 300W 80+ Gold-691,220,201,,,,300
Power Supply,Corsair 400W 80+ Gold-692,353,336,,,,400
Power Supply,Corsair 750W 80+ Gold-693,615,669,,,,750
Power Supply,Corsair 750W 80+ Gold-694,657,591,,,,750
Power Supply,Corsair 700W 80+ Gold-695,657,622,,,,700
Power Supply,Endorfy 550W 80+ Gold-696,348,331,,,,550
Power Supply,Corsair 450W 80+ Gold-697,427,453,,,,450
Power Supply,Corsair 850W 80+ Gold-698,683,726,,,,850
Power Supply,be quiet! 1200W 80+ Gold-699,1224,1311,,,,1200
Power Supply,Seasonic 1100W 80+ Gold-700,1242,1293,,,,1100
Power Supply,Corsair 500W 80+ Gold-701,269,245,,,,500
Power Supply,be quiet! 900W 80+ Gold-702,837,791,,,,900
Power Supply,Endorfy 1200W 80+ Gold-703,958,898,,,,1200
Power Supply,Endorfy 850W 80+ Gold-704,750,803,,,,850
Power Supply,Endorfy 700W 80+ Gold-705,665,720,,,,700
Power Supply,be quiet! 950W 80+ Gold-706,852,792,,,,950
Power Supply,Corsair 850W 80+ Gold-707,585,548,,,,850
Power Supply,Seasonic 400W 80+ Gold-708,411,425,,,,400
Power Supply,Corsair 400W 80+ Gold-709,230,229,,,,400
Power Supply,Seasonic 450W 80+ Gold-710,506,517,,,,450
Power Supply,Corsair 950W 80+ Gold-711,944,986,,,,950
Power Supply,Corsair 1200W 80+ Gold-712,1145,1084,,,,1200
Power Supply,Seasonic 1100W 80+ Gold-713,825,885,,,,1100
Power Supply,Endorfy 450W 80+ Gold-714,309,302,,,,450
Power Supply,Corsair 1100W 80+ Gold-715,806,782,,,,1100
Power Supply,be quiet! 850W 80+ Gold-716,855,833,,,,850
Power Supply,Seasonic 750W 80+ Gold-717,703,735,,,,750
Power Supply,Seasonic 1200W 80+ Gold-718,1036,980,,,,1200
Power Supply,Corsair 600W 80+ Gold-719,683,741,,,,600
Power Supply,be quiet! 450W 80+ Gold-720,306,308,,,,450
Power Supply,Seasonic 600W 80+ Gold-721,527,519,,,,600
Power Supply,Corsair 350W 80+ Gold-722,178,164,,,,350
Power Supply,Corsair 700W 80+ Gold-723,644,684,,,,700
Power Supply,Seasonic 450W 80+ Gold-724,468,446,,,,450
Power Supply,Seasonic 750W 80+ Gold-725,670,671,,,,750
Power Supply,Endorfy 450W 80+ Gold-726,514,467,,,,450
Power Supply,Seasonic 1200W 80+ Gold-727,991,1029,,,,1200
Power Supply,Seasonic 1050W 80+ Gold-728,784,787,,,,1050
Power Supply,Seasonic 700W 80+ Gold-729,810,765,,,,700
Power Supply,Endorfy 1100W 80+ Gold-730,910,827,,,,1100
Power Supply,Corsair 550W 80+ Gold-731,572,560,,,,550
Power Supply,Corsair 1050W 80+ Gold-732,712,771,,,,1050
Power Supply,be quiet! 850W 80+ Gold-733,565,598,,,,850
Power Supply,be quiet! 400W 80+ Gold-734,269,291,,,,400
Power Supply,Corsair 800W 80+ Gold-735,667,716,,,,800
Power Supply,Seasonic 450W 80+ Gold-736,408,443,,,,450
Power Supply,Seasonic 800W 80+ Gold-737,497,452,,,,800
Power Supply,be quiet! 1100W 80+ Gold-738,1191,1238,,,,1100
Power Supply,Seasonic 550W 80+ Gold-739,567,572,,,,550
Power Supply,Endorfy 650W 80+ Gold-740,735,775,,,,650
Power Supply,be quiet! 500W 80+ Gold-741,574,618,,,,500
Power Supply,be quiet! 1000W 80+ Gold-742,857,815,,,,1000
Power Supply,Endorfy 350W 80+ Gold-743,319,301,,,,350
Power Supply,Corsair 1200W 80+ Gold-744,656,683,,,,1200
Power Supply,be quiet! 550W 80+ Gold-745,542,502,,,,550
Power Supply,Endorfy 800W 80+ Gold-746,751,778,,,,800
Power Supply,be quiet! 800W 80+ Gold-747,804,798,,,,800
Power Supply,Seasonic 450W 80+ Gold-748,492,473,,,,450
Power Supply,Seasonic 1100W 80+ Gold-749,987,994,,,,1100
Power Supply,be quiet! 900W 80+ Gold-750,615,595,,,,900
Power Supply,be quiet! 550W 80+ Gold-751,436,455,,,,550
Power Supply,be quiet! 550W 80+ Gold-752,340,348,,,,550
Power Supply,Endorfy 800W 80+ Gold-753,633,597,,,,800
Power Supply,Corsair 450W 80+ Gold-754,498,545,,,,450
Power Supply,be quiet! 1200W 80+ Gold-755,1246,1141,,,,1200
Power Supply,Endorfy 800W 80+ Gold-756,843,883,,,,800
Power Supply,Seasonic 750W 80+ Gold-757,632,656,,,,750
Power Supply,be quiet! 550W 80+ Gold-758,567,512,,,,550
Power Supply,Seasonic 550W 80+ Gold-759,650,638,,,,550
Power Supply,Seasonic 600W 80+ Gold-760,492,515,,,,600
Power Supply,be quiet! 1000W 80+ Gold-761,749,801,,,,1000
Power Supply,Corsair 500W 80+ Gold-762,434,393,,,,500
Power Supply,Endorfy 650W 80+ Gold-763,399,421,,,,650
Power Supply,Endorfy 900W 80+ Gold-764,949,889,,,,900
Power Supply,be quiet! 850W 80+ Gold-765,768,720,,,,850
Power Supply,Seasonic 1100W 80+ Gold-766,651,604,,,,1100
Power Supply,Endorfy 1200W 80+ Gold-767,1158,1271,,,,1200
Power Supply,be quiet! 500W 80+ Gold-768,534,504,,,,500
Power Supply,Seasonic 300W 80+ Gold-769,321,336,,,,300
Power Supply,Corsair 550W 80+ Gold-770,646,643,,,,550
Power Supply,be quiet! 650W 80+ Gold-771,363,379,,,,650
Power Supply,Corsair 500W 80+ Gold-772,283,310,,,,500
Power Supply,Seasonic 450W 80+ Gold-773,423,418,,,,450
Power Supply,Endorfy 800W 80+ Gold-774,602,573,,,,800
Power Supply,Seasonic 1050W 80+ Gold-775,982,1062,,,,1050
Power Supply,Corsair 550W 80+ Gold-776,306,297,,,,550
Power Supply,Endorfy 550W 80+ Gold-777,491,507,,,,550
Power Supply,Endorfy 700W 80+ Gold-778,485,451,,,,700
Power Supply,Endorfy 1150W 80+ Gold-779,770,750,,,,1150
Power Supply,Seasonic 900W 80+ Gold-780,479,434,,,,900
Power Supply,Endorfy 550W 80+ Gold-781,284,263,,,,550
Power Supply,Endorfy 450W 80+ Gold-782,315,290,,,,450
Power Supply,Corsair 300W 80+ Gold-783,179,176,,,,300
Power Supply,Endorfy 300W 80+ Gold-784,150,145,,,,300
Power Supply,be quiet! 350W 80+ Gold-785,369,391,,,,350
Power Supply,be quiet! 750W 80+ Gold-786,787,727,,,,750
Power Supply,Endorfy 400W 80+ Gold-787,392,354,,,,400
Power Supply,Corsair 1150W 80+ Gold-788,820,803,,,,1150
Power Supply,Endorfy 600W 80+ Gold-789,446,444,,,,600
Power Supply,Endorfy 1100W 80+ Gold-790,801,831,,,,1100
Power Supply,Seasonic 1150W 80+ Gold-791,1131,1061,,,,1150
Power Supply,Endorfy 750W 80+ Gold-792,804,761,,,,750
Power Supply,Endorfy 1200W 80+ Gold-793,731,755,,,,1200
Power Supply,Endorfy 1200W 80+ Gold-794,815,757,,,,1200
Power Supply,Corsair 1100W 80+ Gold-795,1245,1120,,,,1100
Power Supply,be quiet! 800W 80+ Gold-796,466,429,,,,800
Power Supply,Seasonic 700W 80+ Gold-797,662,678,,,,700
Power Supply,Endorfy 500W 80+ Gold-798,546,559,,,,500
Power Supply,Endorfy 600W 80+ Gold-799,690,729,,,,600
Power Supply,be quiet! 300W 80+ Gold-800,301,330,,,,300
Power Supply,Corsair 500W 80+ Gold-801,575,559,,,,500
Power Supply,Endorfy 900W 80+ Gold-802,705,757,,,,900
Power Supply,Corsair 900W 80+ Gold-803,902,865,,,,900
Power Supply,Endorfy 350W 80+ Gold-804,220,202,,,,350
Power Supply,Corsair 650W 80+ Gold-805,535,491,,,,650
Power Supply,Seasonic 750W 80+ Gold-806,584,590,,,,750
Power Supply,be quiet! 750W 80+ Gold-807,637,661,,,,750
Power Supply,Seasonic 850W 80+ Gold-808,774,720,,,,850
Power Supply,Seasonic 700W 80+ Gold-809,571,554,,,,700
Power Supply,be quiet! 300W 80+ Gold-810,227,221,,,,300
Power Supply,Corsair 450W 80+ Gold-811,485,466,,,,450
Power Supply,Endorfy 750W 80+ Gold-812,625,617,,,,750
Power Supply,Endorfy 600W 80+ Gold-813,625,631,,,,600
Power Supply,Corsair 700W 80+ Gold-814,653,696,,,,700
Power Supply,Endorfy 600W 80+ Gold-815,377,373,,,,600
Power Supply,Endorfy 1150W 80+ Gold-816,689,718,,,,1150
Power Supply,Seasonic 450W 80+ Gold-817,460,475,,,,450
Power Supply,Endorfy 850W 80+ Gold-818,536,520,,,,850
Power Supply,Corsair 850W 80+ Gold-819,886,837,,,,850
Power Supply,be quiet! 500W 80+ Gold-820,336,310,,,,500
Power Supply,be quiet! 450W 80+ Gold-821,346,324,,,,450
Power Supply,Endorfy 1150W 80+ Gold-822,1032,1132,,,,1150
Power Supply,Endorfy 900W 80+ Gold-823,512,489,,,,900
Power Supply,Corsair 1200W 80+ Gold-824,719,647,,,,1200
Power Supply,be quiet! 900W 80+ Gold-825,657,605,,,,900
Power Supply,Seasonic 1000W 80+ Gold-826,652,591,,,,1000
Power Supply,Endorfy 1200W 80+ Gold-827,1186,1271,,,,1200
Power Supply,Endorfy 900W 80+ Gold-828,763,697,,,,900
Power Supply,Seasonic 450W 80+ Gold-829,431,428,,,,450
Power Supply,Seasonic 450W 80+ Gold-830,225,235,,,,450
Power Supply,Seasonic 750W 80+ Gold-831,823,771,,,,750
Power Supply,Seasonic 300W 80+ Gold-832,206,217,,,,300
Power Supply,Corsair 1050W 80+ Gold-833,1189,1172,,,,1050
Power Supply,Endorfy 750W 80+ Gold-834,664,635,,,,750
Power Supply,Endorfy 350W 80+ Gold-835,401,410,,,,350
Power Supply,be quiet! 950W 80+ Gold-836,908,898,,,,950
Power Supply,be quiet! 300W 80+ Gold-837,179,186,,,,300
Power Supply,Corsair 600W 80+ Gold-838,616,642,,,,600
Power Supply,Endorfy 300W 80+ Gold-839,169,177,,,,300
Power Supply,be quiet! 450W 80+ Gold-840,464,466,,,,450
Power Supply,Endorfy 650W 80+ Gold-841,552,555,,,,650
Power Supply,Endorfy 1150W 80+ Gold-842,993,952,,,,1150
Power Supply,Endorfy 1100W 80+ Gold-843,1179,1204,,,,1100
Power Supply,Seasonic 1200W 80+ Gold-844,887,886,,,,1200
Power Supply,be quiet! 950W 80+ Gold-845,943,897,,,,950
Power Supply,be quiet! 350W 80+ Gold-846,279,302,,,,350
Power Supply,Corsair 450W 80+ Gold-847,229,211,,,,450
Power Supply,be quiet! 1150W 80+ Gold-848,1007,934,,,,1150
Power Supply,be quiet! 700W 80+ Gold-849,730,800,,,,700
Power Supply,Seasonic 800W 80+ Gold-850,922,1009,,,,800
Power Supply,be quiet! 550W 80+ Gold-851,410,411,,,,550
Power Supply,Corsair 550W 80+ Gold-852,545,520,,,,550
Power Supply,Endorfy 800W 80+ Gold-853,736,697,,,,800
Power Supply,Corsair 1150W 80+ Gold-854,1199,1173,,,,1150
Power Supply,Endorfy 750W 80+ Gold-855,825,747,,,,750
Power Supply,be quiet! 450W 80+ Gold-856,295,306,,,,450
Power Supply,be quiet! 850W 80+ Gold-857,436,447,,,,850
Power Supply,be quiet! 800W 80+ Gold-858,497,448,,,,800
Power Supply,Endorfy 300W 80+ Gold-859,158,149,,,,300
Power Supply,Corsair 300W 80+ Gold-860,237,230,,,,300
Power Supply,Corsair 700W 80+ Gold-861,564,528,,,,700
Power Supply,Endorfy 650W 80+ Gold-862,538,499,,,,650
Power Supply,Corsair 650W 80+ Gold-863,583,627,,,,650
Power Supply,Endorfy 350W 80+ Gold-864,283,288,,,,350
Power Supply,Corsair 850W 80+ Gold-865,1007,1054,,,,850
Power Supply,Corsair 400W 80+ Gold-866,478,457,,,,400
Power Supply,Seasonic 1150W 80+ Gold-867,677,716,,,,1150
Power Supply,Endorfy 600W 80+ Gold-868,526,498,,,,600
Power Supply,Seasonic 1150W 80+ Gold-869,851,834,,,,1150
Power Supply,Corsair 1200W 80+ Gold-870,1210,1276,,,,1200
Power Supply,be quiet! 900W 80+ Gold-871,1050,986,,,,900
Power Supply,Endorfy 1050W 80+ Gold-872,1124,1053,,,,1050
Power Supply,Endorfy 950W 80+ Gold-873,636,664,,,,950
Power Supply,be quiet! 300W 80+ Gold-874,260,285,,,,300
Power Supply,be quiet! 900W 80+ Gold-875,1014,1062,,,,900
Power Supply,Corsair 400W 80+ Gold-876,431,463,,,,400
Power Supply,Corsair 400W 80+ Gold-877,436,405,,,,400
Power Supply,Endorfy 450W 80+ Gold-878,439,411,,,,450
Power Supply,Seasonic 500W 80+ Gold-879,344,323,,,,500
Power Supply,Seasonic 800W 80+ Gold-880,486,473,,,,800
Power Supply,Seasonic 900W 80+ Gold-881,814,738,,,,900
Power Supply,Endorfy 350W 80+ Gold-882,366,376,,,,350
Power Supply,Corsair 400W 80+ Gold-883,444,406,,,,400
Power Supply,Seasonic 300W 80+ Gold-884,314,293,,,,300
Power Supply,Seasonic 1150W 80+ Gold-885,622,649,,,,1150
Power Supply,Endorfy 950W 80+ Gold-886,1018,948,,,,950
Power Supply,be quiet! 300W 80+ Gold-887,282,282,,,,300
Power Supply,be quiet! 600W 80+ Gold-888,652,626,,,,600
Power Supply,be quiet! 1200W 80+ Gold-889,1310,1347,,,,1200
Power Supply,be quiet! 900W 80+ Gold-890,720,703,,,,900
Power Supply,Corsair 1200W 80+ Gold-891,725,780,,,,1200
Power Supply,Corsair 500W 80+ Gold-892,445,478,,,,500
Power Supply,be quiet! 1100W 80+ Gold-893,921,946,,,,1100
Power Supply,Corsair 1100W 80+ Gold-894,1203,1267,,,,1100
Power Supply,Endorfy 700W 80+ Gold-895,714,662,,,,700
Power Supply,Corsair 500W 80+ Gold-896,460,459,,,,500
Power Supply,Seasonic 950W 80+ Gold-897,914,971,,,,950
Power Supply,Corsair 1100W 80+ Gold-898,583,528,,,,1100
Power Supply,Endorfy 600W 80+ Gold-899,510,479,,,,600
Power Supply,Seasonic 500W 80+ Gold-900,276,256,,,,500
Power Supply,Seasonic 750W 80+ Gold-901,459,420,,,,750
Power Supply,be quiet! 1100W 80+ Gold-902,682,638,,,,1100
Power Supply,Seasonic 1200W 80+ Gold-903,696,629,,,,1200
Power Supply,Corsair 400W 80+ Gold-904,252,236,,,,400
Power Supply,Seasonic 450W 80+ Gold-905,486,499,,,,450
Power Supply,be quiet! 550W 80+ Gold-906,400,420,,,,550
Power Supply,Endorfy 1150W 80+ Gold-907,1016,990,,,,1150
Power Supply,Seasonic 650W 80+ Gold-908,763,783,,,,650
Power Supply,be quiet! 350W 80+ Gold-909,185,189,,,,350
Power Supply,Corsair 600W 80+ Gold-910,380,379,,,,600
Power Supply,be quiet! 600W 80+ Gold-911,590,644,,,,600
Power Supply,be quiet! 1100W 80+ Gold-912,1115,1029,,,,1100
Power Supply,Endorfy 350W 80+ Gold-913,382,414,,,,350
Power Supply,Seasonic 500W 80+ Gold-914,543,553,,,,500
Power Supply,Endorfy 1200W 80+ Gold-915,1369,1484,,,,1200
Power Supply,Corsair 1000W 80+ Gold-916,680,747,,,,1000
Power Supply,Corsair 750W 80+ Gold-917,890,876,,,,750
Power Supply,be quiet! 550W 80+ Gold-918,609,669,,,,550
Power Supply,Seasonic 900W 80+ Gold-919,531,563,,,,900
Power Supply,Corsair 550W 80+ Gold-920,575,572,,,,550
Power Supply,Endorfy 1000W 80+ Gold-921,540,549,,,,1000
Power Supply,be quiet! 750W 80+ Gold-922,801,776,,,,750
Power Supply,Endorfy 700W 80+ Gold-923,409,382,,,,700
Power Supply,Seasonic 500W 80+ Gold-924,595,649,,,,500
Power Supply,Corsair 300W 80+ Gold-925,223,229,,,,300
Power Supply,be quiet! 650W 80+ Gold-926,613,566,,,,650
Power Supply,Corsair 1200W 80+ Gold-927,719,666,,,,1200
Power Supply,be quiet! 1000W 80+ Gold-928,1164,1124,,,,1000
Power Supply,be quiet! 900W 80+ Gold-929,545,526,,,,900
Power Supply,be quiet! 1050W 80+ Gold-930,993,1078,,,,1050
Power Supply,Corsair 300W 80+ Gold-931,254,263,,,,300
Power Supply,Seasonic 500W 80+ Gold-932,411,370,,,,500
Power Supply,Endorfy 1150W 80+ Gold-933,728,777,,,,1150
Power Supply,Corsair 1100W 80+ Gold-934,569,573,,,,1100
Power Supply,Endorfy 1000W 80+ Gold-935,765,794,,,,1000
Power Supply,Seasonic 750W 80+ Gold-936,406,415,,,,750
Power Supply,Endorfy 1000W 80+ Gold-937,1023,992,,,,1000
Power Supply,Seasonic 900W 80+ Gold-938,487,521,,,,900
Power Supply,be quiet! 650W 80+ Gold-939,437,421,,,,650
Power Supply,Corsair 1150W 80+ Gold-940,986,986,,,,1150
Power Supply,Endorfy 750W 80+ Gold-941,622,656,,,,750
Power Supply,Corsair 1100W 80+ Gold-942,1100,1124,,,,1100
Power Supply,be quiet! 1050W 80+ Gold-943,1167,1240,,,,1050
Power Supply,be quiet! 550W 80+ Gold-944,421,396,,,,550
Power Supply,be quiet! 500W 80+ Gold-945,419,456,,,,500
Power Supply,Endorfy 1100W 80+ Gold-946,1300,1338,,,,1100
Power Supply,Endorfy 1150W 80+ Gold-947,676,638,,,,1150
Power Supply,Endorfy 400W 80+ Gold-948,389,381,,,,400
Power Supply,Endorfy 700W 80+ Gold-949,674,623,,,,700
Power Supply,Seasonic 1200W 80+ Gold-950,949,1015,,,,1200
Power Supply,Corsair 900W 80+ Gold-951,650,697,,,,900
Power Supply,be quiet! 1100W 80+ Gold-952,1088,1111,,,,1100
Power Supply,Seasonic 550W 80+ Gold-953,544,497,,,,550
Power Supply,Endorfy 1100W 80+ Gold-954,1101,1018,,,,1100
Power Supply,be quiet! 650W 80+ Gold-955,413,410,,,,650
Power Supply,Seasonic 350W 80+ Gold-956,385,363,,,,350
Power Supply,Corsair 650W 80+ Gold-957,479,457,,,,650
Power Supply,Corsair 300W 80+ Gold-958,341,343,,,,300
Power Supply,Corsair 800W 80+ Gold-959,708,723,,,,800
Power Supply,be quiet! 750W 80+ Gold-960,654,631,,,,750
Power Supply,be quiet! 400W 80+ Gold-961,277,282,,,,400
Power Supply,Corsair 550W 80+ Gold-962,310,293,,,,550
Power Supply,Endorfy 550W 80+ Gold-963,338,329,,,,550
Power Supply,Corsair 800W 80+ Gold-964,674,710,,,,800
Power Supply,Corsair 800W 80+ Gold-965,451,482,,,,800
Power Supply,be quiet! 500W 80+ Gold-966,385,364,,,,500
Power Supply,Endorfy 900W 80+ Gold-967,574,571,,,,900
Power Supply,Endorfy 400W 80+ Gold-968,355,340,,,,400
Power Supply,Endorfy 500W 80+ Gold-969,458,473,,,,500
Power Supply,Endorfy 650W 80+ Gold-970,546,562,,,,650
Power Supply,Endorfy 900W 80+ Gold-971,777,737,,,,900
Power Supply,Seasonic 600W 80+ Gold-972,690,650,,,,600
Power Supply,Endorfy 450W 80+ Gold-973,349,340,,,,450
Power Supply,be quiet! 800W 80+ Gold-974,507,555,,,,800
Power Supply,be quiet! 800W 80+ Gold-975,600,551,,,,800
Power Supply,Seasonic 500W 80+ Gold-976,549,582,,,,500
Power Supply,Corsair 500W 80+ Gold-977,313,290,,,,500
Power Supply,Seasonic 1050W 80+ Gold-978,939,949,,,,1050
Power Supply,Corsair 900W 80+ Gold-979,732,739,,,,900
Power Supply,be quiet! 750W 80+ Gold-980,501,534,,,,750
Power Supply,be quiet! 600W 80+ Gold-981,714,757,,,,600
Power Supply,be quiet! 900W 80+ Gold-982,607,658,,,,900
Power Supply,Corsair 400W 80+ Gold-983,357,359,,,,400
Power Supply,Corsair 1000W 80+ Gold-984,657,600,,,,1000
Power Supply,Corsair 1100W 80+ Gold-985,1301,1217,,,,1100
Power Supply,be quiet! 1200W 80+ Gold-986,722,753,,,,1200
Power Supply,be quiet! 750W 80+ Gold-987,377,374,,,,750
Power Supply,Seasonic 400W 80+ Gold-988,294,284,,,,400
Power Supply,Endorfy 950W 80+ Gold-989,1066,1080,,,,950
Power Supply,Seasonic 1100W 80+ Gold-990,955,942,,,,1100
Power Supply,Endorfy 700W 80+ Gold-991,388,392,,,,700
Power Supply,be quiet! 600W 80+ Gold-992,496,484,,,,600
Power Supply,be quiet! 500W 80+ Gold-993,375,381,,,,500
Power Supply,Endorfy 450W 80+ Gold-994,336,308,,,,450
Power Supply,be quiet! 300W 80+ Gold-995,334,318,,,,300
Power Supply,Endorfy 1100W 80+ Gold-996,745,777,,,,1100
Power Supply,Corsair 1100W 80+ Gold-997,595,641,,,,1100
Power Supply,Corsair 1200W 80+ Gold-998,767,806,,,,1200
Power Supply,be quiet! 750W 80+ Gold-999,834,809,,,,750
Power Supply,Corsair 1000W 80+ Gold-1000,1186,1264,,,,1000
Power Supply,Endorfy 850W 80+ Gold-1001,679,632,,,,850
Power Supply,Seasonic 1000W 80+ Gold-1002,1098,1008,,,,1000
Power Supply,be quiet! 1200W 80+ Gold-1003,1135,1087,,,,1200
Power Supply,Corsair 850W 80+ Gold-1004,894,855,,,,850
Power Supply,Corsair 850W 80+ Gold-1005,456,466,,,,850
Power Supply,Seasonic 350W 80+ Gold-1006,331,338,,,,350
Power Supply,Seasonic 400W 80+ Gold-1007,203,188,,,,400
Power Supply,Seasonic 800W 80+ Gold-1008,605,660,,,,800
Power Supply,Endorfy 650W 80+ Gold-1009,620,631,,,,650
Power Supply,be quiet! 950W 80+ Gold-1010,1076,1044,,,,950
Power Supply,Endorfy 700W 80+ Gold-1011,371,371,,,,700
Power Supply,Corsair 900W 80+ Gold-1012,907,948,,,,900
Power Supply,Corsair 750W 80+ Gold-1013,412,439,,,,750
Power Supply,Endorfy 1000W 80+ Gold-1014,1150,1092,,,,1000
Power Supply,be quiet! 400W 80+ Gold-1015,441,475,,,,400
Power Supply,Endorfy 1150W 80+ Gold-1016,681,748,,,,1150
Power Supply,Corsair 1050W 80+ Gold-1017,964,913,,,,1050
Power Supply,Seasonic 950W 80+ Gold-1018,617,577,,,,950
Power Supply,Seasonic 450W 80+ Gold-1019,301,278,,,,450
Power Supply,be quiet! 1050W 80+ Gold-1020,661,630,,,,1050
Power Supply,Endorfy 1150W 80+ Gold-1021,1361,1440,,,,1150
Power Supply,Endorfy 300W 80+ Gold-1022,171,179,,,,300
Power Supply,Endorfy 300W 80+ Gold-1023,203,187,,,,300
Power Supply,Seasonic 950W 80+ Gold-1024,1065,961,,,,950
Power Supply,Corsair 600W 80+ Gold-1025,379,342,,,,600
Power Supply,be quiet! 1000W 80+ Gold-1026,1099,1127,,,,1000
Power Supply,Endorfy 400W 80+ Gold-1027,328,317,,,,400
Power Supply,Corsair 600W 80+ Gold-1028,602,546,,,,600
Power Supply,be quiet! 650W 80+ Gold-1029,681,622,,,,650
Power Supply,be quiet! 750W 80+ Gold-1030,739,681,,,,750
Power Supply,be quiet! 500W 80+ Gold-1031,395,383,,,,500
Power Supply,Corsair 800W 80+ Gold-1032,412,406,,,,800
Power Supply,be quiet! 600W 80+ Gold-1033,715,708,,,,600
Power Supply,Corsair 500W 80+ Gold-1034,371,351,,,,500
Power Supply,Corsair 1200W 80+ Gold-1035,711,762,,,,1200
Power Supply,be quiet! 400W 80+ Gold-1036,213,199,,,,400
Power Supply,Corsair 500W 80+ Gold-1037,385,384,,,,500
Power Supply,be quiet! 850W 80+ Gold-1038,436,427,,,,850
Power Supply,Seasonic 850W 80+ Gold-1039,529,495,,,,850
Power Supply,be quiet! 1200W 80+ Gold-1040,639,607,,,,1200
Power Supply,Endorfy 1000W 80+ Gold-1041,818,746,,,,1000
Power Supply,Endorfy 1100W 80+ Gold-1042,769,841,,,,1100
Power Supply,be quiet! 350W 80+ Gold-1043,264,289,,,,350
Power Supply,Corsair 850W 80+ Gold-1044,597,598,,,,850
Power Supply,Seasonic 550W 80+ Gold-1045,513,550,,,,550
Power Supply,Seasonic 500W 80+ Gold-1046,320,308,,,,500
Power Supply,be quiet! 950W 80+ Gold-1047,1123,1015,,,,950
Power Supply,be quiet! 350W 80+ Gold-1048,266,245,,,,350
Power Supply,Corsair 1000W 80+ Gold-1049,1091,998,,,,1000
Power Supply,Seasonic 1000W 80+ Gold-1050,907,855,,,,1000
Power Supply,Endorfy 1050W 80+ Gold-1051,767,700,,,,1050
Power Supply,Seasonic 1050W 80+ Gold-1052,1245,1165,,,,1050
Power Supply,Corsair 450W 80+ Gold-1053,466,492,,,,450
Power Supply,Corsair 300W 80+ Gold-1054,198,204,,,,300
Power Supply,be quiet! 550W 80+ Gold-1055,327,349,,,,550
Power Supply,Seasonic 550W 80+ Gold-1056,636,673,,,,550
Power Supply,Endorfy 1100W 80+ Gold-1057,797,756,,,,1100
Power Supply,Endorfy 900W 80+ Gold-1058,830,868,,,,900
Power Supply,be quiet! 750W 80+ Gold-1059,646,687,,,,750
Power Supply,Corsair 700W 80+ Gold-1060,576,596,,,,700
Power Supply,Corsair 350W 80+ Gold-1061,226,212,,,,350
Power Supply,Endorfy 400W 80+ Gold-1062,437,412,,,,400
Power Supply,Corsair 1200W 80+ Gold-1063,1387,1381,,,,1200
Power Supply,be quiet! 750W 80+ Gold-1064,800,778,,,,750
Power Supply,Seasonic 400W 80+ Gold-1065,430,435,,,,400
Power Supply,Endorfy 1050W 80+ Gold-1066,978,1027,,,,1050
Power Supply,be quiet! 600W 80+ Gold-1067,602,608,,,,600
Power Supply,be quiet! 1150W 80+ Gold-1068,1191,1287,,,,1150
Power Supply,be quiet! 450W 80+ Gold-1069,267,243,,,,450
Power Supply,Corsair 400W 80+ Gold-1070,453,432,,,,400
Power Supply,Corsair 850W 80+ Gold-1071,791,757,,,,850
Power Supply,be quiet! 550W 80+ Gold-1072,449,412,,,,550
Power Supply,Endorfy 350W 80+ Gold-1073,215,233,,,,350
Power Supply,Endorfy 400W 80+ Gold-1074,259,255,,,,400
Power Supply,be quiet! 1100W 80+ Gold-1075,1294,1316,,,,1100
Power Supply,Corsair 850W 80+ Gold-1076,532,517,,,,850
Power Supply,be quiet! 650W 80+ Gold-1077,684,616,,,,650
Power Supply,Corsair 1000W 80+ Gold-1078,836,846,,,,1000
Power Supply,Endorfy 450W 80+ Gold-1079,321,329,,,,450
Power Supply,be quiet! 950W 80+ Gold-1080,540,519,,,,950
Power Supply,Seasonic 300W 80+ Gold-1081,298,282,,,,300
Power Supply,be quiet! 1200W 80+ Gold-1082,774,803,,,,1200
Power Supply,Endorfy 400W 80+ Gold-1083,335,313,,,,400
Power Supply,be quiet! 900W 80+ Gold-1084,1079,1139,,,,900
Power Supply,be quiet! 500W 80+ Gold-1085,433,457,,,,500
Power Supply,Corsair 550W 80+ Gold-1086,632,656,,,,550
Power Supply,Seasonic 750W 80+ Gold-1087,788,858,,,,750
Power Supply,Corsair 1100W 80+ Gold-1088,1183,1300,,,,1100
Power Supply,Seasonic 300W 80+ Gold-1089,159,170,,,,300
Power Supply,Endorfy 500W 80+ Gold-1090,339,311,,,,500
Power Supply,be quiet! 700W 80+ Gold-1091,819,872,,,,700
Power Supply,Seasonic 1150W 80+ Gold-1092,809,846,,,,1150
Power Supply,Seasonic 1200W 80+ Gold-1093,1343,1470,,,,1200
Power Supply,Endorfy 400W 80+ Gold-1094,289,280,,,,400
Power Supply,Endorfy 950W 80+ Gold-1095,853,867,,,,950
Power Supply,Endorfy 1100W 80+ Gold-1096,749,815,,,,1100
Power Supply,be quiet! 1050W 80+ Gold-1097,1088,1185,,,,1050
Power Supply,Seasonic 650W 80+ Gold-1098,611,582,,,,650
Power Supply,be quiet! 950W 80+ Gold-1099,601,628,,,,950
Power Supply,Seasonic 300W 80+ Gold-1100,179,172,,,,300
Power Supply,Endorfy 750W 80+ Gold-1101,507,490,,,,750
Power Supply,Seasonic 1000W 80+ Gold-1102,705,694,,,,1000
Power Supply,Seasonic 750W 80+ Gold-1103,638,696,,,,750
Power Supply,Seasonic 500W 80+ Gold-1104,476,461,,,,500
Power Supply,be quiet! 850W 80+ Gold-1105,457,445,,,,850
Power Supply,Corsair 1150W 80+ Gold-1106,1036,970,,,,1150
Power Supply,Corsair 450W 80+ Gold-1107,499,494,,,,450
Power Supply,be quiet! 1100W 80+ Gold-1108,862,803,,,,1100
Power Supply,Seasonic 550W 80+ Gold-1109,458,501,,,,550
Power Supply,Seasonic 1150W 80+ Gold-1110,1065,1141,,,,1150
Power Supply,Corsair 600W 80+ Gold-1111,542,559,,,,600
Power Supply,Corsair 550W 80+ Gold-1112,492,452,,,,550
Power Supply,Endorfy 1100W 80+ Gold-1113,612,672,,,,1100
Power Supply,Seasonic 750W 80+ Gold-1114,897,951,,,,750
Power Supply,Seasonic 650W 80+ Gold-1115,674,653,,,,650
Power Supply,Endorfy 800W 80+ Gold-1116,426,452,,,,800
Power Supply,Seasonic 850W 80+ Gold-1117,526,497,,,,850
Power Supply,Endorfy 550W 80+ Gold-1118,504,551,,,,550
Power Supply,be quiet! 900W 80+ Gold-1119,1006,982,,,,900
Power Supply,Corsair 1150W 80+ Gold-1120,1150,1066,,,,1150
Power Supply,be quiet! 350W 80+ Gold-1121,419,456,,,,350
Power Supply,Seasonic 500W 80+ Gold-1122,546,507,,,,500
Power Supply,Seasonic 350W 80+ Gold-1123,356,338,,,,350
Power Supply,Corsair 350W 80+ Gold-1124,404,370,,,,350
Power Supply,be quiet! 650W 80+ Gold-1125,433,396,,,,650
Power Supply,Corsair 600W 80+ Gold-1126,398,416,,,,600
Power Supply,be quiet! 400W 80+ Gold-1127,347,362,,,,400
Power Supply,be quiet! 1200W 80+ Gold-1128,978,1028,,,,1200
Power Supply,Endorfy 550W 80+ Gold-1129,475,446,,,,550
Power Supply,be quiet! 850W 80+ Gold-1130,722,682,,,,850
Power Supply,be quiet! 450W 80+ Gold-1131,434,430,,,,450
Power Supply,Corsair 1150W 80+ Gold-1132,649,646,,,,1150
Power Supply,Endorfy 1200W 80+ Gold-1133,872,869,,,,1200
Power Supply,Corsair 550W 80+ Gold-1134,635,618,,,,550
Power Supply,Seasonic 300W 80+ Gold-1135,152,150,,,,300
Power Supply,Seasonic 950W 80+ Gold-1136,598,608,,,,950
Power Supply,Seasonic 1050W 80+ Gold-1137,769,835,,,,1050
Power Supply,be quiet! 1150W 80+ Gold-1138,1132,1183,,,,1150
Power Supply,Corsair 800W 80+ Gold-1139,790,834,,,,800
Power Supply,be quiet! 1150W 80+ Gold-1140,865,827,,,,1150
Power Supply,Seasonic 1000W 80+ Gold-1141,1038,1032,,,,1000
Power Supply,Endorfy 500W 80+ Gold-1142,570,541,,,,500
Power Supply,Seasonic 300W 80+ Gold-1143,233,247,,,,300
Power Supply,Endorfy 1150W 80+ Gold-1144,1310,1355,,,,1150
Power Supply,be quiet! 500W 80+ Gold-1145,518,566,,,,500
Power Supply,Corsair 750W 80+ Gold-1146,740,778,,,,750
Power Supply,Endorfy 1100W 80+ Gold-1147,613,602,,,,1100
Power Supply,be quiet! 750W 80+ Gold-1148,702,684,,,,750
Power Supply,Endorfy 750W 80+ Gold-1149,431,439,,,,750
Power Supply,Endorfy 1200W 80+ Gold-1150,1043,1136,,,,1200
Power Supply,be quiet! 950W 80+ Gold-1151,734,799,,,,950
Power Supply,Endorfy 650W 80+ Gold-1152,750,756,,,,650
Power Supply,Corsair 300W 80+ Gold-1153,236,231,,,,300
Power Supply,Endorfy 450W 80+ Gold-1154,242,233,,,,450
Power Supply,Endorfy 700W 80+ Gold-1155,430,408,,,,700
Power Supply,Seasonic 1050W 80+ Gold-1156,1066,1027,,,,1050
Power Supply,Endorfy 600W 80+ Gold-1157,714,658,,,,600
Power Supply,Corsair 500W 80+ Gold-1158,424,457,,,,500
Power Supply,Seasonic 700W 80+ Gold-1159,480,521,,,,700
Power Supply,Seasonic 1000W 80+ Gold-1160,832,855,,,,1000
Power Supply,Seasonic 450W 80+ Gold-1161,523,512,,,,450
Power Supply,Corsair 950W 80+ Gold-1162,643,633,,,,950
Power Supply,Seasonic 450W 80+ Gold-1163,459,500,,,,450
Power Supply,Endorfy 400W 80+ Gold-1164,425,404,,,,400
Power Supply,Corsair 600W 80+ Gold-1165,491,447,,,,600
Power Supply,Corsair 1000W 80+ Gold-1166,587,556,,,,1000
Power Supply,Endorfy 1100W 80+ Gold-1167,632,667,,,,1100
Power Supply,Seasonic 400W 80+ Gold-1168,334,317,,,,400
Power Supply,Seasonic 650W 80+ Gold-1169,727,770,,,,650
Power Supply,Seasonic 1000W 80+ Gold-1170,826,888,,,,1000
Power Supply,be quiet! 1000W 80+ Gold-1171,1058,1037,,,,1000
Power Supply,Endorfy 950W 80+ Gold-1172,794,858,,,,950
Power Supply,Seasonic 450W 80+ Gold-1173,403,422,,,,450
Power Supply,Corsair 800W 80+ Gold-1174,435,437,,,,800
Power Supply,Seasonic 750W 80+ Gold-1175,748,757,,,,750
Power Supply,Corsair 650W 80+ Gold-1176,524,566,,,,650
Power Supply,Corsair 300W 80+ Gold-1177,229,249,,,,300
Power Supply,Corsair 850W 80+ Gold-1178,502,489,,,,850
Power Supply,Corsair 1050W 80+ Gold-1179,556,540,,,,1050
Power Supply,Endorfy 600W 80+ Gold-1180,415,383,,,,600
Power Supply,Corsair 850W 80+ Gold-1181,685,618,,,,850
Power Supply,Corsair 300W 80+ Gold-1182,204,197,,,,300
Power Supply,Seasonic 900W 80+ Gold-1183,718,674,,,,900
Power Supply,Seasonic 1200W 80+ Gold-1184,770,706,,,,1200
Power Supply,Endorfy 350W 80+ Gold-1185,246,261,,,,350
Power Supply,Endorfy 850W 80+ Gold-1186,748,792,,,,850
Power Supply,Seasonic 850W 80+ Gold-1187,444,463,,,,850
Power Supply,Corsair 350W 80+ Gold-1188,406,441,,,,350
Power Supply,Seasonic 300W 80+ Gold-1189,227,236,,,,300
Power Supply,be quiet! 300W 80+ Gold-1190,238,251,,,,300
Power Supply,Corsair 450W 80+ Gold-1191,232,236,,,,450
Power Supply,be quiet! 350W 80+ Gold-1192,355,323,,,,350
Power Supply,Endorfy 300W 80+ Gold-1193,220,239,,,,300
Power Supply,Seasonic 1150W 80+ Gold-1194,749,742,,,,1150
Power Supply,Endorfy 1100W 80+ Gold-1195,1195,1179,,,,1100
Power Supply,Endorfy 750W 80+ Gold-1196,714,739,,,,750
Power Supply,be quiet! 550W 80+ Gold-1197,286,293,,,,550
Power Supply,be quiet! 1000W 80+ Gold-1198,857,836,,,,1000
Power Supply,be quiet! 650W 80+ Gold-1199,688,706,,,,650
Power Supply,be quiet! 1150W 80+ Gold-1200,742,811,,,,1150
Power Supply,Corsair 1000W 80+ Gold-1201,832,889,,,,1000
Power Supply,Corsair 550W 80+ Gold-1202,447,423,,,,550
Power Supply,Seasonic 800W 80+ Gold-1203,723,668,,,,800
Power Supply,Corsair 350W 80+ Gold-1204,246,241,,,,350
Power Supply,Corsair 1000W 80+ Gold-1205,1157,1185,,,,1000
Power Supply,Corsair 1200W 80+ Gold-1206,714,677,,,,1200
Power Supply,Corsair 1150W 80+ Gold-1207,593,580,,,,1150
Power Supply,Corsair 600W 80+ Gold-1208,641,596,,,,600
Power Supply,Seasonic 350W 80+ Gold-1209,417,377,,,,350
Power Supply,Endorfy 500W 80+ Gold-1210,474,489,,,,500
Power Supply,be quiet! 350W 80+ Gold-1211,282,257,,,,350
Power Supply,be quiet! 500W 80+ Gold-1212,559,572,,,,500
Power Supply,Corsair 850W 80+ Gold-1213,880,823,,,,850
Power Supply,Seasonic 700W 80+ Gold-1214,642,691,,,,700
Power Supply,Endorfy 1150W 80+ Gold-1215,892,912,,,,1150
Power Supply,Corsair 550W 80+ Gold-1216,591,586,,,,550
Power Supply,Corsair 1000W 80+ Gold-1217,804,787,,,,1000
Power Supply,Endorfy 550W 80+ Gold-1218,300,300,,,,550
Power Supply,be quiet! 900W 80+ Gold-1219,947,955,,,,900
Power Supply,be quiet! 300W 80+ Gold-1220,295,307,,,,300
Power Supply,Endorfy 900W 80+ Gold-1221,468,482,,,,900
Power Supply,Endorfy 850W 80+ Gold-1222,650,620,,,,850
Power Supply,be quiet! 450W 80+ Gold-1223,391,406,,,,450
Power Supply,Corsair 650W 80+ Gold-1224,692,754,,,,650
Power Supply,Corsair 1000W 80+ Gold-1225,617,667,,,,1000
Power Supply,Endorfy 1050W 80+ Gold-1226,645,625,,,,1050
Power Supply,Corsair 750W 80+ Gold-1227,385,374,,,,750
Power Supply,Endorfy 550W 80+ Gold-1228,294,281,,,,550
Power Supply,be quiet! 550W 80+ Gold-1229,439,472,,,,550
Power Supply,Corsair 400W 80+ Gold-1230,398,383,,,,400
Power Supply,be quiet! 500W 80+ Gold-1231,266,249,,,,500
Power Supply,Corsair 900W 80+ Gold-1232,918,893,,,,900
Power Supply,Corsair 450W 80+ Gold-1233,438,422,,,,450
Power Supply,Seasonic 1100W 80+ Gold-1234,996,1023,,,,1100
Power Supply,Endorfy 350W 80+ Gold-1235,214,232,,,,350
Power Supply,Seasonic 950W 80+ Gold-1236,604,584,,,,950
Power Supply,Seasonic 350W 80+ Gold-1237,306,280,,,,350
Power Supply,Seasonic 300W 80+ Gold-1238,274,300,,,,300
Power Supply,Corsair 1100W 80+ Gold-1239,1276,1395,,,,1100
Power Supply,be quiet! 1150W 80+ Gold-1240,999,1007,,,,1150
Power Supply,be quiet! 850W 80+ Gold-1241,485,462,,,,850
Power Supply,Corsair 1150W 80+ Gold-1242,1330,1267,,,,1150
Power Supply,Seasonic 1000W 80+ Gold-1243,972,1009,,,,1000
Power Supply,be quiet! 650W 80+ Gold-1244,575,569,,,,650
Power Supply,Seasonic 800W 80+ Gold-1245,545,575,,,,800
Power Supply,Seasonic 650W 80+ Gold-1246,416,407,,,,650
Power Supply,be quiet! 400W 80+ Gold-1247,425,416,,,,400
Power Supply,Seasonic 550W 80+ Gold-1248,532,553,,,,550
Power Supply,Seasonic 350W 80+ Gold-1249,274,264,,,,350
Power Supply,be quiet! 600W 80+ Gold-1250,340,318,,,,600
Power Supply,Endorfy 400W 80+ Gold-1251,358,393,,,,400
Power Supply,Seasonic 500W 80+ Gold-1252,411,436,,,,500
Power Supply,Corsair 900W 80+ Gold-1253,584,562,,,,900
Power Supply,Seasonic 800W 80+ Gold-1254,621,673,,,,800
Power Supply,Endorfy 350W 80+ Gold-1255,266,271,,,,350
Power Supply,Endorfy 350W 80+ Gold-1256,334,351,,,,350
Power Supply,be quiet! 1050W 80+ Gold-1257,772,704,,,,1050
Power Supply,Seasonic 700W 80+ Gold-1258,430,415,,,,700
Power Supply,Endorfy 950W 80+ Gold-1259,966,986,,,,950
Power Supply,Endorfy 650W 80+ Gold-1260,590,557,,,,650
Power Supply,Seasonic 500W 80+ Gold-1261,402,432,,,,500
Power Supply,Corsair 350W 80+ Gold-1262,390,370,,,,350
Power Supply,Seasonic 650W 80+ Gold-1263,604,633,,,,650
Power Supply,Endorfy 300W 80+ Gold-1264,240,228,,,,300
Power Supply,Corsair 400W 80+ Gold-1265,264,258,,,,400
Power Supply,Seasonic 700W 80+ Gold-1266,600,644,,,,700
Power Supply,be quiet! 800W 80+ Gold-1267,800,831,,,,800
Power Supply,be quiet! 1050W 80+ Gold-1268,1099,1013,,,,1050
Power Supply,Endorfy 600W 80+ Gold-1269,558,582,,,,600
Power Supply,Seasonic 650W 80+ Gold-1270,777,714,,,,650
Power Supply,Corsair 750W 80+ Gold-1271,830,871,,,,750
Power Supply,be quiet! 650W 80+ Gold-1272,564,513,,,,650
Power Supply,Corsair 500W 80+ Gold-1273,310,304,,,,500
Power Supply,Corsair 1150W 80+ Gold-1274,1160,1085,,,,1150
Power Supply,Endorfy 450W 80+ Gold-1275,283,290,,,,450
Power Supply,be quiet! 400W 80+ Gold-1276,307,290,,,,400
Power Supply,Seasonic 1200W 80+ Gold-1277,676,729,,,,1200
Power Supply,be quiet! 950W 80+ Gold-1278,980,989,,,,950
Power Supply,Endorfy 700W 80+ Gold-1279,579,576,,,,700
Power Supply,Endorfy 1150W 80+ Gold-1280,1165,1189,,,,1150
Power Supply,be quiet! 1200W 80+ Gold-1281,1229,1132,,,,1200
Power Supply,be quiet! 850W 80+ Gold-1282,597,537,,,,850
Power Supply,Seasonic 700W 80+ Gold-1283,516,538,,,,700
Power Supply,Seasonic 1150W 80+ Gold-1284,1361,1330,,,,1150
Power Supply,Endorfy 650W 80+ Gold-1285,336,304,,,,650
Power Supply,Corsair 350W 80+ Gold-1286,206,219,,,,350
Power Supply,Corsair 600W 80+ Gold-1287,548,516,,,,600
Power Supply,Corsair 500W 80+ Gold-1288,322,292,,,,500
Power Supply,Corsair 450W 80+ Gold-1289,481,522,,,,450
Power Supply,be quiet! 600W 80+ Gold-1290,664,633,,,,600
Power Supply,Endorfy 700W 80+ Gold-1291,636,675,,,,700
Power Supply,be quiet! 700W 80+ Gold-1292,761,697,,,,700
Power Supply,be quiet! 400W 80+ Gold-1293,407,438,,,,400
Power Supply,Corsair 1100W 80+ Gold-1294,653,605,,,,1100
Power Supply,Seasonic 950W 80+ Gold-1295,764,737,,,,950
Power Supply,Corsair 450W 80+ Gold-1296,385,420,,,,450
Power Supply,Corsair 400W 80+ Gold-1297,389,410,,,,400
Power Supply,be quiet! 700W 80+ Gold-1298,675,627,,,,700
Power Supply,Seasonic 1150W 80+ Gold-1299,752,687,,,,1150
Power Supply,Corsair 700W 80+ Gold-1300,693,643,,,,700
Power Supply,Seasonic 600W 80+ Gold-1301,415,429,,,,600
Power Supply,be quiet! 900W 80+ Gold-1302,726,714,,,,900
Power Supply,Seasonic 1200W 80+ Gold-1303,1229,1296,,,,1200
Power Supply,Endorfy 1050W 80+ Gold-1304,790,813,,,,1050
Power Supply,Seasonic 1200W 80+ Gold-1305,1280,1312,,,,1200
Power Supply,Endorfy 800W 80+ Gold-1306,436,461,,,,800
Power Supply,Seasonic 1050W 80+ Gold-1307,1032,942,,,,1050
Power Supply,Corsair 750W 80+ Gold-1308,571,598,,,,750
Power Supply,Endorfy 750W 80+ Gold-1309,610,616,,,,750
Power Supply,Seasonic 1050W 80+ Gold-1310,970,984,,,,1050
Power Supply,Corsair 300W 80+ Gold-1311,324,295,,,,300
Power Supply,Corsair 1000W 80+ Gold-1312,1025,1083,,,,1000
Power Supply,Endorfy 850W 80+ Gold-1313,748,806,,,,850
Power Supply,Corsair 700W 80+ Gold-1314,431,441,,,,700
Power Supply,Seasonic 1200W 80+ Gold-1315,1029,1102,,,,1200
Power Supply,Corsair 450W 80+ Gold-1316,248,258,,,,450
Power Supply,be quiet! 700W 80+ Gold-1317,787,854,,,,700
Power Supply,be quiet! 300W 80+ Gold-1318,308,316,,,,300
Power Supply,Seasonic 650W 80+ Gold-1319,371,379,,,,650
Power Supply,Corsair 550W 80+ Gold-1320,331,316,,,,550
Power Supply,Endorfy 750W 80+ Gold-1321,673,717,,,,750
Power Supply,Seasonic 1150W 80+ Gold-1322,689,705,,,,1150
Power Supply,be quiet! 1200W 80+ Gold-1323,1379,1349,,,,1200
Power Supply,Endorfy 1100W 80+ Gold-1324,955,1025,,,,1100
Power Supply,Corsair 900W 80+ Gold-1325,724,729,,,,900
Power Supply,Corsair 300W 80+ Gold-1326,321,320,,,,300
Power Supply,Endorfy 1150W 80+ Gold-1327,794,742,,,,1150
Power Supply,Endorfy 1100W 80+ Gold-1328,642,674,,,,1100
Power Supply,Corsair 1000W 80+ Gold-1329,1166,1264,,,,1000
Power Supply,Endorfy 950W 80+ Gold-1330,1013,969,,,,950
Power Supply,Corsair 850W 80+ Gold-1331,866,869,,,,850
Power Supply,Endorfy 350W 80+ Gold-1332,182,164,,,,350
Power Supply,Endorfy 850W 80+ Gold-1333,501,535,,,,850
Power Supply,Corsair 300W 80+ Gold-1334,324,334,,,,300
Power Supply,Seasonic 600W 80+ Gold-1335,407,372,,,,600
Power Supply,Corsair 800W 80+ Gold-1336,620,648,,,,800
Power Supply,Seasonic 1150W 80+ Gold-1337,1186,1182,,,,1150
Power Supply,Corsair 1000W 80+ Gold-1338,503,515,,,,1000
Power Supply,be quiet! 300W 80+ Gold-1339,358,380,,,,300
Power Supply,Corsair 500W 80+ Gold-1340,547,549,,,,500
Power Supply,Corsair 450W 80+ Gold-1341,516,555,,,,450
Power Supply,Corsair 950W 80+ Gold-1342,612,615,,,,950
Power Supply,Seasonic 650W 80+ Gold-1343,500,466,,,,650
Power Supply,be quiet! 1000W 80+ Gold-1344,1169,1202,,,,1000
Power Supply,Seasonic 1050W 80+ Gold-1345,975,1027,,,,1050
Power Supply,be quiet! 1050W 80+ Gold-1346,1016,1021,,,,1050
Power Supply,Endorfy 1000W 80+ Gold-1347,517,553,,,,1000
Power Supply,Corsair 300W 80+ Gold-1348,181,191,,,,300
Power Supply,Corsair 350W 80+ Gold-1349,269,271,,,,350
Power Supply,Corsair 1050W 80+ Gold-1350,942,1026,,,,1050
Power Supply,Seasonic 500W 80+ Gold-1351,295,288,,,,500
Power Supply,be quiet! 650W 80+ Gold-1352,340,370,,,,650
Power Supply,be quiet! 600W 80+ Gold-1353,381,359,,,,600
Power Supply,Corsair 1050W 80+ Gold-1354,811,798,,,,1050
Power Supply,Endorfy 1150W 80+ Gold-1355,869,807,,,,1150
Power Supply,Seasonic 1150W 80+ Gold-1356,1164,1274,,,,1150
Power Supply,Corsair 650W 80+ Gold-1357,636,635,,,,650
Power Supply,Corsair 550W 80+ Gold-1358,377,387,,,,550
Power Supply,Corsair 900W 80+ Gold-1359,961,1043,,,,900
Power Supply,be quiet! 1150W 80+ Gold-1360,732,721,,,,1150
Power Supply,Endorfy 850W 80+ Gold-1361,915,930,,,,850
Power Supply,Corsair 450W 80+ Gold-1362,305,332,,,,450
Power Supply,Corsair 400W 80+ Gold-1363,251,227,,,,400
Power Supply,Endorfy 750W 80+ Gold-1364,592,564,,,,750
Power Supply,be quiet! 300W 80+ Gold-1365,154,154,,,,300
Power Supply,Endorfy 650W 80+ Gold-1366,464,449,,,,650
Power Supply,be quiet! 600W 80+ Gold-1367,493,452,,,,600
Power Supply,be quiet! 900W 80+ Gold-1368,783,805,,,,900
Power Supply,Corsair 1050W 80+ Gold-1369,766,760,,,,1050
Power Supply,Seasonic 500W 80+ Gold-1370,271,257,,,,500
Power Supply,Endorfy 650W 80+ Gold-1371,509,514,,,,650
Power Supply,be quiet! 1000W 80+ Gold-1372,829,877,,,,1000
Power Supply,Endorfy 650W 80+ Gold-1373,645,690,,,,650
Power Supply,Endorfy 500W 80+ Gold-1374,560,510,,,,500
Power Supply,Seasonic 550W 80+ Gold-1375,282,294,,,,550
Power Supply,Corsair 850W 80+ Gold-1376,468,431,,,,850
Power Supply,be quiet! 950W 80+ Gold-1377,954,934,,,,950
Power Supply,Seasonic 800W 80+ Gold-1378,417,409,,,,800
Power Supply,Seasonic 1000W 80+ Gold-1379,1020,922,,,,1000
Power Supply,be quiet! 600W 80+ Gold-1380,334,355,,,,600
Power Supply,be quiet! 1000W 80+ Gold-1381,836,858,,,,1000
Power Supply,Endorfy 900W 80+ Gold-1382,598,554,,,,900
Power Supply,Endorfy 950W 80+ Gold-1383,540,556,,,,950
Power Supply,Endorfy 900W 80+ Gold-1384,498,517,,,,900
Power Supply,Corsair 1150W 80+ Gold-1385,722,777,,,,1150
Power Supply,Seasonic 1150W 80+ Gold-1386,652,681,,,,1150
Power Supply,Endorfy 750W 80+ Gold-1387,402,383,,,,750
Power Supply,Endorfy 650W 80+ Gold-1388,604,584,,,,650
Power Supply,Corsair 300W 80+ Gold-1389,315,297,,,,300
Power Supply,be quiet! 450W 80+ Gold-1390,514,469,,,,450
Power Supply,Seasonic 800W 80+ Gold-1391,672,684,,,,800
Power Supply,Corsair 950W 80+ Gold-1392,499,482,,,,950
Power Supply,Corsair 650W 80+ Gold-1393,558,539,,,,650
Power Supply,be quiet! 1200W 80+ Gold-1394,989,1014,,,,1200
Power Supply,Seasonic 1200W 80+ Gold-1395,722,768,,,,1200
Power Supply,Corsair 300W 80+ Gold-1396,188,206,,,,300
Power Supply,Seasonic 850W 80+ Gold-1397,758,769,,,,850
Power Supply,Seasonic 450W 80+ Gold-1398,397,403,,,,450
Power Supply,be quiet! 700W 80+ Gold-1399,473,431,,,,700
Power Supply,Seasonic 450W 80+ Gold-1400,323,341,,,,450
Power Supply,be quiet! 1050W 80+ Gold-1401,823,807,,,,1050
Power Supply,be quiet! 1000W 80+ Gold-1402,588,643,,,,1000
Power Supply,be quiet! 700W 80+ Gold-1403,671,628,,,,700
Power Supply,be quiet! 1200W 80+ Gold-1404,722,750,,,,1200
Power Supply,be quiet! 500W 80+ Gold-1405,346,345,,,,500
Power Supply,Endorfy 900W 80+ Gold-1406,1061,1047,,,,900
Power Supply,be quiet! 300W 80+ Gold-1407,169,161,,,,300
Power Supply,be quiet! 300W 80+ Gold-1408,256,278,,,,300
Power Supply,Endorfy 1200W 80+ Gold-1409,1033,1055,,,,1200
Power Supply,Seasonic 450W 80+ Gold-1410,449,445,,,,450
Power Supply,Endorfy 550W 80+ Gold-1411,643,693,,,,550
Power Supply,be quiet! 1100W 80+ Gold-1412,767,788,,,,1100
Power Supply,Seasonic 1150W 80+ Gold-1413,1184,1072,,,,1150
Power Supply,Endorfy 400W 80+ Gold-1414,391,404,,,,400
Power Supply,Seasonic 800W 80+ Gold-1415,409,414,,,,800
Power Supply,Corsair 1050W 80+ Gold-1416,1153,1126,,,,1050
Power Supply,be quiet! 300W 80+ Gold-1417,293,309,,,,300
Power Supply,Endorfy 300W 80+ Gold-1418,271,286,,,,300
Power Supply,Endorfy 450W 80+ Gold-1419,292,270,,,,450
Power Supply,be quiet! 850W 80+ Gold-1420,978,909,,,,850
Power Supply,be quiet! 1150W 80+ Gold-1421,975,903,,,,1150
Power Supply,Endorfy 400W 80+ Gold-1422,358,357,,,,400
Power Supply,Seasonic 600W 80+ Gold-1423,688,730,,,,600
Power Supply,Endorfy 1150W 80+ Gold-1424,1154,1104,,,,1150
Power Supply,Endorfy 700W 80+ Gold-1425,500,479,,,,700
Power Supply,Seasonic 300W 80+ Gold-1426,241,260,,,,300
Power Supply,Endorfy 650W 80+ Gold-1427,640,648,,,,650
Power Supply,be quiet! 650W 80+ Gold-1428,607,638,,,,650
Power Supply,Corsair 1150W 80+ Gold-1429,1007,917,,,,1150
Power Supply,Endorfy 600W 80+ Gold-1430,465,465,,,,600
Power Supply,be quiet! 700W 80+ Gold-1431,834,908,,,,700
Power Supply,Seasonic 1200W 80+ Gold-1432,1137,1073,,,,1200
Power Supply,Endorfy 1200W 80+ Gold-1433,1098,1154,,,,1200
Power Supply,be quiet! 1150W 80+ Gold-1434,1165,1183,,,,1150
Power Supply,Seasonic 300W 80+ Gold-1435,271,280,,,,300
Power Supply,Endorfy 500W 80+ Gold-1436,487,500,,,,500
Power Supply,be quiet! 1100W 80+ Gold-1437,991,921,,,,1100
Power Supply,Seasonic 800W 80+ Gold-1438,918,1008,,,,800
Power Supply,Corsair 750W 80+ Gold-1439,451,424,,,,750
Power Supply,Endorfy 1050W 80+ Gold-1440,752,782,,,,1050
Power Supply,be quiet! 1100W 80+ Gold-1441,583,633,,,,1100
Power Supply,Endorfy 500W 80+ Gold-1442,409,444,,,,500
Power Supply,Seasonic 1000W 80+ Gold-1443,945,877,,,,1000
Power Supply,Corsair 350W 80+ Gold-1444,231,243,,,,350
Power Supply,Endorfy 900W 80+ Gold-1445,845,877,,,,900
Power Supply,Endorfy 600W 80+ Gold-1446,641,692,,,,600
Power Supply,be quiet! 1200W 80+ Gold-1447,769,701,,,,1200
Power Supply,be quiet! 550W 80+ Gold-1448,621,674,,,,550
Power Supply,Endorfy 1150W 80+ Gold-1449,843,785,,,,1150
Power Supply,Corsair 1100W 80+ Gold-1450,554,565,,,,1100
Power Supply,Endorfy 500W 80+ Gold-1451,396,373,,,,500
Power Supply,Seasonic 1150W 80+ Gold-1452,688,671,,,,1150
Power Supply,Endorfy 400W 80+ Gold-1453,391,361,,,,400
Power Supply,be quiet! 550W 80+ Gold-1454,616,626,,,,550
Power Supply,Endorfy 550W 80+ Gold-1455,394,369,,,,550
Power Supply,Endorfy 1150W 80+ Gold-1456,997,1004,,,,1150
Power Supply,Endorfy 700W 80+ Gold-1457,618,666,,,,700
Power Supply,Seasonic 850W 80+ Gold-1458,971,925,,,,850
Power Supply,Endorfy 700W 80+ Gold-1459,385,402,,,,700
Power Supply,Corsair 1100W 80+ Gold-1460,1166,1104,,,,1100
Power Supply,Corsair 350W 80+ Gold-1461,218,211,,,,350
Power Supply,Corsair 500W 80+ Gold-1462,473,515,,,,500
Power Supply,be quiet! 950W 80+ Gold-1463,1110,1167,,,,950
Power Supply,Endorfy 600W 80+ Gold-1464,312,300,,,,600
Power Supply,Corsair 1050W 80+ Gold-1465,894,870,,,,1050
Power Supply,be quiet! 1050W 80+ Gold-1466,931,1012,,,,1050
Power Supply,Seasonic 1050W 80+ Gold-1467,920,985,,,,1050
Power Supply,be quiet! 800W 80+ Gold-1468,720,652,,,,800
Power Supply,Seasonic 1150W 80+ Gold-1469,606,636,,,,1150
Power Supply,be quiet! 750W 80+ Gold-1470,852,856,,,,750
Power Supply,Corsair 500W 80+ Gold-1471,259,241,,,,500
Power Supply,be quiet! 350W 80+ Gold-1472,225,235,,,,350
Power Supply,be quiet! 450W 80+ Gold-1473,311,341,,,,450
Power Supply,Endorfy 550W 80+ Gold-1474,314,304,,,,550
Power Supply,Endorfy 500W 80+ Gold-1475,586,548,,,,500
Power Supply,Corsair 1000W 80+ Gold-1476,836,873,,,,1000
Power Supply,be quiet! 750W 80+ Gold-1477,447,467,,,,750
Power Supply,Endorfy 550W 80+ Gold-1478,413,400,,,,550
Power Supply,Corsair 1150W 80+ Gold-1479,945,869,,,,1150
Power Supply,Corsair 850W 80+ Gold-1480,980,1055,,,,850
Power Supply,Seasonic 350W 80+ Gold-1481,335,343,,,,350
Power Supply,be quiet! 650W 80+ Gold-1482,765,742,,,,650
Power Supply,Corsair 1050W 80+ Gold-1483,669,625,,,,1050
Power Supply,be quiet! 700W 80+ Gold-1484,494,489,,,,700
Power Supply,Corsair 350W 80+ Gold-1485,338,358,,,,350
Power Supply,be quiet! 600W 80+ Gold-1486,539,583,,,,600
Power Supply,Seasonic 450W 80+ Gold-1487,378,383,,,,450
Power Supply,Endorfy 1200W 80+ Gold-1488,1098,996,,,,1200
Power Supply,be quiet! 500W 80+ Gold-1489,587,630,,,,500
Power Supply,be quiet! 450W 80+ Gold-1490,253,245,,,,450
Power Supply,Seasonic 600W 80+ Gold-1491,628,566,,,,600
Power Supply,Seasonic 400W 80+ Gold-1492,373,363,,,,400
Power Supply,be quiet! 900W 80+ Gold-1493,901,948,,,,900
Power Supply,Corsair 700W 80+ Gold-1494,819,898,,,,700
Power Supply,Corsair 600W 80+ Gold-1495,551,570,,,,600
Power Supply,Corsair 1150W 80+ Gold-1496,658,622,,,,1150
Power Supply,Seasonic 850W 80+ Gold-1497,516,545,,,,850
Power Supply,be quiet! 350W 80+ Gold-1498,220,224,,,,350
Power Supply,Corsair 800W 80+ Gold-1499,517,468,,,,800
Storage,WD NVMe SSD Gen3-0,523,602,,,,
Storage,Lexar NVMe SSD Gen4-1,377,341,,,,
Storage,Samsung NVMe SSD Gen3-2,202,181,,,,
Storage,WD NVMe SSD Gen3-3,221,231,,,,
Storage,Crucial NVMe SSD Gen5-4,598,590,,,,
Storage,Crucial NVMe SSD Gen4-5,557,545,,,,
Storage,WD NVMe SSD Gen5-6,154,133,,,,
Storage,Lexar NVMe SSD Gen4-7,976,852,,,,
Storage,Kingston NVMe SSD Gen4-8,158,185,,,,
Storage,Crucial NVMe SSD Gen3-9,882,966,,,,
Storage,Kingston NVMe SSD Gen3-10,1466,1206,,,,
Storage,WD NVMe SSD Gen3-11,470,402,,,,
Storage,Crucial NVMe SSD Gen4-12,313,291,,,,
Storage,Crucial NVMe SSD Gen4-13,1097,1188,,,,
Storage,Samsung NVMe SSD Gen3-14,1962,2150,,,,
Storage,Crucial NVMe SSD Gen5-15,729,774,,,,
Storage,Lexar NVMe SSD Gen4-16,1625,1321,,,,
Storage,WD NVMe SSD Gen4-17,1184,1354,,,,
Storage,Lexar NVMe SSD Gen3-18,1152,1239,,,,
Storage,Kingston NVMe SSD Gen5-19,160,160,,,,
Storage,Kingston NVMe SSD Gen3-20,1747,1768,,,,
Storage,Kingston NVMe SSD Gen3-21,265,295,,,,
Storage,WD NVMe SSD Gen5-22,368,441,,,,
Storage,WD NVMe SSD Gen5-23,178,143,,,,
Storage,Kingston NVMe SSD Gen5-24,1345,1355,,,,
Storage,Samsung NVMe SSD Gen3-25,171,173,,,,
Storage,Samsung NVMe SSD Gen5-26,1493,1686,,,,
Storage,Kingston NVMe SSD Gen5-27,1158,1344,,,,
Storage,WD NVMe SSD Gen4-28,1515,1758,,,,
Storage,Samsung NVMe SSD Gen5-29,991,1061,,,,
Storage,Samsung NVMe SSD Gen4-30,421,453,,,,
Storage,WD NVMe SSD Gen4-31,1056,1013,,,,
Storage,Lexar NVMe SSD Gen3-32,1764,1642,,,,
Storage,Kingston NVMe SSD Gen5-33,374,444,,,,
Storage,Lexar NVMe SSD Gen4-34,1757,1905,,,,
Storage,Lexar NVMe SSD Gen4-35,1477,1649,,,,
Storage,WD NVMe SSD Gen5-36,1493,1703,,,,
Storage,Kingston NVMe SSD Gen4-37,188,193,,,,
Storage,Samsung NVMe SSD Gen3-38,631,668,,,,
Storage,Crucial NVMe SSD Gen4-39,1896,1776,,,,
Storage,Lexar NVMe SSD Gen4-40,870,703,,,,
Storage,Samsung NVMe SSD Gen4-41,1317,1241,,,,
Storage,Lexar NVMe SSD Gen4-42,1215,1265,,,,
Storage,Lexar NVMe SSD Gen3-43,1280,1245,,,,
Storage,Lexar NVMe SSD Gen5-44,1414,1340,,,,
Storage,WD NVMe SSD Gen3-45,1747,1479,,,,
Storage,Crucial NVMe SSD Gen3-46,1182,1343,,,,
Storage,Lexar NVMe SSD Gen4-47,563,611,,,,
Storage,Crucial NVMe SSD Gen5-48,464,540,,,,
Storage,Kingston NVMe SSD Gen5-49,355,405,,,,
Storage,Kingston NVMe SSD Gen5-50,1313,1278,,,,
Storage,Kingston NVMe SSD Gen3-51,1658,1739,,,,
Storage,WD NVMe SSD Gen5-52,1294,1070,,,,
Storage,Crucial NVMe SSD Gen4-53,583,486,,,,
Storage,Kingston NVMe SSD Gen5-54,1273,1418,,,,
Storage,WD NVMe SSD Gen3-55,965,865,,,,
Storage,Samsung NVMe SSD Gen3-56,1484,1198,,,,
Storage,WD NVMe SSD Gen4-57,831,876,,,,
Storage,Samsung NVMe SSD Gen4-58,1167,1191,,,,
Storage,Samsung NVMe SSD Gen3-59,337,310,,,,
Storage,Crucial NVMe SSD Gen4-60,996,955,,,,
Storage,WD NVMe SSD Gen5-61,1459,1739,,,,
Storage,Crucial NVMe SSD Gen5-62,1714,1688,,,,
Storage,Samsung NVMe SSD Gen3-63,1939,1873,,,,
Storage,Samsung NVMe SSD Gen3-64,1152,1182,,,,
Storage,Kingston NVMe SSD Gen3-65,1730,2010,,,,
Storage,Crucial NVMe SSD Gen3-66,1817,2136,,,,
Storage,WD NVMe SSD Gen3-67,565,599,,,,
Storage,Samsung NVMe SSD Gen3-68,1432,1397,,,,
Storage,Crucial NVMe SSD Gen3-69,974,998,,,,
Storage,Lexar NVMe SSD Gen5-70,1433,1636,,,,
Storage,Kingston NVMe SSD Gen3-71,1342,1415,,,,
Storage,Kingston NVMe SSD Gen3-72,123,124,,,,
Storage,Kingston NVMe SSD Gen4-73,1715,1740,,,,
Storage,Samsung NVMe SSD Gen4-74,1873,1920,,,,
Storage,Samsung NVMe SSD Gen3-75,553,464,,,,
Storage,Lexar NVMe SSD Gen5-76,1709,1534,,,,
Storage,Samsung NVMe SSD Gen5-77,1123,1058,,,,
Storage,Crucial NVMe SSD Gen4-78,1982,2209,,,,
Storage,Samsung NVMe SSD Gen4-79,1304,1184,,,,
Storage,WD NVMe SSD Gen4-80,1202,1354,,,,
Storage,WD NVMe SSD Gen5-81,899,1005,,,,
Storage,WD NVMe SSD Gen4-82,1957,1871,,,,
Storage,Crucial NVMe SSD Gen4-83,931,1078,,,,
Storage,WD NVMe SSD Gen3-84,1282,1252,,,,
Storage,WD NVMe SSD Gen5-85,1552,1675,,,,
Storage,Lexar NVMe SSD Gen5-86,1059,993,,,,
Storage,Crucial NVMe SSD Gen5-87,1322,1500,,,,
Storage,WD NVMe SSD Gen4-88,1043,1121,,,,
Storage,Kingston NVMe SSD Gen4-89,420,491,,,,
Storage,Crucial NVMe SSD Gen3-90,140,154,,,,
Storage,Crucial NVMe SSD Gen4-91,1565,1869,,,,
Storage,WD NVMe SSD Gen4-92,1177,1396,,,,
Storage,Lexar NVMe SSD Gen5-93,325,328,,,,
Storage,Crucial NVMe SSD Gen4-94,355,402,,,,
Storage,Samsung NVMe SSD Gen5-95,1116,950,,,,
Storage,Kingston NVMe SSD Gen3-96,108,125,,,,
Storage,Crucial NVMe SSD Gen5-97,532,583,,,,
Storage,Lexar NVMe SSD Gen4-98,1656,1454,,,,
Storage,Lexar NVMe SSD Gen5-99,1246,1331,,,,
Storage,Lexar NVMe SSD Gen5-100,199,168,,,,
Storage,WD NVMe SSD Gen3-101,1710,1719,,,,
Storage,Lexar NVMe SSD Gen4-102,1033,1144,,,,
Storage,Samsung NVMe SSD Gen3-103,1346,1187,,,,
Storage,WD NVMe SSD Gen5-104,754,621,,,,
Storage,Kingston NVMe SSD Gen3-105,1841,2028,,,,
Storage,Kingston NVMe SSD Gen3-106,1455,1184,,,,
Storage,Samsung NVMe SSD Gen4-107,1420,1220,,,,
Storage,Crucial NVMe SSD Gen3-108,1643,1803,,,,
Storage,Crucial NVMe SSD Gen3-109,506,451,,,,
Storage,WD NVMe SSD Gen3-110,583,622,,,,
Storage,Lexar NVMe SSD Gen5-111,1741,1485,,,,
Storage,WD NVMe SSD Gen5-112,790,896,,,,
Storage,Samsung NVMe SSD Gen4-113,1769,2084,,,,
Storage,Lexar NVMe SSD Gen5-114,1319,1434,,,,
Storage,Kingston NVMe SSD Gen4-115,781,824,,,,
Storage,Kingston NVMe SSD Gen3-116,1443,1340,,,,
Storage,Lexar NVMe SSD Gen5-117,790,798,,,,
Storage,Crucial NVMe SSD Gen5-118,1999,1868,,,,
Storage,Crucial NVMe SSD Gen4-119,419,443,,,,
Storage,Samsung NVMe SSD Gen3-120,1802,2119,,,,
Storage,Crucial NVMe SSD Gen4-121,314,335,,,,
Storage,Samsung NVMe SSD Gen3-122,1542,1322,,,,
Storage,Kingston NVMe SSD Gen5-123,989,887,,,,
Storage,Crucial NVMe SSD Gen4-124,304,265,,,,
Storage,Kingston NVMe SSD Gen4-125,910,944,,,,
Storage,Crucial NVMe SSD Gen3-126,381,425,,,,
Storage,Lexar NVMe SSD Gen3-127,1128,1208,,,,
Storage,Kingston NVMe SSD Gen3-128,1251,1499,,,,
Storage,WD NVMe SSD Gen5-129,1015,1062,,,,
Storage,WD NVMe SSD Gen3-130,786,656,,,,
Storage,WD NVMe SSD Gen3-131,1961,2313,,,,
Storage,Kingston NVMe SSD Gen3-132,370,320,,,,
Storage,WD NVMe SSD Gen4-133,968,776,,,,
Storage,Lexar NVMe SSD Gen3-134,826,885,,,,
Storage,Samsung NVMe SSD Gen3-135,1011,946,,,,
Storage,Samsung NVMe SSD Gen4-136,1434,1534,,,,
Storage,WD NVMe SSD Gen4-137,1501,1454,,,,
Storage,Kingston NVMe SSD Gen3-138,1807,1757,,,,
Storage,Samsung NVMe SSD Gen3-139,361,316,,,,
Storage,Crucial NVMe SSD Gen3-140,1366,1249,,,,
Storage,WD NVMe SSD Gen5-141,1760,1836,,,,
Storage,Kingston NVMe SSD Gen5-142,943,810,,,,
Storage,WD NVMe SSD Gen5-143,1884,1660,,,,
Storage,Samsung NVMe SSD Gen3-144,1639,1895,,,,
Storage,WD NVMe SSD Gen3-145,1112,915,,,,
Storage,Samsung NVMe SSD Gen3-146,728,816,,,,
Storage,Crucial NVMe SSD Gen5-147,1405,1614,,,,
Storage,Samsung NVMe SSD Gen3-148,338,307,,,,
Storage,Samsung NVMe SSD Gen5-149,592,696,,,,
Storage,Samsung NVMe SSD Gen4-150,1642,1318,,,,
Storage,Kingston NVMe SSD Gen5-151,1725,1927,,,,
Storage,Crucial NVMe SSD Gen4-152,1799,1849,,,,
Storage,Kingston NVMe SSD Gen5-153,1977,1833,,,,
Storage,Samsung NVMe SSD Gen5-154,957,840,,,,
Storage,Kingston NVMe SSD Gen4-155,1696,1665,,,,
Storage,Kingston NVMe SSD Gen3-156,1082,1166,,,,
Storage,WD NVMe SSD Gen5-157,830,824,,,,
Storage,Lexar NVMe SSD Gen3-158,1758,1826,,,,
Storage,Lexar NVMe SSD Gen4-159,116,109,,,,
Storage,Samsung NVMe SSD Gen3-160,1558,1367,,,,
Storage,Crucial NVMe SSD Gen5-161,631,659,,,,
Storage,WD NVMe SSD Gen5-162,484,527,,,,
Storage,Kingston NVMe SSD Gen5-163,1518,1565,,,,
Storage,Lexar NVMe SSD Gen4-164,1834,1532,,,,
Storage,Crucial NVMe SSD Gen4-165,585,641,,,,
Storage,Crucial NVMe SSD Gen5-166,717,596,,,,
Storage,Lexar NVMe SSD Gen4-167,260,309,,,,
Storage,WD NVMe SSD Gen5-168,339,404,,,,
Storage,Samsung NVMe SSD Gen3-169,1952,2047,,,,
Storage,Crucial NVMe SSD Gen3-170,461,495,,,,
Storage,Samsung NVMe SSD Gen5-171,1940,1983,,,,
Storage,Crucial NVMe SSD Gen4-172,1742,1630,,,,
Storage,Lexar NVMe SSD Gen3-173,875,958,,,,
Storage,Crucial NVMe SSD Gen4-174,347,296,,,,
Storage,Crucial NVMe SSD Gen5-175,1853,1530,,,,
Storage,Kingston NVMe SSD Gen5-176,424,469,,,,
Storage,Lexar NVMe SSD Gen5-177,375,404,,,,
Storage,Kingston NVMe SSD Gen4-178,404,458,,,,
Storage,Crucial NVMe SSD Gen3-179,169,145,,,,
Storage,Lexar NVMe SSD Gen3-180,305,267,,,,
Storage,Kingston NVMe SSD Gen4-181,1928,1815,,,,
Storage,WD NVMe SSD Gen4-182,765,650,,,,
Storage,Kingston NVMe SSD Gen5-183,876,1038,,,,
Storage,Lexar NVMe SSD Gen3-184,893,728,,,,
Storage,Crucial NVMe SSD Gen3-185,994,974,,,,
Storage,Crucial NVMe SSD Gen5-186,1860,2046,,,,
Storage,Kingston NVMe SSD Gen5-187,1825,1813,,,,
Storage,Crucial NVMe SSD Gen4-188,845,1010,,,,
Storage,Samsung NVMe SSD Gen4-189,1105,1013,,,,
Storage,Kingston NVMe SSD Gen5-190,587,658,,,,
Storage,Samsung NVMe SSD Gen4-191,591,679,,,,
Storage,Lexar NVMe SSD Gen3-192,1529,1480,,,,
Storage,Kingston NVMe SSD Gen4-193,1797,1947,,,,
Storage,Crucial NVMe SSD Gen5-194,1406,1149,,,,
Storage,WD NVMe SSD Gen3-195,783,921,,,,
Storage,Crucial NVMe SSD Gen3-196,312,280,,,,
Storage,WD NVMe SSD Gen4-197,1309,1568,,,,
Storage,Crucial NVMe SSD Gen4-198,1016,820,,,,
Storage,Kingston NVMe SSD Gen4-199,408,448,,,,
Storage,Kingston NVMe SSD Gen3-200,841,874,,,,
Storage,Crucial NVMe SSD Gen5-201,1331,1372,,,,
Storage,Kingston NVMe SSD Gen4-202,121,100,,,,
Storage,Crucial NVMe SSD Gen4-203,1916,1903,,,,
Storage,Kingston NVMe SSD Gen3-204,1946,1973,,,,
Storage,Samsung NVMe SSD Gen3-205,542,540,,,,
Storage,WD NVMe SSD Gen3-206,330,283,,,,
Storage,Lexar NVMe SSD Gen4-207,455,405,,,,
Storage,Kingston NVMe SSD Gen4-208,1518,1240,,,,
Storage,Lexar NVMe SSD Gen4-209,1549,1653,,,,
Storage,Samsung NVMe SSD Gen5-210,1498,1543,,,,
Storage,Crucial NVMe SSD Gen4-211,548,570,,,,
Storage,Crucial NVMe SSD Gen5-212,803,753,,,,
Storage,WD NVMe SSD Gen3-213,1546,1427,,,,
Storage,Lexar NVMe SSD Gen4-214,1228,1155,,,,
Storage,Samsung NVMe SSD Gen4-215,354,396,,,,
Storage,Samsung NVMe SSD Gen5-216,1834,1559,,,,
Storage,Kingston NVMe SSD Gen5-217,1475,1726,,,,
Storage,Lexar NVMe SSD Gen3-218,1159,1334,,,,
Storage,Crucial NVMe SSD Gen4-219,439,460,,,,
Storage,WD NVMe SSD Gen5-220,1671,1833,,,,
Storage,Lexar NVMe SSD Gen3-221,969,886,,,,
Storage,Kingston NVMe SSD Gen4-222,1980,2043,,,,
Storage,WD NVMe SSD Gen5-223,576,516,,,,
Storage,Samsung NVMe SSD Gen4-224,803,883,,,,
Storage,Crucial NVMe SSD Gen5-225,321,297,,,,
Storage,Kingston NVMe SSD Gen4-226,255,266,,,,
Storage,Samsung NVMe SSD Gen5-227,1427,1329,,,,
Storage,Crucial NVMe SSD Gen5-228,237,249,,,,
Storage,Samsung NVMe SSD Gen4-229,1457,1700,,,,
Storage,Samsung NVMe SSD Gen3-230,427,452,,,,
Storage,Lexar NVMe SSD Gen4-231,767,788,,,,
Storage,Samsung NVMe SSD Gen5-232,1456,1675,,,,
Storage,Samsung NVMe SSD Gen5-233,138,126,,,,
Storage,Crucial NVMe SSD Gen5-234,1801,1978,,,,
Storage,Kingston NVMe SSD Gen5-235,1492,1400,,,,
Storage,Samsung NVMe SSD Gen4-236,174,191,,,,
Storage,Lexar NVMe SSD Gen3-237,211,201,,,,
Storage,Kingston NVMe SSD Gen3-238,1688,1913,,,,
Storage,WD NVMe SSD Gen3-239,1078,1286,,,,
Storage,Lexar NVMe SSD Gen3-240,1019,1108,,,,
Storage,WD NVMe SSD Gen5-241,1455,1365,,,,
Storage,Crucial NVMe SSD Gen4-242,186,152,,,,
Storage,Kingston NVMe SSD Gen4-243,1972,1778,,,,
Storage,WD NVMe SSD Gen5-244,1948,1601,,,,
Storage,Lexar NVMe SSD Gen3-245,744,739,,,,
Storage,Crucial NVMe SSD Gen4-246,674,596,,,,
Storage,Kingston NVMe SSD Gen3-247,406,342,,,,
Storage,Lexar NVMe SSD Gen3-248,1088,1146,,,,
Storage,Kingston NVMe SSD Gen4-249,1392,1580,,,,
Storage,Kingston NVMe SSD Gen5-250,1724,1434,,,,
Storage,WD NVMe SSD Gen5-251,470,517,,,,
Storage,Lexar NVMe SSD Gen4-252,1339,1549,,,,
Storage,Kingston NVMe SSD Gen5-253,1086,903,,,,
Storage,Samsung NVMe SSD Gen5-254,229,212,,,,
Storage,Kingston NVMe SSD Gen3-255,425,427,,,,
Storage,Kingston NVMe SSD Gen4-256,386,345,,,,
Storage,Kingston NVMe SSD Gen3-257,1341,1108,,,,
Storage,WD NVMe SSD Gen5-258,1130,1310,,,,
Storage,Samsung NVMe SSD Gen3-259,861,789,,,,
Storage,Samsung NVMe SSD Gen3-260,167,140,,,,
Storage,Crucial NVMe SSD Gen4-261,1061,857,,,,
Storage,Crucial NVMe SSD Gen5-262,838,846,,,,
Storage,Lexar NVMe SSD Gen5-263,381,371,,,,
Storage,WD NVMe SSD Gen3-264,1604,1722,,,,
Storage,Crucial NVMe SSD Gen3-265,610,676,,,,
Storage,WD NVMe SSD Gen5-266,570,560,,,,
Storage,Samsung NVMe SSD Gen5-267,936,817,,,,
Storage,Lexar NVMe SSD Gen4-268,542,554,,,,
Storage,Lexar NVMe SSD Gen3-269,1051,849,,,,
Storage,Kingston NVMe SSD Gen5-270,1284,1166,,,,
Storage,Crucial NVMe SSD Gen3-271,610,522,,,,
Storage,Crucial NVMe SSD Gen3-272,1995,1708,,,,
Storage,Lexar NVMe SSD Gen5-273,344,285,,,,
Storage,Samsung NVMe SSD Gen5-274,1576,1653,,,,
Storage,WD NVMe SSD Gen4-275,1220,1055,,,,
Storage,WD NVMe SSD Gen3-276,147,141,,,,
Storage,WD NVMe SSD Gen3-277,169,173,,,,
Storage,WD NVMe SSD Gen5-278,649,524,,,,
Storage,Samsung NVMe SSD Gen3-279,1523,1776,,,,
Storage,Kingston NVMe SSD Gen4-280,1145,1244,,,,
Storage,WD NVMe SSD Gen5-281,133,114,,,,
Storage,Crucial NVMe SSD Gen4-282,575,504,,,,
Storage,Crucial NVMe SSD Gen4-283,1757,1486,,,,
Storage,Lexar NVMe SSD Gen4-284,362,290,,,,
Storage,Lexar NVMe SSD Gen3-285,263,212,,,,
Storage,Kingston NVMe SSD Gen5-286,1546,1781,,,,
Storage,Samsung NVMe SSD Gen3-287,1158,1266,,,,
Storage,Kingston NVMe SSD Gen3-288,698,761,,,,
Storage,WD NVMe SSD Gen3-289,1628,1640,,,,
Storage,WD NVMe SSD Gen3-290,1907,1899,,,,
Storage,Lexar NVMe SSD Gen4-291,1888,2246,,,,
Storage,Kingston NVMe SSD Gen4-292,907,1034,,,,
Storage,Kingston NVMe SSD Gen3-293,1343,1245,,,,
Storage,WD NVMe SSD Gen3-294,1670,1486,,,,
Storage,Samsung NVMe SSD Gen5-295,481,542,,,,
Storage,WD NVMe SSD Gen5-296,1797,2098,,,,
Storage,Lexar NVMe SSD Gen5-297,281,318,,,,
Storage,Crucial NVMe SSD Gen3-298,904,760,,,,
Storage,Lexar NVMe SSD Gen3-299,903,971,,,,
Storage,WD NVMe SSD Gen4-300,844,785,,,,
Storage,Kingston NVMe SSD Gen3-301,1783,1941,,,,
Storage,Crucial NVMe SSD Gen4-302,1344,1166,,,,
Storage,Crucial NVMe SSD Gen5-303,284,274,,,,
Storage,WD NVMe SSD Gen3-304,273,219,,,,
Storage,Kingston NVMe SSD Gen3-305,1951,2154,,,,
Storage,WD NVMe SSD Gen3-306,1066,1066,,,,
Storage,Kingston NVMe SSD Gen4-307,327,309,,,,
Storage,Kingston NVMe SSD Gen5-308,1618,1343,,,,
Storage,Kingston NVMe SSD Gen4-309,1243,1296,,,,
Storage,Lexar NVMe SSD Gen5-310,1131,982,,,,
Storage,Lexar NVMe SSD Gen4-311,615,629,,,,
Storage,WD NVMe SSD Gen3-312,1300,1515,,,,
Storage,Samsung NVMe SSD Gen3-313,1725,1885,,,,
Storage,Samsung NVMe SSD Gen5-314,887,998,,,,
Storage,Kingston NVMe SSD Gen3-315,134,118,,,,
Storage,Lexar NVMe SSD Gen4-316,523,520,,,,
Storage,Crucial NVMe SSD Gen4-317,959,965,,,,
Storage,Kingston NVMe SSD Gen3-318,1986,2076,,,,
Storage,WD NVMe SSD Gen5-319,502,441,,,,
Storage,Crucial NVMe SSD Gen4-320,1661,1971,,,,
Storage,Crucial NVMe SSD Gen4-321,876,972,,,,
Storage,Kingston NVMe SSD Gen4-322,1855,1735,,,,
Storage,WD NVMe SSD Gen4-323,486,430,,,,
Storage,Crucial NVMe SSD Gen3-324,1931,2042,,,,
Storage,WD NVMe SSD Gen4-325,946,837,,,,
Storage,WD NVMe SSD Gen4-326,346,291,,,,
Storage,WD NVMe SSD Gen5-327,1322,1134,,,,
Storage,Kingston NVMe SSD Gen3-328,399,449,,,,
Storage,Samsung NVMe SSD Gen5-329,1719,1687,,,,
Storage,Crucial NVMe SSD Gen3-330,816,730,,,,
Storage,Lexar NVMe SSD Gen4-331,1568,1509,,,,
Storage,Samsung NVMe SSD Gen5-332,1830,2030,,,,
Storage,WD NVMe SSD Gen4-333,1822,1470,,,,
Storage,Samsung NVMe SSD Gen4-334,519,450,,,,
Storage,WD NVMe SSD Gen5-335,1539,1779,,,,
Storage,WD NVMe SSD Gen3-336,1186,1374,,,,
Storage,Crucial NVMe SSD Gen4-337,1748,1965,,,,
Storage,Crucial NVMe SSD Gen5-338,1028,921,,,,
Storage,Lexar NVMe SSD Gen5-339,1872,2172,,,,
Storage,Lexar NVMe SSD Gen4-340,1563,1842,,,,
Storage,WD NVMe SSD Gen3-341,1159,1114,,,,
Storage,Crucial NVMe SSD Gen5-342,1457,1307,,,,
Storage,Crucial NVMe SSD Gen4-343,1132,1290,,,,
Storage,Samsung NVMe SSD Gen4-344,714,846,,,,
Storage,Samsung NVMe SSD Gen3-345,286,239,,,,
Storage,WD NVMe SSD Gen5-346,1023,1113,,,,
Storage,WD NVMe SSD Gen3-347,444,415,,,,
Storage,Lexar NVMe SSD Gen3-348,1623,1787,,,,
Storage,Crucial NVMe SSD Gen4-349,1533,1478,,,,
Storage,WD NVMe SSD Gen3-350,1854,1627,,,,
Storage,Samsung NVMe SSD Gen3-351,878,732,,,,
Storage,Samsung NVMe SSD Gen5-352,687,724,,,,
Storage,Lexar NVMe SSD Gen4-353,773,619,,,,
Storage,WD NVMe SSD Gen3-354,227,268,,,,
Storage,WD NVMe SSD Gen5-355,1071,931,,,,
Storage,Kingston NVMe SSD Gen4-356,325,322,,,,
Storage,Lexar NVMe SSD Gen4-357,961,920,,,,
Storage,Lexar NVMe SSD Gen5-358,1189,1015,,,,
Storage,Samsung NVMe SSD Gen5-359,1965,1964,,,,
Storage,Kingston NVMe SSD Gen4-360,776,913,,,,
Storage,Kingston NVMe SSD Gen5-361,460,531,,,,
Storage,Crucial NVMe SSD Gen5-362,105,115,,,,
Storage,Samsung NVMe SSD Gen3-363,1705,1587,,,,
Storage,Lexar NVMe SSD Gen4-364,1426,1274,,,,
Storage,Crucial NVMe SSD Gen5-365,1718,2012,,,,
Storage,Crucial NVMe SSD Gen3-366,1774,1534,,,,
Storage,Lexar NVMe SSD Gen3-367,601,700,,,,
Storage,Lexar NVMe SSD Gen5-368,1158,1213,,,,
Storage,Crucial NVMe SSD Gen5-369,104,115,,,,
Storage,Lexar NVMe SSD Gen3-370,1721,2064,,,,
Storage,Samsung NVMe SSD Gen5-371,1420,1604,,,,
Storage,WD NVMe SSD Gen4-372,1651,1829,,,,
Storage,Crucial NVMe SSD Gen5-373,1780,1883,,,,
Storage,Lexar NVMe SSD Gen4-374,1982,1919,,,,
Storage,Lexar NVMe SSD Gen5-375,522,557,,,,
Storage,Lexar NVMe SSD Gen3-376,1539,1449,,,,
Storage,WD NVMe SSD Gen4-377,1048,900,,,,
Storage,Samsung NVMe SSD Gen5-378,171,178,,,,
Storage,Lexar NVMe SSD Gen5-379,1351,1384,,,,
Storage,Crucial NVMe SSD Gen5-380,1996,1851,,,,
Storage,Lexar NVMe SSD Gen5-381,166,180,,,,
Storage,Kingston NVMe SSD Gen3-382,402,470,,,,
Storage,Crucial NVMe SSD Gen3-383,362,361,,,,
Storage,Crucial NVMe SSD Gen4-384,871,943,,,,
Storage,Crucial NVMe SSD Gen4-385,751,631,,,,
Storage,Lexar NVMe SSD Gen4-386,923,915,,,,
Storage,Crucial NVMe SSD Gen5-387,193,175,,,,
Storage,Samsung NVMe SSD Gen5-388,319,293,,,,
Storage,WD NVMe SSD Gen4-389,1440,1408,,,,
Storage,WD NVMe SSD Gen5-390,712,788,,,,
Storage,Crucial NVMe SSD Gen4-391,1661,1424,,,,
Storage,Crucial NVMe SSD Gen3-392,988,1171,,,,
Storage,Crucial NVMe SSD Gen3-393,470,426,,,,
Storage,Crucial NVMe SSD Gen3-394,1045,1172,,,,
Storage,WD NVMe SSD Gen4-395,1378,1311,,,,
Storage,Samsung NVMe SSD Gen4-396,1327,1140,,,,
Storage,WD NVMe SSD Gen5-397,1379,1104,,,,
Storage,Samsung NVMe SSD Gen5-398,1431,1340,,,,
Storage,Kingston NVMe SSD Gen5-399,1436,1584,,,,
Storage,WD NVMe SSD Gen4-400,741,622,,,,
Storage,WD NVMe SSD Gen4-401,612,583,,,,
Storage,Lexar NVMe SSD Gen3-402,668,541,,,,
Storage,Kingston NVMe SSD Gen4-403,750,695,,,,
Storage,WD NVMe SSD Gen4-404,1698,1858,,,,
Storage,WD NVMe SSD Gen3-405,323,341,,,,
Storage,Kingston NVMe SSD Gen3-406,175,160,,,,
Storage,Crucial NVMe SSD Gen5-407,190,170,,,,
Storage,Samsung NVMe SSD Gen4-408,328,324,,,,
Storage,Kingston NVMe SSD Gen4-409,174,189,,,,
Storage,WD NVMe SSD Gen4-410,374,426,,,,
Storage,Lexar NVMe SSD Gen3-411,1773,1432,,,,
Storage,Samsung NVMe SSD Gen3-412,834,879,,,,
Storage,Kingston NVMe SSD Gen3-413,1733,1475,,,,
Storage,Kingston NVMe SSD Gen5-414,1536,1320,,,,
Storage,WD NVMe SSD Gen4-415,244,244,,,,
Storage,Kingston NVMe SSD Gen4-416,297,334,,,,
Storage,Crucial NVMe SSD Gen5-417,1609,1763,,,,
Storage,Crucial NVMe SSD Gen3-418,1031,857,,,,
Storage,Crucial NVMe SSD Gen3-419,374,424,,,,
Storage,Lexar NVMe SSD Gen5-420,624,708,,,,
Storage,Samsung NVMe SSD Gen4-421,1124,1132,,,,
Storage,WD NVMe SSD Gen5-422,827,856,,,,
Storage,Samsung NVMe SSD Gen3-423,1303,1486,,,,
Storage,Samsung NVMe SSD Gen3-424,953,889,,,,
Storage,Kingston NVMe SSD Gen4-425,890,963,,,,
Storage,Samsung NVMe SSD Gen5-426,701,604,,,,
Storage,WD NVMe SSD Gen4-427,627,526,,,,
Storage,WD NVMe SSD Gen5-428,780,764,,,,
Storage,Lexar NVMe SSD Gen3-429,750,818,,,,
Storage,Samsung NVMe SSD Gen3-430,609,660,,,,
Storage,WD NVMe SSD Gen5-431,186,174,,,,
Storage,Samsung NVMe SSD Gen5-432,298,355,,,,
Storage,Kingston NVMe SSD Gen5-433,1008,868,,,,
Storage,Samsung NVMe SSD Gen5-434,576,676,,,,
Storage,Samsung NVMe SSD Gen4-435,847,743,,,,
Storage,Crucial NVMe SSD Gen3-436,738,686,,,,
Storage,Samsung NVMe SSD Gen3-437,1981,1626,,,,
Storage,WD NVMe SSD Gen3-438,658,730,,,,
Storage,WD NVMe SSD Gen5-439,1494,1613,,,,
Storage,Lexar NVMe SSD Gen3-440,1188,1260,,,,
Storage,Samsung NVMe SSD Gen5-441,1255,1317,,,,
Storage,Crucial NVMe SSD Gen3-442,765,878,,,,
Storage,Kingston NVMe SSD Gen3-443,1822,1996,,,,
Storage,Kingston NVMe SSD Gen4-444,1614,1524,,,,
Storage,Kingston NVMe SSD Gen5-445,1839,2136,,,,
Storage,WD NVMe SSD Gen5-446,1293,1261,,,,
Storage,Kingston NVMe SSD Gen5-447,1996,2309,,,,
Storage,Lexar NVMe SSD Gen4-448,1068,1098,,,,
Storage,Samsung NVMe SSD Gen5-449,471,396,,,,
Storage,WD NVMe SSD Gen5-450,897,762,,,,
Storage,Samsung NVMe SSD Gen3-451,130,149,,,,
Storage,Kingston NVMe SSD Gen3-452,1383,1593,,,,
Storage,Samsung NVMe SSD Gen5-453,1352,1564,,,,
Storage,Crucial NVMe SSD Gen3-454,1165,1282,,,,
Storage,Kingston NVMe SSD Gen5-455,694,708,,,,
Storage,Kingston NVMe SSD Gen3-456,1075,1037,,,,
Storage,WD NVMe SSD Gen3-457,501,573,,,,
Storage,Crucial NVMe SSD Gen4-458,793,833,,,,
Storage,WD NVMe SSD Gen5-459,732,773,,,,
Storage,WD NVMe SSD Gen5-460,1473,1591,,,,
Storage,WD NVMe SSD Gen3-461,1437,1514,,,,
Storage,Lexar NVMe SSD Gen4-462,1206,1198,,,,
Storage,Kingston NVMe SSD Gen5-463,1932,1891,,,,
Storage,Kingston NVMe SSD Gen3-464,552,554,,,,
Storage,Lexar NVMe SSD Gen4-465,628,549,,,,
Storage,Crucial NVMe SSD Gen4-466,556,569,,,,
Storage,WD NVMe SSD Gen3-467,1230,1471,,,,
Storage,WD NVMe SSD Gen3-468,353,288,,,,
Storage,Crucial NVMe SSD Gen3-469,1998,1643,,,,
Storage,Samsung NVMe SSD Gen3-470,753,816,,,,
Storage,Samsung NVMe SSD Gen4-471,1953,2077,,,,
Storage,Samsung NVMe SSD Gen5-472,1618,1325,,,,
Storage,WD NVMe SSD Gen5-473,1452,1432,,,,
Storage,Kingston NVMe SSD Gen4-474,1138,1237,,,,
Storage,WD NVMe SSD Gen3-475,881,717,,,,
Storage,Lexar NVMe SSD Gen5-476,730,726,,,,
Storage,Samsung NVMe SSD Gen5-477,958,865,,,,
Storage,Samsung NVMe SSD Gen4-478,218,208,,,,
Storage,Lexar NVMe SSD Gen4-479,1977,2296,,,,
Storage,Crucial NVMe SSD Gen3-480,373,389,,,,
Storage,Crucial NVMe SSD Gen4-481,391,427,,,,
Storage,Kingston NVMe SSD Gen4-482,284,340,,,,
Storage,WD NVMe SSD Gen5-483,1417,1673,,,,
Storage,WD NVMe SSD Gen4-484,189,153,,,,
Storage,Lexar NVMe SSD Gen3-485,1573,1662,,,,
Storage,Kingston NVMe SSD Gen4-486,676,692,,,,
Storage,Samsung NVMe SSD Gen4-487,420,404,,,,
Storage,Crucial NVMe SSD Gen3-488,1976,1960,,,,
Storage,Lexar NVMe SSD Gen5-489,342,292,,,,
Storage,Samsung NVMe SSD Gen4-490,831,844,,,,
Storage,Crucial NVMe SSD Gen5-491,959,1087,,,,
Storage,WD NVMe SSD Gen5-492,1058,895,,,,
Storage,Crucial NVMe SSD Gen4-493,244,240,,,,
Storage,Samsung NVMe SSD Gen4-494,1662,1555,,,,
Storage,Crucial NVMe SSD Gen5-495,1767,1953,,,,
Storage,Samsung NVMe SSD Gen3-496,1693,1505,,,,
Storage,Lexar NVMe SSD Gen5-497,1239,1175,,,,
Storage,Samsung NVMe SSD Gen3-498,277,221,,,,
Storage,Crucial NVMe SSD Gen5-499,286,332,,,,
Storage,Kingston NVMe SSD Gen3-500,1771,1964,,,,
Storage,Lexar NVMe SSD Gen4-501,726,612,,,,
Storage,Kingston NVMe SSD Gen5-502,875,1026,,,,
Storage,Crucial NVMe SSD Gen3-503,471,541,,,,
Storage,Crucial NVMe SSD Gen5-504,1957,2258,,,,
Storage,Kingston NVMe SSD Gen3-505,1181,1089,,,,
Storage,WD NVMe SSD Gen4-506,581,622,,,,
Storage,Kingston NVMe SSD Gen4-507,762,906,,,,
Storage,Lexar NVMe SSD Gen3-508,1809,2055,,,,
Storage,Kingston NVMe SSD Gen4-509,733,651,,,,
Storage,Kingston NVMe SSD Gen4-510,926,990,,,,
Storage,Crucial NVMe SSD Gen3-511,609,709,,,,
Storage,WD NVMe SSD Gen3-512,1346,1305,,,,
Storage,Lexar NVMe SSD Gen3-513,1239,1152,,,,
Storage,Kingston NVMe SSD Gen4-514,539,500,,,,
Storage,Kingston NVMe SSD Gen4-515,360,290,,,,
Storage,Samsung NVMe SSD Gen5-516,1193,1058,,,,
Storage,Samsung NVMe SSD Gen4-517,538,562,,,,
Storage,Kingston NVMe SSD Gen3-518,1505,1645,,,,
Storage,Crucial NVMe SSD Gen3-519,206,185,,,,
Storage,Lexar NVMe SSD Gen3-520,707,787,,,,
Storage,WD NVMe SSD Gen3-521,645,756,,,,
Storage,Kingston NVMe SSD Gen4-522,538,606,,,,
Storage,Crucial NVMe SSD Gen4-523,1644,1753,,,,
Storage,Samsung NVMe SSD Gen3-524,1785,2008,,,,
Storage,Lexar NVMe SSD Gen3-525,490,477,,,,
Storage,WD NVMe SSD Gen5-526,1860,2195,,,,
Storage,Kingston NVMe SSD Gen3-527,376,391,,,,
Storage,WD NVMe SSD Gen4-528,1079,865,,,,
Storage,Crucial NVMe SSD Gen4-529,1669,1815,,,,
Storage,Lexar NVMe SSD Gen4-530,1496,1771,,,,
Storage,WD NVMe SSD Gen4-531,623,699,,,,
Storage,Lexar NVMe SSD Gen4-532,1204,1190,,,,
Storage,Crucial NVMe SSD Gen4-533,138,129,,,,
Storage,Lexar NVMe SSD Gen5-534,1865,1923,,,,
Storage,WD NVMe SSD Gen3-535,512,566,,,,
Storage,WD NVMe SSD Gen5-536,1660,1368,,,,
Storage,Kingston NVMe SSD Gen3-537,102,99,,,,
Storage,Crucial NVMe SSD Gen3-538,772,666,,,,
Storage,WD NVMe SSD Gen5-539,1059,981,,,,
Storage,Lexar NVMe SSD Gen3-540,1627,1861,,,,
Storage,Crucial NVMe SSD Gen3-541,1166,1090,,,,
Storage,WD NVMe SSD Gen5-542,622,557,,,,
Storage,WD NVMe SSD Gen5-543,1285,1510,,,,
Storage,Samsung NVMe SSD Gen4-544,1826,2185,,,,
Storage,WD NVMe SSD Gen3-545,1458,1273,,,,
Storage,WD NVMe SSD Gen3-546,1402,1482,,,,
Storage,Lexar NVMe SSD Gen4-547,1293,1326,,,,
Storage,Lexar NVMe SSD Gen5-548,1199,1292,,,,
Storage,WD NVMe SSD Gen3-549,1546,1406,,,,
Storage,Lexar NVMe SSD Gen4-550,1415,1609,,,,
Storage,Samsung NVMe SSD Gen5-551,307,269,,,,
Storage,Kingston NVMe SSD Gen3-552,745,825,,,,
Storage,Crucial NVMe SSD Gen4-553,699,577,,,,
Storage,Kingston NVMe SSD Gen3-554,228,272,,,,
Storage,Kingston NVMe SSD Gen5-555,772,825,,,,
Storage,Lexar NVMe SSD Gen3-556,702,693,,,,
Storage,Lexar NVMe SSD Gen3-557,1924,2135,,,,
Storage,Lexar NVMe SSD Gen4-558,120,100,,,,
Storage,WD NVMe SSD Gen4-559,1718,1386,,,,
Storage,Lexar NVMe SSD Gen3-560,1365,1487,,,,
Storage,Crucial NVMe SSD Gen3-561,1706,1489,,,,
Storage,Crucial NVMe SSD Gen4-562,1018,1146,,,,
Storage,Kingston NVMe SSD Gen4-563,854,791,,,,
Storage,WD NVMe SSD Gen5-564,957,1022,,,,
Storage,Crucial NVMe SSD Gen5-565,1721,1644,,,,
Storage,Samsung NVMe SSD Gen4-566,865,748,,,,
Storage,Crucial NVMe SSD Gen4-567,196,194,,,,
Storage,Samsung NVMe SSD Gen5-568,1380,1110,,,,
Storage,Lexar NVMe SSD Gen3-569,1223,1447,,,,
Storage,Samsung NVMe SSD Gen3-570,238,234,,,,
Storage,Kingston NVMe SSD Gen4-571,562,584,,,,
Storage,Samsung NVMe SSD Gen5-572,1515,1582,,,,
Storage,Lexar NVMe SSD Gen5-573,1190,1173,,,,
Storage,Crucial NVMe SSD Gen5-574,1394,1210,,,,
Storage,Crucial NVMe SSD Gen4-575,841,906,,,,
Storage,Crucial NVMe SSD Gen5-576,1153,971,,,,
Storage,Kingston NVMe SSD Gen3-577,1278,1361,,,,
Storage,Samsung NVMe SSD Gen4-578,925,817,,,,
Storage,Kingston NVMe SSD Gen5-579,339,368,,,,
Storage,Samsung NVMe SSD Gen5-580,757,903,,,,
Storage,Kingston NVMe SSD Gen5-581,348,349,,,,
Storage,WD NVMe SSD Gen3-582,315,258,,,,
Storage,WD NVMe SSD Gen4-583,376,346,,,,
Storage,Samsung NVMe SSD Gen5-584,819,921,,,,
Storage,Samsung NVMe SSD Gen5-585,1660,1467,,,,
Storage,Lexar NVMe SSD Gen3-586,452,523,,,,
Storage,WD NVMe SSD Gen5-587,1286,1400,,,,
Storage,Crucial NVMe SSD Gen4-588,1255,1052,,,,
Storage,Kingston NVMe SSD Gen3-589,1187,1018,,,,
Storage,Kingston NVMe SSD Gen3-590,1555,1699,,,,
Storage,Samsung NVMe SSD Gen5-591,1149,1289,,,,
Storage,Crucial NVMe SSD Gen5-592,669,636,,,,
Storage,Lexar NVMe SSD Gen4-593,1618,1848,,,,
Storage,Samsung NVMe SSD Gen3-594,1451,1687,,,,
Storage,Kingston NVMe SSD Gen5-595,1279,1501,,,,
Storage,Samsung NVMe SSD Gen4-596,543,496,,,,
Storage,Samsung NVMe SSD Gen4-597,1118,1314,,,,
Storage,Kingston NVMe SSD Gen3-598,1584,1831,,,,
Storage,Kingston NVMe SSD Gen4-599,1506,1797,,,,
Storage,WD NVMe SSD Gen5-600,213,232,,,,
Storage,Crucial NVMe SSD Gen4-601,1081,977,,,,
Storage,Crucial NVMe SSD Gen4-602,1327,1564,,,,
Storage,Kingston NVMe SSD Gen5-603,583,505,,,,
Storage,Crucial NVMe SSD Gen5-604,983,1129,,,,
Storage,Crucial NVMe SSD Gen4-605,545,635,,,,
Storage,Crucial NVMe SSD Gen5-606,1356,1144,,,,
Storage,Kingston NVMe SSD Gen5-607,805,847,,,,
Storage,Samsung NVMe SSD Gen3-608,1363,1114,,,,
Storage,Lexar NVMe SSD Gen5-609,531,548,,,,
Storage,Crucial NVMe SSD Gen5-610,682,606,,,,
Storage,Lexar NVMe SSD Gen5-611,1431,1401,,,,
Storage,Lexar NVMe SSD Gen3-612,746,794,,,,
Storage,Samsung NVMe SSD Gen5-613,988,1043,,,,
Storage,Lexar NVMe SSD Gen5-614,1687,1937,,,,
Storage,Kingston NVMe SSD Gen5-615,503,418,,,,
Storage,Crucial NVMe SSD Gen5-616,1318,1552,,,,
Storage,Kingston NVMe SSD Gen3-617,1077,865,,,,
Storage,Samsung NVMe SSD Gen5-618,162,158,,,,
Storage,Samsung NVMe SSD Gen5-619,731,756,,,,
Storage,Kingston NVMe SSD Gen5-620,1583,1820,,,,
Storage,Crucial NVMe SSD Gen3-621,1459,1627,,,,
Storage,Crucial NVMe SSD Gen5-622,1504,1459,,,,
Storage,Crucial NVMe SSD Gen4-623,1545,1447,,,,
Storage,Crucial NVMe SSD Gen5-624,460,450,,,,
Storage,WD NVMe SSD Gen4-625,288,335,,,,
Storage,WD NVMe SSD Gen4-626,1507,1502,,,,
Storage,Kingston NVMe SSD Gen5-627,1810,2090,,,,
Storage,Kingston NVMe SSD Gen3-628,440,370,,,,
Storage,Crucial NVMe SSD Gen3-629,1451,1557,,,,
Storage,Lexar NVMe SSD Gen5-630,986,986,,,,
Storage,Crucial NVMe SSD Gen5-631,1824,1880,,,,
Storage,Lexar NVMe SSD Gen3-632,1032,949,,,,
Storage,Crucial NVMe SSD Gen4-633,1353,1485,,,,
Storage,WD NVMe SSD Gen4-634,1647,1760,,,,
Storage,Samsung NVMe SSD Gen3-635,222,191,,,,
Storage,Kingston NVMe SSD Gen3-636,724,669,,,,
Storage,Kingston NVMe SSD Gen3-637,525,535,,,,
Storage,WD NVMe SSD Gen3-638,1598,1885,,,,
Storage,Lexar NVMe SSD Gen3-639,305,332,,,,
Storage,Samsung NVMe SSD Gen3-640,1648,1925,,,,
Storage,WD NVMe SSD Gen3-641,1323,1300,,,,
Storage,Kingston NVMe SSD Gen5-642,820,867,,,,
Storage,WD NVMe SSD Gen3-643,789,745,,,,
Storage,Lexar NVMe SSD Gen5-644,406,360,,,,
Storage,Kingston NVMe SSD Gen5-645,673,739,,,,
Storage,Lexar NVMe SSD Gen4-646,1751,1765,,,,
Storage,Samsung NVMe SSD Gen4-647,1511,1505,,,,
Storage,Kingston NVMe SSD Gen3-648,647,529,,,,
Storage,WD NVMe SSD Gen3-649,1606,1417,,,,
Storage,Samsung NVMe SSD Gen5-650,1001,956,,,,
Storage,Kingston NVMe SSD Gen3-651,421,442,,,,
Storage,Samsung NVMe SSD Gen5-652,292,343,,,,
Storage,Crucial NVMe SSD Gen3-653,1574,1330,,,,
Storage,Lexar NVMe SSD Gen3-654,1207,1384,,,,
Storage,Samsung NVMe SSD Gen4-655,1134,1150,,,,
Storage,Samsung NVMe SSD Gen5-656,132,119,,,,
Storage,Lexar NVMe SSD Gen3-657,611,560,,,,
Storage,Kingston NVMe SSD Gen3-658,218,207,,,,
Storage,Crucial NVMe SSD Gen5-659,1156,1320,,,,
Storage,Kingston NVMe SSD Gen5-660,1771,1985,,,,
Storage,Samsung NVMe SSD Gen5-661,1752,1735,,,,
Storage,Kingston NVMe SSD Gen4-662,1352,1379,,,,
Storage,WD NVMe SSD Gen5-663,1485,1571,,,,
Storage,WD NVMe SSD Gen5-664,497,428,,,,
Storage,Kingston NVMe SSD Gen5-665,1616,1882,,,,
Storage,Lexar NVMe SSD Gen5-666,733,809,,,,
Storage,WD NVMe SSD Gen3-667,1554,1349,,,,
Storage,Kingston NVMe SSD Gen3-668,1555,1394,,,,
Storage,Crucial NVMe SSD Gen4-669,1906,1785,,,,
Storage,WD NVMe SSD Gen5-670,1499,1363,,,,
Storage,Kingston NVMe SSD Gen5-671,247,284,,,,
Storage,Samsung NVMe SSD Gen5-672,1388,1496,,,,
Storage,Crucial NVMe SSD Gen4-673,196,173,,,,
Storage,Kingston NVMe SSD Gen3-674,511,596,,,,
Storage,Crucial NVMe SSD Gen3-675,1713,1559,,,,
Storage,Kingston NVMe SSD Gen5-676,864,706,,,,
Storage,Lexar NVMe SSD Gen3-677,1310,1467,,,,
Storage,Samsung NVMe SSD Gen4-678,122,100,,,,
Storage,Crucial NVMe SSD Gen5-679,480,474,,,,
Storage,Kingston NVMe SSD Gen4-680,213,201,,,,
Storage,Crucial NVMe SSD Gen5-681,793,791,,,,
Storage,Lexar NVMe SSD Gen5-682,104,108,,,,
Storage,Lexar NVMe SSD Gen3-683,150,145,,,,
Storage,Lexar NVMe SSD Gen4-684,1430,1547,,,,
Storage,Lexar NVMe SSD Gen4-685,280,248,,,,
Storage,Samsung NVMe SSD Gen4-686,407,392,,,,
Storage,Samsung NVMe SSD Gen3-687,1443,1570,,,,
Storage,Crucial NVMe SSD Gen3-688,176,182,,,,
Storage,WD NVMe SSD Gen5-689,801,665,,,,
Storage,Kingston NVMe SSD Gen5-690,1354,1191,,,,
Storage,Lexar NVMe SSD Gen4-691,993,1090,,,,
Storage,Kingston NVMe SSD Gen3-692,807,755,,,,
Storage,Samsung NVMe SSD Gen5-693,565,601,,,,
Storage,Kingston NVMe SSD Gen5-694,836,967,,,,
Storage,Lexar NVMe SSD Gen3-695,1702,1480,,,,
Storage,Crucial NVMe SSD Gen5-696,1239,1056,,,,
Storage,Crucial NVMe SSD Gen3-697,169,180,,,,
Storage,Lexar NVMe SSD Gen5-698,1250,1141,,,,
Storage,Samsung NVMe SSD Gen5-699,1982,1615,,,,
Storage,WD NVMe SSD Gen3-700,1003,1024,,,,
Storage,Lexar NVMe SSD Gen3-701,1840,1723,,,,
Storage,Crucial NVMe SSD Gen4-702,1534,1571,,,,
Storage,Kingston NVMe SSD Gen5-703,1703,1575,,,,
Storage,Crucial NVMe SSD Gen5-704,896,830,,,,
Storage,Samsung NVMe SSD Gen4-705,1946,1742,,,,
Storage,Crucial NVMe SSD Gen4-706,1689,1588,,,,
Storage,WD NVMe SSD Gen3-707,721,587,,,,
Storage,Samsung NVMe SSD Gen3-708,1350,1441,,,,
Storage,WD NVMe SSD Gen5-709,1465,1277,,,,
Storage,Crucial NVMe SSD Gen3-710,1354,1340,,,,
Storage,Kingston NVMe SSD Gen5-711,1248,1259,,,,
Storage,Crucial NVMe SSD Gen3-712,1856,1868,,,,
Storage,Lexar NVMe SSD Gen4-713,1384,1438,,,,
Storage,Lexar NVMe SSD Gen3-714,1171,1313,,,,
Storage,Kingston NVMe SSD Gen4-715,1879,1642,,,,
Storage,Kingston NVMe SSD Gen5-716,898,914,,,,
Storage,Crucial NVMe SSD Gen3-717,1288,1505,,,,
Storage,Kingston NVMe SSD Gen4-718,1615,1473,,,,
Storage,Kingston NVMe SSD Gen4-719,138,133,,,,
Storage,Kingston NVMe SSD Gen5-720,1664,1894,,,,
Storage,WD NVMe SSD Gen4-721,736,868,,,,
Storage,Kingston NVMe SSD Gen3-722,1660,1816,,,,
Storage,Samsung NVMe SSD Gen4-723,408,337,,,,
Storage,Lexar NVMe SSD Gen3-724,1871,2157,,,,
Storage,Crucial NVMe SSD Gen5-725,1136,1329,,,,
Storage,Lexar NVMe SSD Gen3-726,1494,1325,,,,
Storage,WD NVMe SSD Gen4-727,1464,1574,,,,
Storage,Kingston NVMe SSD Gen5-728,1083,1179,,,,
Storage,Kingston NVMe SSD Gen5-729,1418,1484,,,,
Storage,Lexar NVMe SSD Gen4-730,1600,1508,,,,
Storage,WD NVMe SSD Gen3-731,1355,1244,,,,
Storage,Lexar NVMe SSD Gen3-732,1737,1598,,,,
Storage,Kingston NVMe SSD Gen4-733,1678,1458,,,,
Storage,WD NVMe SSD Gen5-734,1819,1534,,,,
Storage,WD NVMe SSD Gen4-735,1050,852,,,,
Storage,WD NVMe SSD Gen3-736,1858,1757,,,,
Storage,Kingston NVMe SSD Gen3-737,308,333,,,,
Storage,Samsung NVMe SSD Gen3-738,978,1104,,,,
Storage,Crucial NVMe SSD Gen3-739,213,239,,,,
Storage,Kingston NVMe SSD Gen3-740,997,942,,,,
Storage,Kingston NVMe SSD Gen3-741,163,190,,,,
Storage,WD NVMe SSD Gen3-742,837,805,,,,
Storage,Lexar NVMe SSD Gen3-743,1965,1929,,,,
Storage,Crucial NVMe SSD Gen4-744,1438,1480,,,,
Storage,Kingston NVMe SSD Gen4-745,1471,1240,,,,
Storage,Crucial NVMe SSD Gen4-746,1984,1743,,,,
Storage,Kingston NVMe SSD Gen5-747,1301,1400,,,,
Storage,Lexar NVMe SSD Gen5-748,1848,1817,,,,
Storage,Crucial NVMe SSD Gen3-749,977,932,,,,
Storage,Samsung NVMe SSD Gen4-750,171,139,,,,
Storage,WD NVMe SSD Gen5-751,151,131,,,,
Storage,WD NVMe SSD Gen4-752,1459,1688,,,,
Storage,WD NVMe SSD Gen4-753,185,163,,,,
Storage,Samsung NVMe SSD Gen4-754,373,324,,,,
Storage,Kingston NVMe SSD Gen4-755,1142,1066,,,,
Storage,Crucial NVMe SSD Gen4-756,1422,1160,,,,
Storage,Lexar NVMe SSD Gen5-757,994,992,,,,
Storage,Kingston NVMe SSD Gen5-758,1091,1049,,,,
Storage,Lexar NVMe SSD Gen3-759,1993,1818,,,,
Storage,Kingston NVMe SSD Gen3-760,1710,1533,,,,
Storage,Crucial NVMe SSD Gen3-761,1161,989,,,,
Storage,Crucial NVMe SSD Gen3-762,436,397,,,,
Storage,Kingston NVMe SSD Gen5-763,1503,1726,,,,
Storage,Kingston NVMe SSD Gen5-764,916,774,,,,
Storage,Crucial NVMe SSD Gen3-765,1597,1753,,,,
Storage,Samsung NVMe SSD Gen3-766,1714,1382,,,,
Storage,Crucial NVMe SSD Gen5-767,339,342,,,,
Storage,Lexar NVMe SSD Gen4-768,608,527,,,,
Storage,Kingston NVMe SSD Gen5-769,295,336,,,,
Storage,Lexar NVMe SSD Gen3-770,437,459,,,,
Storage,Crucial NVMe SSD Gen3-771,1825,1539,,,,
Storage,Crucial NVMe SSD Gen5-772,1255,1504,,,,
Storage,Crucial NVMe SSD Gen5-773,441,386,,,,
Storage,Crucial NVMe SSD Gen4-774,1624,1768,,,,
Storage,Kingston NVMe SSD Gen4-775,105,121,,,,
Storage,WD NVMe SSD Gen4-776,1822,1945,,,,
Storage,Kingston NVMe SSD Gen3-777,1923,1598,,,,
Storage,Lexar NVMe SSD Gen4-778,273,325,,,,
Storage,Kingston NVMe SSD Gen4-779,1565,1686,,,,
Storage,WD NVMe SSD Gen4-780,1238,1460,,,,
Storage,WD NVMe SSD Gen4-781,940,855,,,,
Storage,Kingston NVMe SSD Gen5-782,957,914,,,,
Storage,Samsung NVMe SSD Gen3-783,1111,1003,,,,
Storage,Crucial NVMe SSD Gen5-784,398,395,,,,
Storage,Samsung NVMe SSD Gen3-785,446,409,,,,
Storage,Crucial NVMe SSD Gen5-786,1760,1565,,,,
Storage,Crucial NVMe SSD Gen5-787,874,1020,,,,
Storage,Crucial NVMe SSD Gen5-788,1657,1435,,,,
Storage,Samsung NVMe SSD Gen3-789,202,202,,,,
Storage,Lexar NVMe SSD Gen3-790,1745,1425,,,,
Storage,Samsung NVMe SSD Gen3-791,540,442,,,,
Storage,Crucial NVMe SSD Gen4-792,205,204,,,,
Storage,Lexar NVMe SSD Gen4-793,1858,1963,,,,
Storage,Samsung NVMe SSD Gen3-794,1749,1560,,,,
Storage,Crucial NVMe SSD Gen5-795,1976,1901,,,,
Storage,Kingston NVMe SSD Gen3-796,645,657,,,,
Storage,WD NVMe SSD Gen3-797,1510,1439,,,,
Storage,Crucial NVMe SSD Gen5-798,1313,1552,,,,
Storage,WD NVMe SSD Gen5-799,807,829,,,,
Storage,Samsung NVMe SSD Gen5-800,224,197,,,,
Storage,WD NVMe SSD Gen3-801,1845,2071,,,,
Storage,Samsung NVMe SSD Gen4-802,1280,1065,,,,
Storage,Samsung NVMe SSD Gen3-803,745,849,,,,
Storage,Samsung NVMe SSD Gen4-804,1458,1556,,,,
Storage,Lexar NVMe SSD Gen5-805,1352,1492,,,,
Storage,Kingston NVMe SSD Gen5-806,1601,1748,,,,
Storage,WD NVMe SSD Gen5-807,298,321,,,,
Storage,Lexar NVMe SSD Gen5-808,1180,1392,,,,
Storage,Crucial NVMe SSD Gen5-809,1963,1942,,,,
Storage,Samsung NVMe SSD Gen4-810,448,450,,,,
Storage,Samsung NVMe SSD Gen4-811,1503,1619,,,,
Storage,Lexar NVMe SSD Gen3-812,122,132,,,,
Storage,Crucial NVMe SSD Gen3-813,181,162,,,,
Storage,WD NVMe SSD Gen5-814,1774,1842,,,,
Storage,Kingston NVMe SSD Gen3-815,959,1125,,,,
Storage,Crucial NVMe SSD Gen5-816,767,883,,,,
Storage,Lexar NVMe SSD Gen3-817,1082,1020,,,,
Storage,Kingston NVMe SSD Gen3-818,1356,1583,,,,
Storage,Crucial NVMe SSD Gen4-819,628,568,,,,
Storage,Lexar NVMe SSD Gen4-820,428,375,,,,
Storage,WD NVMe SSD Gen5-821,1016,955,,,,
Storage,WD NVMe SSD Gen4-822,650,614,,,,
Storage,Lexar NVMe SSD Gen3-823,795,943,,,,
Storage,Crucial NVMe SSD Gen4-824,512,575,,,,
Storage,Kingston NVMe SSD Gen3-825,558,453,,,,
Storage,Kingston NVMe SSD Gen5-826,1617,1634,,,,
Storage,WD NVMe SSD Gen3-827,298,290,,,,
Storage,Kingston NVMe SSD Gen4-828,1159,1278,,,,
Storage,Kingston NVMe SSD Gen5-829,1196,1081,,,,
Storage,Lexar NVMe SSD Gen5-830,199,196,,,,
Storage,WD NVMe SSD Gen3-831,1564,1620,,,,
Storage,Crucial NVMe SSD Gen5-832,1048,1245,,,,
Storage,Lexar NVMe SSD Gen4-833,658,697,,,,
Storage,Lexar NVMe SSD Gen3-834,1212,1085,,,,
Storage,Kingston NVMe SSD Gen3-835,1571,1717,,,,
Storage,WD NVMe SSD Gen3-836,800,866,,,,
Storage,Crucial NVMe SSD Gen4-837,1928,1923,,,,
Storage,WD NVMe SSD Gen4-838,631,723,,,,
Storage,Lexar NVMe SSD Gen4-839,1773,1962,,,,
Storage,WD NVMe SSD Gen4-840,874,974,,,,
Storage,WD NVMe SSD Gen3-841,1623,1771,,,,
Storage,Crucial NVMe SSD Gen3-842,413,477,,,,
Storage,Crucial NVMe SSD Gen4-843,1188,1178,,,,
Storage,WD NVMe SSD Gen4-844,1158,936,,,,
Storage,WD NVMe SSD Gen3-845,1848,1706,,,,
Storage,Kingston NVMe SSD Gen5-846,1131,1137,,,,
Storage,Lexar NVMe SSD Gen3-847,772,697,,,,
Storage,Lexar NVMe SSD Gen3-848,1512,1636,,,,
Storage,WD NVMe SSD Gen4-849,950,980,,,,
Storage,WD NVMe SSD Gen4-850,1376,1445,,,,
Storage,WD NVMe SSD Gen3-851,1955,1678,,,,
Storage,Crucial NVMe SSD Gen5-852,1055,949,,,,
Storage,Kingston NVMe SSD Gen4-853,1248,1146,,,,
Storage,Lexar NVMe SSD Gen4-854,1734,1999,,,,
Storage,Lexar NVMe SSD Gen3-855,1692,1977,,,,
Storage,WD NVMe SSD Gen5-856,1904,2060,,,,
Storage,Samsung NVMe SSD Gen3-857,577,510,,,,
Storage,Samsung NVMe SSD Gen3-858,623,637,,,,
Storage,Lexar NVMe SSD Gen3-859,734,623,,,,
Storage,Samsung NVMe SSD Gen4-860,1546,1725,,,,
Storage,Samsung NVMe SSD Gen3-861,706,657,,,,
Storage,Kingston NVMe SSD Gen3-862,218,249,,,,
Storage,Lexar NVMe SSD Gen4-863,1182,1364,,,,
Storage,Samsung NVMe SSD Gen5-864,1430,1250,,,,
Storage,Kingston NVMe SSD Gen3-865,454,451,,,,
Storage,Lexar NVMe SSD Gen5-866,1864,1877,,,,
Storage,Crucial NVMe SSD Gen5-867,1643,1902,,,,
Storage,Samsung NVMe SSD Gen5-868,1735,1765,,,,
Storage,WD NVMe SSD Gen3-869,398,452,,,,
Storage,Samsung NVMe SSD Gen4-870,967,1036,,,,
Storage,Crucial NVMe SSD Gen4-871,687,732,,,,
Storage,WD NVMe SSD Gen4-872,1013,978,,,,
Storage,Crucial NVMe SSD Gen5-873,509,599,,,,
Storage,Lexar NVMe SSD Gen4-874,980,1132,,,,
Storage,Samsung NVMe SSD Gen4-875,1284,1265,,,,
Storage,Crucial NVMe SSD Gen3-876,430,456,,,,
Storage,Lexar NVMe SSD Gen5-877,1318,1534,,,,
Storage,Crucial NVMe SSD Gen3-878,950,1122,,,,
Storage,Crucial NVMe SSD Gen5-879,1464,1443,,,,
Storage,Crucial NVMe SSD Gen4-880,246,240,,,,
Storage,Samsung NVMe SSD Gen3-881,1527,1243,,,,
Storage,WD NVMe SSD Gen4-882,1513,1337,,,,
Storage,Kingston NVMe SSD Gen4-883,359,374,,,,
Storage,Crucial NVMe SSD Gen4-884,871,711,,,,
Storage,Kingston NVMe SSD Gen5-885,1646,1871,,,,
Storage,Samsung NVMe SSD Gen4-886,546,593,,,,
Storage,Kingston NVMe SSD Gen4-887,255,269,,,,
Storage,Lexar NVMe SSD Gen3-888,1617,1669,,,,
Storage,Lexar NVMe SSD Gen4-889,433,358,,,,
Storage,Crucial NVMe SSD Gen3-890,1041,1062,,,,
Storage,Crucial NVMe SSD Gen5-891,1237,1387,,,,
Storage,Crucial NVMe SSD Gen3-892,121,138,,,,
Storage,Kingston NVMe SSD Gen5-893,665,703,,,,
Storage,Crucial NVMe SSD Gen3-894,914,932,,,,
Storage,WD NVMe SSD Gen3-895,1732,1446,,,,
Storage,Kingston NVMe SSD Gen3-896,1964,1770,,,,
Storage,Kingston NVMe SSD Gen3-897,522,544,,,,
Storage,Lexar NVMe SSD Gen4-898,1096,1034,,,,
Storage,Samsung NVMe SSD Gen5-899,385,461,,,,
Storage,Lexar NVMe SSD Gen5-900,1140,1082,,,,
Storage,Samsung NVMe SSD Gen5-901,354,312,,,,
Storage,Kingston NVMe SSD Gen4-902,1999,1890,,,,
Storage,Samsung NVMe SSD Gen3-903,1612,1675,,,,
Storage,Samsung NVMe SSD Gen4-904,983,816,,,,
Storage,Samsung NVMe SSD Gen4-905,504,437,,,,
Storage,Kingston NVMe SSD Gen5-906,483,408,,,,
Storage,Lexar NVMe SSD Gen3-907,1641,1470,,,,
Storage,WD NVMe SSD Gen4-908,1227,1431,,,,
Storage,Samsung NVMe SSD Gen4-909,1978,1750,,,,
Storage,Kingston NVMe SSD Gen4-910,1313,1312,,,,
Storage,Crucial NVMe SSD Gen4-911,1328,1260,,,,
Storage,WD NVMe SSD Gen4-912,340,369,,,,
Storage,Kingston NVMe SSD Gen5-913,390,401,,,,
Storage,Kingston NVMe SSD Gen5-914,744,607,,,,
Storage,Kingston NVMe SSD Gen3-915,374,413,,,,
Storage,WD NVMe SSD Gen4-916,302,336,,,,
Storage,Kingston NVMe SSD Gen5-917,215,194,,,,
Storage,Samsung NVMe SSD Gen3-918,1912,1932,,,,
Storage,Crucial NVMe SSD Gen4-919,1174,1030,,,,
Storage,Kingston NVMe SSD Gen3-920,396,436,,,,
Storage,Kingston NVMe SSD Gen5-921,127,143,,,,
Storage,Lexar NVMe SSD Gen3-922,1740,1978,,,,
Storage,Lexar NVMe SSD Gen4-923,1743,1870,,,,
Storage,Kingston NVMe SSD Gen3-924,167,148,,,,
Storage,Crucial NVMe SSD Gen5-925,1295,1400,,,,
Storage,Crucial NVMe SSD Gen5-926,1033,1024,,,,
Storage,Kingston NVMe SSD Gen5-927,125,129,,,,
Storage,Samsung NVMe SSD Gen4-928,1201,1132,,,,
Storage,Kingston NVMe SSD Gen4-929,1495,1324,,,,
Storage,WD NVMe SSD Gen3-930,602,521,,,,
Storage,Lexar NVMe SSD Gen3-931,881,936,,,,
Storage,Kingston NVMe SSD Gen5-932,1729,1826,,,,
Storage,Lexar NVMe SSD Gen5-933,1755,1947,,,,
Storage,Samsung NVMe SSD Gen4-934,1329,1558,,,,
Storage,Kingston NVMe SSD Gen5-935,1525,1772,,,,
Storage,Lexar NVMe SSD Gen5-936,273,305,,,,
Storage,Lexar NVMe SSD Gen3-937,849,960,,,,
Storage,Samsung NVMe SSD Gen3-938,1154,929,,,,
Storage,Crucial NVMe SSD Gen4-939,1037,904,,,,
Storage,Lexar NVMe SSD Gen4-940,179,167,,,,
Storage,WD NVMe SSD Gen4-941,412,474,,,,
Storage,Samsung NVMe SSD Gen5-942,1166,1377,,,,
Storage,Kingston NVMe SSD Gen4-943,889,958,,,,
Storage,Kingston NVMe SSD Gen5-944,1638,1808,,,,
Storage,Lexar NVMe SSD Gen5-945,1750,1510,,,,
Storage,WD NVMe SSD Gen4-946,217,254,,,,
Storage,Lexar NVMe SSD Gen3-947,920,856,,,,
Storage,Crucial NVMe SSD Gen5-948,822,795,,,,
Storage,Crucial NVMe SSD Gen3-949,338,307,,,,
Storage,Samsung NVMe SSD Gen5-950,749,865,,,,
Storage,Crucial NVMe SSD Gen3-951,1000,874,,,,
Storage,Lexar NVMe SSD Gen4-952,117,131,,,,
Storage,WD NVMe SSD Gen5-953,1149,1364,,,,
Storage,Lexar NVMe SSD Gen3-954,396,388,,,,
Storage,Samsung NVMe SSD Gen5-955,113,97,,,,
Storage,WD NVMe SSD Gen3-956,1908,1813,,,,
Storage,WD NVMe SSD Gen5-957,610,501,,,,
Storage,Samsung NVMe SSD Gen4-958,1489,1576,,,,
Storage,Crucial NVMe SSD Gen4-959,1347,1356,,,,
Storage,Crucial NVMe SSD Gen4-960,379,310,,,,
Storage,WD NVMe SSD Gen5-961,1017,831,,,,
Storage,Kingston NVMe SSD Gen3-962,1581,1734,,,,
Storage,Crucial NVMe SSD Gen3-963,411,339,,,,
Storage,WD NVMe SSD Gen5-964,1389,1141,,,,
Storage,Samsung NVMe SSD Gen4-965,1188,1325,,,,
Storage,Crucial NVMe SSD Gen3-966,1520,1787,,,,
Storage,Crucial NVMe SSD Gen3-967,1255,1008,,,,
Storage,Crucial NVMe SSD Gen3-968,574,566,,,,
Storage,Kingston NVMe SSD Gen5-969,1903,1800,,,,
Storage,Samsung NVMe SSD Gen3-970,1456,1604,,,,
Storage,Samsung NVMe SSD Gen3-971,639,754,,,,
Storage,WD NVMe SSD Gen5-972,1699,1368,,,,
Storage,WD NVMe SSD Gen3-973,180,146,,,,
Storage,Samsung NVMe SSD Gen4-974,1680,1672,,,,
Storage,Kingston NVMe SSD Gen4-975,1092,894,,,,
Storage,Lexar NVMe SSD Gen3-976,1666,1875,,,,
Storage,Crucial NVMe SSD Gen3-977,1897,1951,,,,
Storage,Kingston NVMe SSD Gen4-978,1914,1804,,,,
Storage,Samsung NVMe SSD Gen4-979,474,412,,,,
Storage,Samsung NVMe SSD Gen5-980,470,413,,,,
Storage,Lexar NVMe SSD Gen3-981,1635,1455,,,,
Storage,Lexar NVMe SSD Gen3-982,729,710,,,,
Storage,WD NVMe SSD Gen3-983,1295,1483,,,,
Storage,WD NVMe SSD Gen5-984,1120,972,,,,
Storage,Kingston NVMe SSD Gen4-985,1079,1207,,,,
Storage,Crucial NVMe SSD Gen3-986,1694,1676,,,,
Storage,Lexar NVMe SSD Gen4-987,1219,1342,,,,
Storage,Kingston NVMe SSD Gen5-988,606,607,,,,
Storage,WD NVMe SSD Gen4-989,957,965,,,,
Storage,Kingston NVMe SSD Gen3-990,1598,1405,,,,
Storage,Crucial NVMe SSD Gen3-991,1122,1071,,,,
Storage,Lexar NVMe SSD Gen3-992,1125,1193,,,,
Storage,WD NVMe SSD Gen3-993,190,194,,,,
Storage,WD NVMe SSD Gen4-994,1112,1294,,,,
Storage,Samsung NVMe SSD Gen4-995,1275,1063,,,,
Storage,Lexar NVMe SSD Gen4-996,1984,1713,,,,
Storage,Samsung NVMe SSD Gen5-997,1959,2005,,,,
Storage,Crucial NVMe SSD Gen3-998,123,146,,,,
Storage,WD NVMe SSD Gen5-999,1029,1109,,,,
Storage,Lexar NVMe SSD Gen5-1000,1577,1792,,,,
Storage,WD NVMe SSD Gen5-1001,1038,1020,,,,
Storage,Kingston NVMe SSD Gen5-1002,402,355,,,,
Storage,Lexar NVMe SSD Gen4-1003,1174,1217,,,,
Storage,Crucial NVMe SSD Gen3-1004,139,137,,,,
Storage,Crucial NVMe SSD Gen4-1005,878,799,,,,
Storage,Crucial NVMe SSD Gen4-1006,1242,1233,,,,
Storage,Kingston NVMe SSD Gen5-1007,1121,1235,,,,
Storage,Crucial NVMe SSD Gen4-1008,1085,1136,,,,
Storage,Kingston NVMe SSD Gen5-1009,611,635,,,,
Storage,WD NVMe SSD Gen3-1010,705,823,,,,
Storage,Lexar NVMe SSD Gen3-1011,616,494,,,,
Storage,Lexar NVMe SSD Gen3-1012,499,408,,,,
Storage,WD NVMe SSD Gen4-1013,1020,842,,,,
Storage,Kingston NVMe SSD Gen3-1014,617,738,,,,
Storage,WD NVMe SSD Gen3-1015,1654,1843,,,,
Storage,Samsung NVMe SSD Gen4-1016,285,293,,,,
Storage,Samsung NVMe SSD Gen4-1017,1653,1429,,,,
Storage,Samsung NVMe SSD Gen4-1018,1896,1963,,,,
Storage,Crucial NVMe SSD Gen5-1019,1766,2065,,,,
Storage,Lexar NVMe SSD Gen3-1020,184,217,,,,
Storage,Lexar NVMe SSD Gen4-1021,1974,1619,,,,
Storage,Lexar NVMe SSD Gen5-1022,732,786,,,,
Storage,Kingston NVMe SSD Gen5-1023,243,244,,,,
Storage,Kingston NVMe SSD Gen5-1024,1388,1196,,,,
Storage,Lexar NVMe SSD Gen4-1025,1283,1330,,,,
Storage,Samsung NVMe SSD Gen4-1026,560,499,,,,
Storage,Samsung NVMe SSD Gen5-1027,269,282,,,,
Storage,Kingston NVMe SSD Gen4-1028,1330,1420,,,,
Storage,Kingston NVMe SSD Gen5-1029,571,466,,,,
Storage,Lexar NVMe SSD Gen5-1030,446,487,,,,
Storage,Lexar NVMe SSD Gen3-1031,1713,1595,,,,
Storage,Lexar NVMe SSD Gen5-1032,526,630,,,,
Storage,WD NVMe SSD Gen5-1033,1907,1558,,,,
Storage,WD NVMe SSD Gen3-1034,1975,1834,,,,
Storage,Crucial NVMe SSD Gen3-1035,142,114,,,,
Storage,Lexar NVMe SSD Gen4-1036,879,1043,,,,
Storage,Kingston NVMe SSD Gen4-1037,490,416,,,,
Storage,Crucial NVMe SSD Gen3-1038,1114,1262,,,,
Storage,Kingston NVMe SSD Gen3-1039,1210,1243,,,,
Storage,Samsung NVMe SSD Gen3-1040,661,580,,,,
Storage,Kingston NVMe SSD Gen3-1041,665,785,,,,
Storage,Crucial NVMe SSD Gen5-1042,867,916,,,,
Storage,Lexar NVMe SSD Gen4-1043,1773,1538,,,,
Storage,Crucial NVMe SSD Gen3-1044,1105,1085,,,,
Storage,Crucial NVMe SSD Gen3-1045,1226,1102,,,,
Storage,Crucial NVMe SSD Gen4-1046,187,168,,,,
Storage,WD NVMe SSD Gen4-1047,514,512,,,,
Storage,Lexar NVMe SSD Gen3-1048,1575,1506,,,,
Storage,Lexar NVMe SSD Gen3-1049,1766,1637,,,,
Storage,Lexar NVMe SSD Gen5-1050,1579,1635,,,,
Storage,Kingston NVMe SSD Gen4-1051,1056,1108,,,,
Storage,Lexar NVMe SSD Gen4-1052,340,317,,,,
Storage,Samsung NVMe SSD Gen4-1053,1886,2107,,,,
Storage,Lexar NVMe SSD Gen4-1054,1946,2215,,,,
Storage,Crucial NVMe SSD Gen3-1055,432,377,,,,
Storage,Crucial NVMe SSD Gen4-1056,270,217,,,,
Storage,Samsung NVMe SSD Gen3-1057,944,967,,,,
Storage,Crucial NVMe SSD Gen4-1058,789,770,,,,
Storage,Crucial NVMe SSD Gen4-1059,1361,1461,,,,
Storage,Crucial NVMe SSD Gen4-1060,605,579,,,,
Storage,Kingston NVMe SSD Gen3-1061,976,876,,,,
Storage,Lexar NVMe SSD Gen3-1062,851,813,,,,
Storage,Samsung NVMe SSD Gen4-1063,173,155,,,,
Storage,Kingston NVMe SSD Gen4-1064,560,636,,,,
Storage,WD NVMe SSD Gen4-1065,1577,1742,,,,
Storage,Lexar NVMe SSD Gen5-1066,1556,1716,,,,
Storage,Kingston NVMe SSD Gen3-1067,1715,1619,,,,
Storage,Kingston NVMe SSD Gen4-1068,1382,1443,,,,
Storage,Samsung NVMe SSD Gen4-1069,981,878,,,,
Storage,Kingston NVMe SSD Gen4-1070,1441,1380,,,,
Storage,Lexar NVMe SSD Gen5-1071,912,955,,,,
Storage,WD NVMe SSD Gen3-1072,1334,1067,,,,
Storage,WD NVMe SSD Gen3-1073,458,425,,,,
Storage,Lexar NVMe SSD Gen3-1074,771,890,,,,
Storage,Kingston NVMe SSD Gen3-1075,1905,1937,,,,
Storage,Samsung NVMe SSD Gen3-1076,1731,1837,,,,
Storage,Lexar NVMe SSD Gen3-1077,998,956,,,,
Storage,Crucial NVMe SSD Gen4-1078,921,773,,,,
Storage,WD NVMe SSD Gen3-1079,1605,1620,,,,
Storage,Samsung NVMe SSD Gen5-1080,1191,1186,,,,
Storage,Kingston NVMe SSD Gen5-1081,603,676,,,,
Storage,WD NVMe SSD Gen5-1082,442,460,,,,
Storage,Lexar NVMe SSD Gen4-1083,946,943,,,,
Storage,Kingston NVMe SSD Gen3-1084,151,144,,,,
Storage,Lexar NVMe SSD Gen3-1085,1573,1548,,,,
Storage,Crucial NVMe SSD Gen5-1086,1022,994,,,,
Storage,Kingston NVMe SSD Gen5-1087,1111,935,,,,
Storage,Crucial NVMe SSD Gen3-1088,1864,2051,,,,
Storage,Lexar NVMe SSD Gen5-1089,1367,1181,,,,
Storage,Lexar NVMe SSD Gen3-1090,605,689,,,,
Storage,Samsung NVMe SSD Gen3-1091,770,759,,,,
Storage,Crucial NVMe SSD Gen3-1092,105,110,,,,
Storage,Kingston NVMe SSD Gen3-1093,1772,1741,,,,
Storage,Samsung NVMe SSD Gen4-1094,1356,1103,,,,
Storage,Lexar NVMe SSD Gen4-1095,1896,1636,,,,
Storage,Kingston NVMe SSD Gen4-1096,1026,823,,,,
Storage,Lexar NVMe SSD Gen3-1097,215,190,,,,
Storage,WD NVMe SSD Gen3-1098,804,693,,,,
Storage,Kingston NVMe SSD Gen4-1099,1609,1731,,,,
Storage,Samsung NVMe SSD Gen5-1100,452,388,,,,
Storage,Lexar NVMe SSD Gen3-1101,372,420,,,,
Storage,Crucial NVMe SSD Gen3-1102,392,465,,,,
Storage,Samsung NVMe SSD Gen5-1103,681,623,,,,
Storage,Lexar NVMe SSD Gen4-1104,1480,1747,,,,
Storage,Crucial NVMe SSD Gen4-1105,1524,1697,,,,
Storage,Kingston NVMe SSD Gen5-1106,1928,1820,,,,
Storage,Lexar NVMe SSD Gen4-1107,978,867,,,,
Storage,Lexar NVMe SSD Gen4-1108,1637,1927,,,,
Storage,WD NVMe SSD Gen5-1109,826,727,,,,
Storage,Lexar NVMe SSD Gen3-1110,644,735,,,,
Storage,Kingston NVMe SSD Gen4-1111,1905,1580,,,,
Storage,Lexar NVMe SSD Gen4-1112,1178,1326,,,,
Storage,Kingston NVMe SSD Gen5-1113,679,672,,,,
Storage,Kingston NVMe SSD Gen3-1114,275,266,,,,
Storage,WD NVMe SSD Gen5-1115,1330,1481,,,,
Storage,Lexar NVMe SSD Gen4-1116,852,706,,,,
Storage,Crucial NVMe SSD Gen5-1117,1159,1183,,,,
Storage,Lexar NVMe SSD Gen3-1118,463,467,,,,
Storage,Kingston NVMe SSD Gen4-1119,1478,1579,,,,
Storage,Crucial NVMe SSD Gen3-1120,1215,1034,,,,
Storage,Kingston NVMe SSD Gen4-1121,236,190,,,,
Storage,Kingston NVMe SSD Gen5-1122,1855,1792,,,,
Storage,Lexar NVMe SSD Gen3-1123,1088,1059,,,,
Storage,Samsung NVMe SSD Gen5-1124,745,855,,,,
Storage,Crucial NVMe SSD Gen4-1125,1395,1311,,,,
Storage,Samsung NVMe SSD Gen4-1126,1714,1424,,,,
Storage,WD NVMe SSD Gen4-1127,1516,1618,,,,
Storage,WD NVMe SSD Gen4-1128,592,635,,,,
Storage,Samsung NVMe SSD Gen4-1129,1347,1323,,,,
Storage,Samsung NVMe SSD Gen4-1130,1019,1134,,,,
Storage,WD NVMe SSD Gen4-1131,426,392,,,,
Storage,Kingston NVMe SSD Gen4-1132,1707,1495,,,,
Storage,Crucial NVMe SSD Gen4-1133,713,739,,,,
Storage,Kingston NVMe SSD Gen3-1134,1135,970,,,,
Storage,Lexar NVMe SSD Gen3-1135,1749,1884,,,,
Storage,WD NVMe SSD Gen3-1136,951,854,,,,
Storage,Samsung NVMe SSD Gen5-1137,1371,1401,,,,
Storage,WD NVMe SSD Gen3-1138,265,217,,,,
Storage,Lexar NVMe SSD Gen3-1139,1498,1379,,,,
Storage,Samsung NVMe SSD Gen3-1140,947,999,,,,
Storage,Lexar NVMe SSD Gen3-1141,1959,1927,,,,
Storage,WD NVMe SSD Gen3-1142,1450,1314,,,,
Storage,Samsung NVMe SSD Gen3-1143,508,485,,,,
Storage,WD NVMe SSD Gen4-1144,147,128,,,,
Storage,Samsung NVMe SSD Gen5-1145,408,489,,,,
Storage,Lexar NVMe SSD Gen4-1146,1371,1194,,,,
Storage,WD NVMe SSD Gen4-1147,528,498,,,,
Storage,Samsung NVMe SSD Gen3-1148,1733,2047,,,,
Storage,Crucial NVMe SSD Gen5-1149,656,564,,,,
Storage,Lexar NVMe SSD Gen4-1150,1665,1521,,,,
Storage,Crucial NVMe SSD Gen5-1151,1137,1029,,,,
Storage,WD NVMe SSD Gen3-1152,505,406,,,,
Storage,Kingston NVMe SSD Gen5-1153,1850,1596,,,,
Storage,WD NVMe SSD Gen3-1154,1882,2232,,,,
Storage,Lexar NVMe SSD Gen5-1155,1198,1391,,,,
Storage,Lexar NVMe SSD Gen5-1156,1501,1324,,,,
Storage,Lexar NVMe SSD Gen4-1157,1956,2260,,,,
Storage,Samsung NVMe SSD Gen5-1158,484,396,,,,
Storage,Crucial NVMe SSD Gen4-1159,832,838,,,,
Storage,WD NVMe SSD Gen5-1160,1000,868,,,,
Storage,Crucial NVMe SSD Gen3-1161,107,109,,,,
Storage,WD NVMe SSD Gen5-1162,147,163,,,,
Storage,Samsung NVMe SSD Gen3-1163,1495,1245,,,,
Storage,Kingston NVMe SSD Gen4-1164,1955,2233,,,,
Storage,Kingston NVMe SSD Gen3-1165,1225,1089,,,,
Storage,Lexar NVMe SSD Gen3-1166,611,668,,,,
Storage,Samsung NVMe SSD Gen4-1167,359,303,,,,
Storage,Lexar NVMe SSD Gen4-1168,1105,941,,,,
Storage,Kingston NVMe SSD Gen5-1169,561,589,,,,
Storage,Crucial NVMe SSD Gen3-1170,778,808,,,,
Storage,WD NVMe SSD Gen4-1171,1770,1420,,,,
Storage,Crucial NVMe SSD Gen5-1172,1841,1513,,,,
Storage,WD NVMe SSD Gen3-1173,370,313,,,,
Storage,Crucial NVMe SSD Gen5-1174,1224,1146,,,,
Storage,WD NVMe SSD Gen4-1175,543,594,,,,
Storage,Crucial NVMe SSD Gen5-1176,1194,1097,,,,
Storage,Crucial NVMe SSD Gen5-1177,1512,1278,,,,
Storage,Crucial NVMe SSD Gen3-1178,101,97,,,,
Storage,Kingston NVMe SSD Gen5-1179,299,311,,,,
Storage,Samsung NVMe SSD Gen3-1180,509,492,,,,
Storage,Crucial NVMe SSD Gen4-1181,1146,1059,,,,
Storage,Samsung NVMe SSD Gen4-1182,265,250,,,,
Storage,WD NVMe SSD Gen4-1183,169,166,,,,
Storage,Samsung NVMe SSD Gen5-1184,477,562,,,,
Storage,Crucial NVMe SSD Gen4-1185,1121,1133,,,,
Storage,Kingston NVMe SSD Gen3-1186,1863,1991,,,,
Storage,WD NVMe SSD Gen4-1187,175,163,,,,
Storage,WD NVMe SSD Gen3-1188,1229,1076,,,,
Storage,Samsung NVMe SSD Gen3-1189,506,419,,,,
Storage,Kingston NVMe SSD Gen4-1190,1831,1677,,,,
Storage,Crucial NVMe SSD Gen4-1191,1317,1156,,,,
Storage,Crucial NVMe SSD Gen5-1192,1276,1124,,,,
Storage,Samsung NVMe SSD Gen3-1193,243,237,,,,
Storage,WD NVMe SSD Gen3-1194,1865,2052,,,,
Storage,WD NVMe SSD Gen5-1195,1697,1398,,,,
Storage,Kingston NVMe SSD Gen4-1196,159,189,,,,
Storage,Crucial NVMe SSD Gen3-1197,442,450,,,,
Storage,Kingston NVMe SSD Gen4-1198,915,800,,,,
Storage,Lexar NVMe SSD Gen3-1199,157,164,,,,
Storage,Lexar NVMe SSD Gen4-1200,1322,1323,,,,
Storage,WD NVMe SSD Gen4-1201,313,313,,,,
Storage,Crucial NVMe SSD Gen3-1202,1711,1711,,,,
Storage,Crucial NVMe SSD Gen3-1203,222,190,,,,
Storage,Crucial NVMe SSD Gen3-1204,1189,1315,,,,
Storage,Kingston NVMe SSD Gen3-1205,1222,1311,,,,
Storage,Lexar NVMe SSD Gen4-1206,1343,1578,,,,
Storage,WD NVMe SSD Gen4-1207,1822,1872,,,,
Storage,Kingston NVMe SSD Gen3-1208,1263,1478,,,,
Storage,Kingston NVMe SSD Gen4-1209,1630,1706,,,,
Storage,Kingston NVMe SSD Gen4-1210,697,780,,,,
Storage,Lexar NVMe SSD Gen3-1211,1101,1227,,,,
Storage,WD NVMe SSD Gen4-1212,1879,2070,,,,
Storage,Samsung NVMe SSD Gen3-1213,1972,1973,,,,
Storage,Lexar NVMe SSD Gen5-1214,1075,1207,,,,
Storage,Kingston NVMe SSD Gen5-1215,939,1044,,,,
Storage,Crucial NVMe SSD Gen5-1216,1030,1006,,,,
Storage,WD NVMe SSD Gen3-1217,1340,1530,,,,
Storage,Lexar NVMe SSD Gen5-1218,961,883,,,,
Storage,Kingston NVMe SSD Gen5-1219,1933,1886,,,,
Storage,Samsung NVMe SSD Gen4-1220,744,782,,,,
Storage,Samsung NVMe SSD Gen4-1221,174,184,,,,
Storage,Crucial NVMe SSD Gen4-1222,820,670,,,,
Storage,WD NVMe SSD Gen4-1223,890,858,,,,
Storage,Lexar NVMe SSD Gen4-1224,1059,955,,,,
Storage,Crucial NVMe SSD Gen3-1225,753,606,,,,
Storage,WD NVMe SSD Gen3-1226,296,343,,,,
Storage,Kingston NVMe SSD Gen5-1227,1272,1484,,,,
Storage,Kingston NVMe SSD Gen4-1228,1344,1597,,,,
Storage,Crucial NVMe SSD Gen4-1229,1607,1331,,,,
Storage,Samsung NVMe SSD Gen4-1230,980,810,,,,
Storage,Crucial NVMe SSD Gen4-1231,1187,1359,,,,
Storage,Lexar NVMe SSD Gen3-1232,938,1123,,,,
Storage,Samsung NVMe SSD Gen5-1233,230,212,,,,
Storage,Samsung NVMe SSD Gen3-1234,575,486,,,,
Storage,Crucial NVMe SSD Gen5-1235,688,814,,,,
Storage,Lexar NVMe SSD Gen3-1236,1980,1821,,,,
Storage,Crucial NVMe SSD Gen3-1237,1471,1596,,,,
Storage,Samsung NVMe SSD Gen3-1238,255,285,,,,
Storage,Crucial NVMe SSD Gen4-1239,1648,1522,,,,
Storage,Crucial NVMe SSD Gen4-1240,1892,1615,,,,
Storage,WD NVMe SSD Gen4-1241,216,174,,,,
Storage,Crucial NVMe SSD Gen3-1242,1400,1346,,,,
Storage,Samsung NVMe SSD Gen4-1243,671,749,,,,
Storage,Kingston NVMe SSD Gen4-1244,1456,1681,,,,
Storage,Lexar NVMe SSD Gen3-1245,1524,1387,,,,
Storage,Lexar NVMe SSD Gen4-1246,545,472,,,,
Storage,Samsung NVMe SSD Gen4-1247,1496,1481,,,,
Storage,Crucial NVMe SSD Gen5-1248,577,495,,,,
Storage,Kingston NVMe SSD Gen5-1249,1923,1993,,,,
Storage,Samsung NVMe SSD Gen4-1250,881,937,,,,
Storage,Kingston NVMe SSD Gen4-1251,1144,945,,,,
Storage,Crucial NVMe SSD Gen3-1252,1114,1172,,,,
Storage,Kingston NVMe SSD Gen3-1253,695,636,,,,
Storage,Lexar NVMe SSD Gen3-1254,1363,1383,,,,
Storage,Crucial NVMe SSD Gen3-1255,1604,1858,,,,
Storage,WD NVMe SSD Gen5-1256,1375,1223,,,,
Storage,Kingston NVMe SSD Gen5-1257,1621,1711,,,,
Storage,Samsung NVMe SSD Gen5-1258,470,415,,,,
Storage,Kingston NVMe SSD Gen4-1259,504,541,,,,
Storage,WD NVMe SSD Gen3-1260,1798,2088,,,,
Storage,Lexar NVMe SSD Gen5-1261,1992,2221,,,,
Storage,Samsung NVMe SSD Gen5-1262,1438,1626,,,,
Storage,Lexar NVMe SSD Gen5-1263,904,879,,,,
Storage,Samsung NVMe SSD Gen4-1264,187,190,,,,
Storage,WD NVMe SSD Gen5-1265,116,107,,,,
Storage,Samsung NVMe SSD Gen3-1266,367,375,,,,
Storage,Kingston NVMe SSD Gen5-1267,962,897,,,,
Storage,Lexar NVMe SSD Gen5-1268,1113,1010,,,,
Storage,Samsung NVMe SSD Gen5-1269,169,169,,,,
Storage,WD NVMe SSD Gen3-1270,1414,1604,,,,
Storage,Kingston NVMe SSD Gen5-1271,1447,1549,,,,
Storage,Kingston NVMe SSD Gen4-1272,1147,1310,,,,
Storage,Lexar NVMe SSD Gen4-1273,1005,982,,,,
Storage,Crucial NVMe SSD Gen3-1274,1997,2095,,,,
Storage,Lexar NVMe SSD Gen3-1275,288,324,,,,
Storage,WD NVMe SSD Gen3-1276,316,287,,,,
Storage,Kingston NVMe SSD Gen4-1277,1458,1315,,,,
Storage,Samsung NVMe SSD Gen5-1278,1187,1229,,,,
Storage,Samsung NVMe SSD Gen3-1279,1545,1404,,,,
Storage,WD NVMe SSD Gen4-1280,339,365,,,,
Storage,Lexar NVMe SSD Gen4-1281,752,861,,,,
Storage,WD NVMe SSD Gen4-1282,702,578,,,,
Storage,WD NVMe SSD Gen4-1283,1294,1366,,,,
Storage,Lexar NVMe SSD Gen4-1284,464,478,,,,
Storage,Lexar NVMe SSD Gen3-1285,509,470,,,,
Storage,Crucial NVMe SSD Gen3-1286,1773,1875,,,,
Storage,Samsung NVMe SSD Gen4-1287,1202,1356,,,,
Storage,Lexar NVMe SSD Gen3-1288,1728,1785,,,,
Storage,Lexar NVMe SSD Gen5-1289,749,745,,,,
Storage,Lexar NVMe SSD Gen3-1290,1067,949,,,,
Storage,Lexar NVMe SSD Gen3-1291,250,249,,,,
Storage,Samsung NVMe SSD Gen5-1292,506,492,,,,
Storage,Crucial NVMe SSD Gen4-1293,1170,1165,,,,
Storage,Lexar NVMe SSD Gen5-1294,772,896,,,,
Storage,Crucial NVMe SSD Gen3-1295,642,654,,,,
Storage,Samsung NVMe SSD Gen3-1296,375,334,,,,
Storage,Crucial NVMe SSD Gen3-1297,254,259,,,,
Storage,Crucial NVMe SSD Gen3-1298,1150,1358,,,,
Storage,Samsung NVMe SSD Gen5-1299,372,312,,,,
Storage,Kingston NVMe SSD Gen5-1300,432,370,,,,
Storage,Samsung NVMe SSD Gen3-1301,1643,1527,,,,
Storage,Lexar NVMe SSD Gen4-1302,1523,1554,,,,
Storage,Kingston NVMe SSD Gen4-1303,584,550,,,,
Storage,Samsung NVMe SSD Gen3-1304,1244,1153,,,,
Storage,Crucial NVMe SSD Gen3-1305,1339,1468,,,,
Storage,Kingston NVMe SSD Gen3-1306,1814,2125,,,,
Storage,Samsung NVMe SSD Gen3-1307,1063,863,,,,
Storage,Kingston NVMe SSD Gen3-1308,1437,1679,,,,
Storage,Crucial NVMe SSD Gen3-1309,1377,1469,,,,
Storage,Samsung NVMe SSD Gen5-1310,699,726,,,,
Storage,Samsung NVMe SSD Gen4-1311,986,803,,,,
Storage,Lexar NVMe SSD Gen4-1312,115,117,,,,
Storage,Crucial NVMe SSD Gen4-1313,1310,1235,,,,
Storage,WD NVMe SSD Gen4-1314,941,866,,,,
Storage,Samsung NVMe SSD Gen3-1315,455,527,,,,
Storage,Lexar NVMe SSD Gen3-1316,1162,1287,,,,
Storage,Crucial NVMe SSD Gen4-1317,1425,1481,,,,
Storage,Kingston NVMe SSD Gen5-1318,503,596,,,,
Storage,Lexar NVMe SSD Gen3-1319,1315,1053,,,,
Storage,Lexar NVMe SSD Gen3-1320,390,457,,,,
Storage,Kingston NVMe SSD Gen5-1321,1645,1874,,,,
Storage,WD NVMe SSD Gen3-1322,1644,1673,,,,
Storage,WD NVMe SSD Gen4-1323,693,821,,,,
Storage,Lexar NVMe SSD Gen5-1324,119,141,,,,
Storage,Crucial NVMe SSD Gen4-1325,833,832,,,,
Storage,Crucial NVMe SSD Gen3-1326,1025,930,,,,
Storage,Kingston NVMe SSD Gen4-1327,131,115,,,,
Storage,Crucial NVMe SSD Gen3-1328,987,958,,,,
Storage,Lexar NVMe SSD Gen5-1329,1804,1879,,,,
Storage,Lexar NVMe SSD Gen4-1330,1023,1151,,,,
Storage,Kingston NVMe SSD Gen3-1331,166,147,,,,
Storage,Samsung NVMe SSD Gen3-1332,1592,1579,,,,
Storage,Lexar NVMe SSD Gen3-1333,1836,2053,,,,
Storage,Samsung NVMe SSD Gen3-1334,1361,1492,,,,
Storage,Kingston NVMe SSD Gen4-1335,1078,1082,,,,
Storage,Crucial NVMe SSD Gen3-1336,366,435,,,,
Storage,Samsung NVMe SSD Gen5-1337,1877,1876,,,,
Storage,WD NVMe SSD Gen4-1338,1493,1355,,,,
Storage,WD NVMe SSD Gen3-1339,1864,2077,,,,
Storage,Samsung NVMe SSD Gen4-1340,547,654,,,,
Storage,Kingston NVMe SSD Gen3-1341,1236,1041,,,,
Storage,Kingston NVMe SSD Gen3-1342,617,637,,,,
Storage,Kingston NVMe SSD Gen4-1343,944,875,,,,
Storage,Crucial NVMe SSD Gen3-1344,979,1057,,,,
Storage,Lexar NVMe SSD Gen5-1345,567,532,,,,
Storage,Kingston NVMe SSD Gen3-1346,619,499,,,,
Storage,Lexar NVMe SSD Gen3-1347,1881,2041,,,,
Storage,Kingston NVMe SSD Gen5-1348,1879,2102,,,,
Storage,Crucial NVMe SSD Gen5-1349,134,142,,,,
Storage,Lexar NVMe SSD Gen5-1350,1181,1004,,,,
Storage,Kingston NVMe SSD Gen4-1351,445,368,,,,
Storage,WD NVMe SSD Gen4-1352,290,294,,,,
Storage,Crucial NVMe SSD Gen4-1353,332,327,,,,
Storage,Crucial NVMe SSD Gen3-1354,257,262,,,,
Storage,Crucial NVMe SSD Gen3-1355,1662,1633,,,,
Storage,Crucial NVMe SSD Gen4-1356,1152,1166,,,,
Storage,Kingston NVMe SSD Gen3-1357,896,822,,,,
Storage,Kingston NVMe SSD Gen4-1358,1412,1292,,,,
Storage,Samsung NVMe SSD Gen5-1359,273,313,,,,
Storage,Samsung NVMe SSD Gen5-1360,1449,1373,,,,
Storage,WD NVMe SSD Gen5-1361,1127,1067,,,,
Storage,Lexar NVMe SSD Gen5-1362,339,375,,,,
Storage,Samsung NVMe SSD Gen3-1363,595,708,,,,
Storage,Crucial NVMe SSD Gen4-1364,1832,1745,,,,
Storage,Kingston NVMe SSD Gen4-1365,1720,1895,,,,
Storage,Samsung NVMe SSD Gen4-1366,1725,1617,,,,
Storage,Kingston NVMe SSD Gen5-1367,1902,1843,,,,
Storage,Crucial NVMe SSD Gen4-1368,1607,1772,,,,
Storage,Samsung NVMe SSD Gen5-1369,1105,903,,,,
Storage,Crucial NVMe SSD Gen4-1370,570,628,,,,
Storage,Samsung NVMe SSD Gen5-1371,211,221,,,,
Storage,Lexar NVMe SSD Gen3-1372,152,129,,,,
Storage,Kingston NVMe SSD Gen4-1373,763,652,,,,
Storage,WD NVMe SSD Gen3-1374,1264,1236,,,,
Storage,Samsung NVMe SSD Gen4-1375,1321,1509,,,,
Storage,WD NVMe SSD Gen5-1376,1038,1141,,,,
Storage,Crucial NVMe SSD Gen5-1377,1466,1309,,,,
Storage,WD NVMe SSD Gen4-1378,918,1072,,,,
Storage,Crucial NVMe SSD Gen4-1379,774,838,,,,
Storage,Samsung NVMe SSD Gen4-1380,350,389,,,,
Storage,Samsung NVMe SSD Gen5-1381,1719,1733,,,,
Storage,Lexar NVMe SSD Gen4-1382,514,493,,,,
Storage,Samsung NVMe SSD Gen5-1383,1550,1342,,,,
Storage,Lexar NVMe SSD Gen4-1384,1428,1655,,,,
Storage,WD NVMe SSD Gen5-1385,561,564,,,,
Storage,Kingston NVMe SSD Gen3-1386,184,219,,,,
Storage,WD NVMe SSD Gen4-1387,485,495,,,,
Storage,Lexar NVMe SSD Gen4-1388,647,574,,,,
Storage,Samsung NVMe SSD Gen3-1389,1845,1828,,,,
Storage,Kingston NVMe SSD Gen5-1390,1397,1269,,,,
Storage,WD NVMe SSD Gen5-1391,1123,1037,,,,
Storage,WD NVMe SSD Gen4-1392,555,612,,,,
Storage,Kingston NVMe SSD Gen3-1393,320,382,,,,
Storage,Lexar NVMe SSD Gen5-1394,375,319,,,,
Storage,WD NVMe SSD Gen4-1395,1039,999,,,,
Storage,WD NVMe SSD Gen5-1396,1913,1696,,,,
Storage,Lexar NVMe SSD Gen3-1397,100,90,,,,
Storage,WD NVMe SSD Gen3-1398,489,519,,,,
Storage,Lexar NVMe SSD Gen4-1399,1899,1600,,,,
Storage,Kingston NVMe SSD Gen4-1400,1478,1577,,,,
Storage,Lexar NVMe SSD Gen3-1401,1837,2002,,,,
Storage,Lexar NVMe SSD Gen3-1402,1907,1629,,,,
Storage,Crucial NVMe SSD Gen5-1403,238,214,,,,
Storage,WD NVMe SSD Gen5-1404,1767,2088,,,,
Storage,WD NVMe SSD Gen3-1405,512,576,,,,
Storage,WD NVMe SSD Gen5-1406,901,1031,,,,
Storage,Samsung NVMe SSD Gen4-1407,1971,1734,,,,
Storage,Kingston NVMe SSD Gen5-1408,1706,1387,,,,
Storage,Kingston NVMe SSD Gen5-1409,1658,1957,,,,
Storage,Crucial NVMe SSD Gen5-1410,1561,1737,,,,
Storage,Kingston NVMe SSD Gen5-1411,249,263,,,,
Storage,WD NVMe SSD Gen3-1412,292,326,,,,
Storage,Crucial NVMe SSD Gen5-1413,549,489,,,,
Storage,Samsung NVMe SSD Gen5-1414,131,155,,,,
Storage,Lexar NVMe SSD Gen3-1415,1362,1497,,,,
Storage,Samsung NVMe SSD Gen3-1416,150,173,,,,
Storage,Kingston NVMe SSD Gen5-1417,1452,1644,,,,
Storage,Lexar NVMe SSD Gen5-1418,126,120,,,,
Storage,WD NVMe SSD Gen5-1419,1619,1784,,,,
Storage,WD NVMe SSD Gen4-1420,1515,1700,,,,
Storage,Crucial NVMe SSD Gen3-1421,936,997,,,,
Storage,Samsung NVMe SSD Gen3-1422,490,464,,,,
Storage,Kingston NVMe SSD Gen4-1423,1544,1535,,,,
Storage,Crucial NVMe SSD Gen4-1424,448,480,,,,
Storage,WD NVMe SSD Gen5-1425,1906,2070,,,,
Storage,Lexar NVMe SSD Gen5-1426,1074,1065,,,,
Storage,Kingston NVMe SSD Gen4-1427,1037,1057,,,,
Storage,WD NVMe SSD Gen4-1428,972,948,,,,
Storage,WD NVMe SSD Gen5-1429,491,425,,,,
Storage,Samsung NVMe SSD Gen3-1430,597,501,,,,
Storage,Crucial NVMe SSD Gen5-1431,397,401,,,,
Storage,Kingston NVMe SSD Gen3-1432,1583,1407,,,,
Storage,Kingston NVMe SSD Gen3-1433,1654,1798,,,,
Storage,Lexar NVMe SSD Gen4-1434,174,167,,,,
Storage,Lexar NVMe SSD Gen4-1435,339,272,,,,
Storage,Samsung NVMe SSD Gen3-1436,1159,1366,,,,
Storage,Kingston NVMe SSD Gen5-1437,1324,1569,,,,
Storage,Kingston NVMe SSD Gen4-1438,732,864,,,,
Storage,Samsung NVMe SSD Gen4-1439,1357,1255,,,,
Storage,Crucial NVMe SSD Gen4-1440,574,488,,,,
Storage,WD NVMe SSD Gen5-1441,1092,944,,,,
Storage,Samsung NVMe SSD Gen5-1442,314,276,,,,
Storage,WD NVMe SSD Gen4-1443,1271,1020,,,,
Storage,WD NVMe SSD Gen5-1444,1926,1609,,,,
Storage,Kingston NVMe SSD Gen3-1445,1770,1876,,,,
Storage,Crucial NVMe SSD Gen5-1446,273,224,,,,
Storage,WD NVMe SSD Gen4-1447,102,104,,,,
Storage,Samsung NVMe SSD Gen4-1448,1510,1384,,,,
Storage,Crucial NVMe SSD Gen4-1449,1869,2069,,,,
Storage,WD NVMe SSD Gen5-1450,1633,1486,,,,
Storage,Kingston NVMe SSD Gen5-1451,326,295,,,,
Storage,WD NVMe SSD Gen3-1452,736,696,,,,
Storage,WD NVMe SSD Gen5-1453,1313,1504,,,,
Storage,Kingston NVMe SSD Gen5-1454,933,1095,,,,
Storage,Kingston NVMe SSD Gen5-1455,881,816,,,,
Storage,Crucial NVMe SSD Gen4-1456,1505,1511,,,,
Storage,Kingston NVMe SSD Gen4-1457,1476,1593,,,,
Storage,WD NVMe SSD Gen5-1458,1302,1331,,,,
Storage,WD NVMe SSD Gen3-1459,1291,1046,,,,
Storage,WD NVMe SSD Gen5-1460,448,440,,,,
Storage,Kingston NVMe SSD Gen5-1461,1784,2015,,,,
Storage,Lexar NVMe SSD Gen3-1462,1501,1576,,,,
Storage,Crucial NVMe SSD Gen3-1463,1483,1311,,,,
Storage,Lexar NVMe SSD Gen4-1464,868,879,,,,
Storage,Samsung NVMe SSD Gen4-1465,1305,1391,,,,
Storage,Samsung NVMe SSD Gen3-1466,182,203,,,,
Storage,Samsung NVMe SSD Gen5-1467,1426,1289,,,,
Storage,WD NVMe SSD Gen3-1468,155,131,,,,
Storage,Kingston NVMe SSD Gen5-1469,328,390,,,,
Storage,Samsung NVMe SSD Gen5-1470,1812,2046,,,,
Storage,Lexar NVMe SSD Gen3-1471,1742,1595,,,,
Storage,WD NVMe SSD Gen4-1472,1525,1406,,,,
Storage,Crucial NVMe SSD Gen5-1473,1023,843,,,,
Storage,WD NVMe SSD Gen4-1474,1586,1650,,,,
Storage,Lexar NVMe SSD Gen3-1475,345,337,,,,
Storage,Kingston NVMe SSD Gen4-1476,1484,1255,,,,
Storage,Crucial NVMe SSD Gen3-1477,1464,1659,,,,
Storage,Crucial NVMe SSD Gen5-1478,1040,1205,,,,
Storage,WD NVMe SSD Gen4-1479,1965,1833,,,,
Storage,Samsung NVMe SSD Gen5-1480,1190,1225,,,,
Storage,Kingston NVMe SSD Gen3-1481,1118,929,,,,
Storage,Lexar NVMe SSD Gen3-1482,1889,1574,,,,
Storage,WD NVMe SSD Gen4-1483,150,178,,,,
Storage,Kingston NVMe SSD Gen5-1484,1262,1304,,,,
Storage,Kingston NVMe SSD Gen4-1485,1423,1479,,,,
Storage,Lexar NVMe SSD Gen5-1486,924,940,,,,
Storage,WD NVMe SSD Gen4-1487,1472,1487,,,,
Storage,WD NVMe SSD Gen3-1488,158,145,,,,
Storage,Samsung NVMe SSD Gen3-1489,1934,2195,,,,
Storage,Kingston NVMe SSD Gen3-1490,239,256,,,,
Storage,Samsung NVMe SSD Gen3-1491,1324,1182,,,,
Storage,Samsung NVMe SSD Gen3-1492,1454,1424,,,,
Storage,Lexar NVMe SSD Gen4-1493,1847,2136,,,,
Storage,Lexar NVMe SSD Gen4-1494,459,415,,,,
Storage,WD NVMe SSD Gen5-1495,229,270,,,,
Storage,Lexar NVMe SSD Gen5-1496,1254,1201,,,,
Storage,Crucial NVMe SSD Gen3-1497,822,832,,,,
Storage,Lexar NVMe SSD Gen3-1498,1312,1188,,,,
Storage,Kingston NVMe SSD Gen5-1499,1476,1387,,,,
Storage,WD NVMe SSD Gen4-1500,1375,1336,,,,
Storage,Samsung NVMe SSD Gen3-1501,567,538,,,,
Storage,Lexar NVMe SSD Gen3-1502,1335,1231,,,,
Storage,Lexar NVMe SSD Gen4-1503,1331,1172,,,,
Storage,Crucial NVMe SSD Gen4-1504,1704,1460,,,,
Storage,Crucial NVMe SSD Gen3-1505,433,412,,,,
Storage,Samsung NVMe SSD Gen5-1506,147,139,,,,
Storage,Samsung NVMe SSD Gen4-1507,108,124,,,,
Storage,WD NVMe SSD Gen4-1508,709,624,,,,
Storage,Lexar NVMe SSD Gen3-1509,218,253,,,,
Storage,WD NVMe SSD Gen4-1510,1271,1144,,,,
Storage,Kingston NVMe SSD Gen5-1511,238,206,,,,
Storage,WD NVMe SSD Gen5-1512,1340,1371,,,,
Storage,WD NVMe SSD Gen5-1513,1379,1495,,,,
Storage,Kingston NVMe SSD Gen5-1514,1964,2206,,,,
Storage,Crucial NVMe SSD Gen3-1515,448,526,,,,
Storage,Lexar NVMe SSD Gen4-1516,1663,1628,,,,
Storage,Crucial NVMe SSD Gen5-1517,727,851,,,,
Storage,Lexar NVMe SSD Gen4-1518,1585,1605,,,,
Storage,WD NVMe SSD Gen3-1519,1839,1620,,,,
Storage,Crucial NVMe SSD Gen4-1520,982,995,,,,
Storage,WD NVMe SSD Gen4-1521,624,559,,,,
Storage,Samsung NVMe SSD Gen5-1522,867,727,,,,
Storage,Crucial NVMe SSD Gen5-1523,990,1001,,,,
Storage,Crucial NVMe SSD Gen5-1524,599,555,,,,
Storage,Lexar NVMe SSD Gen3-1525,975,812,,,,
Storage,Kingston NVMe SSD Gen3-1526,1936,1717,,,,
Storage,Kingston NVMe SSD Gen5-1527,182,191,,,,
Storage,Kingston NVMe SSD Gen4-1528,1308,1128,,,,
Storage,Kingston NVMe SSD Gen4-1529,1051,1011,,,,
Storage,Crucial NVMe SSD Gen4-1530,1782,1691,,,,
Storage,Kingston NVMe SSD Gen5-1531,1624,1528,,,,
Storage,WD NVMe SSD Gen5-1532,1886,1821,,,,
Storage,Kingston NVMe SSD Gen3-1533,1960,2223,,,,
Storage,Crucial NVMe SSD Gen5-1534,394,463,,,,
Storage,Kingston NVMe SSD Gen5-1535,1380,1379,,,,
Storage,Lexar NVMe SSD Gen5-1536,1558,1615,,,,
Storage,Samsung NVMe SSD Gen5-1537,1533,1683,,,,
Storage,WD NVMe SSD Gen5-1538,1510,1276,,,,
Storage,Lexar NVMe SSD Gen5-1539,659,684,,,,
Storage,Kingston NVMe SSD Gen3-1540,1716,1626,,,,
Storage,Lexar NVMe SSD Gen5-1541,1095,1183,,,,
Storage,Crucial NVMe SSD Gen5-1542,1205,1438,,,,
Storage,WD NVMe SSD Gen4-1543,1265,1071,,,,
Storage,Lexar NVMe SSD Gen3-1544,294,322,,,,
Storage,Lexar NVMe SSD Gen3-1545,649,576,,,,
Storage,WD NVMe SSD Gen3-1546,1472,1627,,,,
Storage,Samsung NVMe SSD Gen3-1547,1630,1497,,,,
Storage,Crucial NVMe SSD Gen5-1548,734,629,,,,
Storage,WD NVMe SSD Gen3-1549,613,620,,,,
Storage,Lexar NVMe SSD Gen3-1550,1701,1918,,,,
Storage,Kingston NVMe SSD Gen4-1551,669,615,,,,
Storage,Kingston NVMe SSD Gen4-1552,1198,1168,,,,
Storage,WD NVMe SSD Gen4-1553,1868,2024,,,,
Storage,Kingston NVMe SSD Gen4-1554,1220,1097,,,,
Storage,Samsung NVMe SSD Gen4-1555,1245,1218,,,,
Storage,WD NVMe SSD Gen5-1556,395,373,,,,
Storage,Lexar NVMe SSD Gen5-1557,129,129,,,,
Storage,Crucial NVMe SSD Gen3-1558,1948,2311,,,,
Storage,Kingston NVMe SSD Gen3-1559,340,344,,,,
Storage,Kingston NVMe SSD Gen3-1560,1918,1804,,,,
Storage,Kingston NVMe SSD Gen5-1561,465,539,,,,
Storage,Crucial NVMe SSD Gen3-1562,1941,2049,,,,
Storage,Kingston NVMe SSD Gen3-1563,253,204,,,,
Storage,Lexar NVMe SSD Gen4-1564,516,415,,,,
Storage,Samsung NVMe SSD Gen3-1565,125,103,,,,
Storage,Crucial NVMe SSD Gen3-1566,450,367,,,,
Storage,Crucial NVMe SSD Gen3-1567,569,604,,,,
Storage,Lexar NVMe SSD Gen5-1568,1702,1543,,,,
Storage,WD NVMe SSD Gen5-1569,1201,1275,,,,
Storage,Lexar NVMe SSD Gen4-1570,1323,1539,,,,
Storage,WD NVMe SSD Gen3-1571,1597,1555,,,,
Storage,Samsung NVMe SSD Gen3-1572,1557,1664,,,,
Storage,Samsung NVMe SSD Gen3-1573,807,737,,,,
Storage,Kingston NVMe SSD Gen4-1574,744,620,,,,
Storage,Kingston NVMe SSD Gen5-1575,488,434,,,,
Storage,Crucial NVMe SSD Gen3-1576,1114,1168,,,,
Storage,Kingston NVMe SSD Gen3-1577,514,517,,,,
Storage,Lexar NVMe SSD Gen4-1578,1997,2268,,,,
Storage,Kingston NVMe SSD Gen4-1579,829,861,,,,
Storage,Crucial NVMe SSD Gen5-1580,260,240,,,,
Storage,Samsung NVMe SSD Gen4-1581,1215,1117,,,,
Storage,Crucial NVMe SSD Gen3-1582,812,924,,,,
Storage,Lexar NVMe SSD Gen3-1583,1773,1797,,,,
Storage,WD NVMe SSD Gen4-1584,587,541,,,,
Storage,Samsung NVMe SSD Gen5-1585,1982,1767,,,,
Storage,Samsung NVMe SSD Gen3-1586,944,1096,,,,
Storage,Samsung NVMe SSD Gen3-1587,1099,908,,,,
Storage,Kingston NVMe SSD Gen4-1588,429,376,,,,
Storage,Kingston NVMe SSD Gen3-1589,1281,1458,,,,
Storage,Crucial NVMe SSD Gen3-1590,144,147,,,,
Storage,Kingston NVMe SSD Gen4-1591,1095,1246,,,,
Storage,Kingston NVMe SSD Gen3-1592,216,188,,,,
Storage,Kingston NVMe SSD Gen5-1593,563,594,,,,
Storage,Kingston NVMe SSD Gen4-1594,1829,2190,,,,
Storage,Lexar NVMe SSD Gen3-1595,575,559,,,,
Storage,Samsung NVMe SSD Gen3-1596,480,425,,,,
Storage,Kingston NVMe SSD Gen5-1597,901,916,,,,
Storage,WD NVMe SSD Gen4-1598,471,391,,,,
Storage,Crucial NVMe SSD Gen3-1599,826,983,,,,
Storage,Crucial NVMe SSD Gen5-1600,544,441,,,,
Storage,Samsung NVMe SSD Gen5-1601,714,833,,,,
Storage,Kingston NVMe SSD Gen4-1602,1852,1815,,,,
Storage,WD NVMe SSD Gen4-1603,1589,1393,,,,
Storage,Samsung NVMe SSD Gen3-1604,539,579,,,,
Storage,Crucial NVMe SSD Gen4-1605,366,432,,,,
Storage,Crucial NVMe SSD Gen4-1606,818,662,,,,
Storage,Crucial NVMe SSD Gen4-1607,1718,1487,,,,
Storage,Samsung NVMe SSD Gen5-1608,806,647,,,,
Storage,Crucial NVMe SSD Gen5-1609,1585,1363,,,,
Storage,WD NVMe SSD Gen3-1610,200,176,,,,
Storage,Lexar NVMe SSD Gen5-1611,1337,1266,,,,
Storage,WD NVMe SSD Gen5-1612,1844,2165,,,,
Storage,WD NVMe SSD Gen5-1613,297,308,,,,
Storage,Kingston NVMe SSD Gen3-1614,1359,1200,,,,
Storage,WD NVMe SSD Gen5-1615,340,385,,,,
Storage,Kingston NVMe SSD Gen5-1616,804,811,,,,
Storage,Samsung NVMe SSD Gen4-1617,315,350,,,,
Storage,Lexar NVMe SSD Gen4-1618,1742,2045,,,,
Storage,Kingston NVMe SSD Gen5-1619,1993,1715,,,,
Storage,WD NVMe SSD Gen5-1620,395,343,,,,
Storage,Kingston NVMe SSD Gen4-1621,1091,1021,,,,
Storage,Crucial NVMe SSD Gen5-1622,908,730,,,,
Storage,Samsung NVMe SSD Gen4-1623,875,921,,,,
Storage,Samsung NVMe SSD Gen3-1624,294,297,,,,
Storage,Crucial NVMe SSD Gen4-1625,1629,1619,,,,
Storage,Samsung NVMe SSD Gen3-1626,1529,1728,,,,
Storage,WD NVMe SSD Gen5-1627,231,260,,,,
Storage,Kingston NVMe SSD Gen4-1628,1978,1632,,,,
Storage,Crucial NVMe SSD Gen3-1629,290,264,,,,
Storage,Kingston NVMe SSD Gen3-1630,1712,1945,,,,
Storage,Kingston NVMe SSD Gen3-1631,1997,2273,,,,
Storage,WD NVMe SSD Gen3-1632,1572,1344,,,,
Storage,WD NVMe SSD Gen4-1633,1346,1419,,,,
Storage,Samsung NVMe SSD Gen3-1634,1978,2114,,,,
Storage,Kingston NVMe SSD Gen3-1635,658,744,,,,
Storage,Samsung NVMe SSD Gen4-1636,1619,1535,,,,
Storage,Samsung NVMe SSD Gen4-1637,963,1077,,,,
Storage,Crucial NVMe SSD Gen4-1638,1827,1981,,,,
Storage,WD NVMe SSD Gen5-1639,1919,1679,,,,
Storage,Lexar NVMe SSD Gen3-1640,1661,1430,,,,
Storage,Samsung NVMe SSD Gen5-1641,792,703,,,,
Storage,WD NVMe SSD Gen5-1642,1971,2332,,,,
Storage,WD NVMe SSD Gen3-1643,1187,1027,,,,
Storage,Kingston NVMe SSD Gen4-1644,1617,1502,,,,
Storage,Samsung NVMe SSD Gen3-1645,1879,1701,,,,
Storage,WD NVMe SSD Gen4-1646,1740,2004,,,,
Storage,Lexar NVMe SSD Gen4-1647,1855,1541,,,,
Storage,WD NVMe SSD Gen3-1648,1415,1311,,,,
Storage,Lexar NVMe SSD Gen5-1649,1166,1297,,,,
Storage,Samsung NVMe SSD Gen4-1650,915,734,,,,
Storage,Kingston NVMe SSD Gen3-1651,818,893,,,,
Storage,Samsung NVMe SSD Gen5-1652,189,204,,,,
Storage,Lexar NVMe SSD Gen4-1653,1580,1785,,,,
Storage,Lexar NVMe SSD Gen3-1654,1282,1204,,,,
Storage,Crucial NVMe SSD Gen3-1655,1356,1129,,,,
Storage,WD NVMe SSD Gen4-1656,1300,1405,,,,
Storage,WD NVMe SSD Gen3-1657,1395,1561,,,,
Storage,Crucial NVMe SSD Gen4-1658,495,406,,,,
Storage,Kingston NVMe SSD Gen3-1659,1441,1233,,,,
Storage,Lexar NVMe SSD Gen3-1660,1296,1168,,,,
Storage,Samsung NVMe SSD Gen5-1661,680,758,,,,
Storage,Samsung NVMe SSD Gen4-1662,400,371,,,,
Storage,Lexar NVMe SSD Gen5-1663,1124,1329,,,,
Storage,WD NVMe SSD Gen4-1664,1825,1546,,,,
Storage,Kingston NVMe SSD Gen5-1665,197,230,,,,
Storage,Kingston NVMe SSD Gen5-1666,1553,1831,,,,
Storage,WD NVMe SSD Gen4-1667,1126,1241,,,,
Storage,WD NVMe SSD Gen3-1668,351,340,,,,
Storage,Crucial NVMe SSD Gen5-1669,1267,1210,,,,
Storage,Kingston NVMe SSD Gen5-1670,1958,2037,,,,
Storage,Samsung NVMe SSD Gen5-1671,1060,882,,,,
Storage,WD NVMe SSD Gen5-1672,1957,1957,,,,
Storage,Lexar NVMe SSD Gen5-1673,1566,1259,,,,
Storage,Lexar NVMe SSD Gen4-1674,1695,1722,,,,
Storage,Kingston NVMe SSD Gen4-1675,810,661,,,,
Storage,Samsung NVMe SSD Gen5-1676,1660,1973,,,,
Storage,Kingston NVMe SSD Gen3-1677,1040,1075,,,,
Storage,Lexar NVMe SSD Gen5-1678,261,214,,,,
Storage,Samsung NVMe SSD Gen4-1679,1686,1828,,,,
Storage,Lexar NVMe SSD Gen4-1680,403,458,,,,
Storage,Crucial NVMe SSD Gen3-1681,1960,2095,,,,
Storage,WD NVMe SSD Gen3-1682,1609,1639,,,,
Storage,WD NVMe SSD Gen4-1683,228,209,,,,
Storage,Crucial NVMe SSD Gen5-1684,1233,1109,,,,
Storage,Lexar NVMe SSD Gen5-1685,1170,1372,,,,
Storage,Lexar NVMe SSD Gen5-1686,1892,2194,,,,
Storage,Lexar NVMe SSD Gen3-1687,225,196,,,,
Storage,Samsung NVMe SSD Gen5-1688,1226,1317,,,,
Storage,Kingston NVMe SSD Gen5-1689,836,767,,,,
Storage,Kingston NVMe SSD Gen5-1690,570,675,,,,
Storage,Crucial NVMe SSD Gen5-1691,1346,1450,,,,
Storage,Kingston NVMe SSD Gen4-1692,1060,1181,,,,
Storage,Samsung NVMe SSD Gen5-1693,1536,1265,,,,
Storage,WD NVMe SSD Gen5-1694,213,185,,,,
Storage,Samsung NVMe SSD Gen5-1695,197,226,,,,
Storage,Kingston NVMe SSD Gen3-1696,570,613,,,,
Storage,Kingston NVMe SSD Gen4-1697,1226,1372,,,,
Storage,WD NVMe SSD Gen4-1698,1127,1073,,,,
Storage,Crucial NVMe SSD Gen5-1699,157,140,,,,
Storage,WD NVMe SSD Gen3-1700,424,468,,,,
Storage,Lexar NVMe SSD Gen4-1701,488,545,,,,
Storage,Kingston NVMe SSD Gen4-1702,1222,1381,,,,
Storage,Crucial NVMe SSD Gen3-1703,1262,1230,,,,
Storage,Samsung NVMe SSD Gen5-1704,997,1029,,,,
Storage,WD NVMe SSD Gen3-1705,436,521,,,,
Storage,Crucial NVMe SSD Gen3-1706,1511,1525,,,,
Storage,Crucial NVMe SSD Gen3-1707,1599,1281,,,,
Storage,Lexar NVMe SSD Gen3-1708,1592,1883,,,,
Storage,Crucial NVMe SSD Gen5-1709,314,342,,,,
Storage,Lexar NVMe SSD Gen5-1710,873,880,,,,
Storage,WD NVMe SSD Gen5-1711,537,511,,,,
Storage,WD NVMe SSD Gen3-1712,719,797,,,,
Storage,Samsung NVMe SSD Gen5-1713,1844,1659,,,,
Storage,Crucial NVMe SSD Gen5-1714,204,194,,,,
Storage,WD NVMe SSD Gen4-1715,1690,1847,,,,
Storage,WD NVMe SSD Gen3-1716,1401,1475,,,,
Storage,WD NVMe SSD Gen5-1717,1717,1548,,,,
Storage,Crucial NVMe SSD Gen4-1718,1096,1304,,,,
Storage,Samsung NVMe SSD Gen4-1719,1928,1968,,,,
Storage,Lexar NVMe SSD Gen5-1720,1332,1073,,,,
Storage,Samsung NVMe SSD Gen5-1721,1152,1201,,,,
Storage,Kingston NVMe SSD Gen3-1722,1075,966,,,,
Storage,WD NVMe SSD Gen4-1723,1856,1722,,,,
Storage,Kingston NVMe SSD Gen5-1724,1757,1800,,,,
Storage,Lexar NVMe SSD Gen4-1725,908,1057,,,,
Storage,Samsung NVMe SSD Gen3-1726,821,858,,,,
Storage,Crucial NVMe SSD Gen5-1727,1659,1821,,,,
Storage,Crucial NVMe SSD Gen5-1728,1640,1364,,,,
Storage,Lexar NVMe SSD Gen3-1729,795,857,,,,
Storage,Crucial NVMe SSD Gen3-1730,1776,1637,,,,
Storage,WD NVMe SSD Gen4-1731,292,235,,,,
Storage,Samsung NVMe SSD Gen4-1732,620,574,,,,
Storage,Kingston NVMe SSD Gen3-1733,1411,1518,,,,
Storage,Crucial NVMe SSD Gen4-1734,477,401,,,,
Storage,Samsung NVMe SSD Gen5-1735,1721,1477,,,,
Storage,WD NVMe SSD Gen4-1736,368,369,,,,
Storage,Kingston NVMe SSD Gen4-1737,403,459,,,,
Storage,WD NVMe SSD Gen5-1738,532,546,,,,
Storage,Crucial NVMe SSD Gen5-1739,919,1095,,,,
Storage,Lexar NVMe SSD Gen5-1740,1186,1143,,,,
Storage,Samsung NVMe SSD Gen3-1741,498,537,,,,
Storage,Crucial NVMe SSD Gen3-1742,1091,1263,,,,
Storage,Samsung NVMe SSD Gen5-1743,1793,1665,,,,
Storage,Crucial NVMe SSD Gen5-1744,1860,1680,,,,
Storage,Kingston NVMe SSD Gen3-1745,1593,1369,,,,
Storage,Lexar NVMe SSD Gen3-1746,976,1169,,,,
Storage,Samsung NVMe SSD Gen5-1747,692,606,,,,
Storage,Kingston NVMe SSD Gen3-1748,546,470,,,,
Storage,Lexar NVMe SSD Gen5-1749,709,794,,,,
Storage,Crucial NVMe SSD Gen4-1750,163,131,,,,
Storage,Samsung NVMe SSD Gen5-1751,1594,1765,,,,
Storage,Kingston NVMe SSD Gen5-1752,241,246,,,,
Storage,Lexar NVMe SSD Gen5-1753,1555,1864,,,,
Storage,Kingston NVMe SSD Gen3-1754,393,362,,,,
Storage,Kingston NVMe SSD Gen4-1755,756,822,,,,
Storage,Lexar NVMe SSD Gen4-1756,1462,1294,,,,
Storage,Kingston NVMe SSD Gen5-1757,1676,1357,,,,
Storage,Crucial NVMe SSD Gen3-1758,1824,1849,,,,
Storage,Kingston NVMe SSD Gen5-1759,1433,1221,,,,
Storage,WD NVMe SSD Gen5-1760,1208,1127,,,,
Storage,Kingston NVMe SSD Gen5-1761,276,228,,,,
Storage,Crucial NVMe SSD Gen3-1762,737,761,,,,
Storage,Crucial NVMe SSD Gen3-1763,1328,1552,,,,
Storage,Kingston NVMe SSD Gen3-1764,1533,1257,,,,
Storage,Crucial NVMe SSD Gen3-1765,1504,1403,,,,
Storage,Samsung NVMe SSD Gen5-1766,1948,2034,,,,
Storage,Samsung NVMe SSD Gen4-1767,1790,1872,,,,
Storage,Samsung NVMe SSD Gen3-1768,1418,1259,,,,
Storage,Crucial NVMe SSD Gen3-1769,1263,1319,,,,
Storage,Kingston NVMe SSD Gen4-1770,1261,1121,,,,
Storage,WD NVMe SSD Gen5-1771,1890,1590,,,,
Storage,Kingston NVMe SSD Gen3-1772,1169,1099,,,,
Storage,Lexar NVMe SSD Gen3-1773,762,628,,,,
Storage,Samsung NVMe SSD Gen5-1774,1091,1194,,,,
Storage,Lexar NVMe SSD Gen5-1775,464,480,,,,
Storage,Kingston NVMe SSD Gen4-1776,380,374,,,,
Storage,Crucial NVMe SSD Gen5-1777,1534,1536,,,,
Storage,Crucial NVMe SSD Gen3-1778,465,467,,,,
Storage,Samsung NVMe SSD Gen5-1779,671,762,,,,
Storage,Lexar NVMe SSD Gen4-1780,787,749,,,,
Storage,WD NVMe SSD Gen4-1781,829,673,,,,
Storage,Lexar NVMe SSD Gen3-1782,429,436,,,,
Storage,Kingston NVMe SSD Gen3-1783,764,657,,,,
Storage,Lexar NVMe SSD Gen5-1784,508,534,,,,
Storage,Lexar NVMe SSD Gen3-1785,1041,1101,,,,
Storage,Crucial NVMe SSD Gen5-1786,929,1044,,,,
Storage,Lexar NVMe SSD Gen4-1787,1248,1235,,,,
Storage,Crucial NVMe SSD Gen4-1788,863,807,,,,
Storage,Lexar NVMe SSD Gen3-1789,1096,1027,,,,
Storage,WD NVMe SSD Gen5-1790,409,458,,,,
Storage,WD NVMe SSD Gen3-1791,1051,1014,,,,
Storage,Samsung NVMe SSD Gen3-1792,1233,1425,,,,
Storage,Samsung NVMe SSD Gen5-1793,405,439,,,,
Storage,Crucial NVMe SSD Gen4-1794,691,751,,,,
Storage,Samsung NVMe SSD Gen5-1795,991,1109,,,,
Storage,Samsung NVMe SSD Gen3-1796,1770,1964,,,,
Storage,Crucial NVMe SSD Gen4-1797,1568,1353,,,,
Storage,Kingston NVMe SSD Gen5-1798,1326,1342,,,,
Storage,Crucial NVMe SSD Gen5-1799,250,253,,,,
Storage,Samsung NVMe SSD Gen3-1800,1531,1288,,,,
Storage,Kingston NVMe SSD Gen3-1801,1601,1432,,,,
Storage,Kingston NVMe SSD Gen4-1802,1018,1098,,,,
Storage,WD NVMe SSD Gen5-1803,1786,2000,,,,
Storage,WD NVMe SSD Gen5-1804,644,613,,,,
Storage,Kingston NVMe SSD Gen5-1805,1363,1414,,,,
Storage,Lexar NVMe SSD Gen4-1806,1771,1748,,,,
Storage,Lexar NVMe SSD Gen4-1807,974,964,,,,
Storage,Crucial NVMe SSD Gen3-1808,454,425,,,,
Storage,Lexar NVMe SSD Gen3-1809,1011,1117,,,,
Storage,Lexar NVMe SSD Gen3-1810,1865,1788,,,,
Storage,Samsung NVMe SSD Gen5-1811,549,631,,,,
Storage,Lexar NVMe SSD Gen4-1812,1488,1342,,,,
Storage,Lexar NVMe SSD Gen4-1813,1668,1918,,,,
Storage,Crucial NVMe SSD Gen3-1814,1402,1376,,,,
Storage,Kingston NVMe SSD Gen4-1815,1192,1195,,,,
Storage,Crucial NVMe SSD Gen3-1816,466,423,,,,
Storage,Kingston NVMe SSD Gen5-1817,1638,1399,,,,
Storage,Kingston NVMe SSD Gen4-1818,1176,996,,,,
Storage,Lexar NVMe SSD Gen5-1819,1225,1281,,,,
Storage,WD NVMe SSD Gen4-1820,437,403,,,,
Storage,Kingston NVMe SSD Gen3-1821,1909,2020,,,,
Storage,WD NVMe SSD Gen4-1822,1896,1827,,,,
Storage,Lexar NVMe SSD Gen4-1823,385,414,,,,
Storage,Crucial NVMe SSD Gen3-1824,685,778,,,,
Storage,Samsung NVMe SSD Gen5-1825,1693,1559,,,,
Storage,Crucial NVMe SSD Gen5-1826,514,547,,,,
Storage,Crucial NVMe SSD Gen4-1827,929,939,,,,
Storage,Samsung NVMe SSD Gen4-1828,1284,1220,,,,
Storage,WD NVMe SSD Gen5-1829,1477,1617,,,,
Storage,WD NVMe SSD Gen5-1830,569,671,,,,
Storage,Lexar NVMe SSD Gen4-1831,601,516,,,,
Storage,Samsung NVMe SSD Gen3-1832,147,135,,,,
Storage,WD NVMe SSD Gen4-1833,990,885,,,,
Storage,Samsung NVMe SSD Gen4-1834,1944,1846,,,,
Storage,Samsung NVMe SSD Gen5-1835,553,647,,,,
Storage,Samsung NVMe SSD Gen4-1836,1984,2328,,,,
Storage,Crucial NVMe SSD Gen3-1837,1343,1144,,,,
Storage,Kingston NVMe SSD Gen3-1838,1505,1333,,,,
Storage,WD NVMe SSD Gen5-1839,1852,1707,,,,
Storage,Lexar NVMe SSD Gen5-1840,125,141,,,,
Storage,Crucial NVMe SSD Gen3-1841,830,677,,,,
Storage,Kingston NVMe SSD Gen4-1842,847,761,,,,
Storage,Crucial NVMe SSD Gen4-1843,450,527,,,,
Storage,WD NVMe SSD Gen3-1844,1089,1009,,,,
Storage,WD NVMe SSD Gen4-1845,1225,1048,,,,
Storage,WD NVMe SSD Gen4-1846,390,353,,,,
Storage,Samsung NVMe SSD Gen4-1847,229,204,,,,
Storage,Samsung NVMe SSD Gen4-1848,189,172,,,,
Storage,Crucial NVMe SSD Gen4-1849,1190,1127,,,,
Storage,Lexar NVMe SSD Gen4-1850,848,819,,,,
Storage,Kingston NVMe SSD Gen3-1851,508,508,,,,
Storage,Crucial NVMe SSD Gen4-1852,1404,1327,,,,
Storage,Crucial NVMe SSD Gen3-1853,1267,1212,,,,
Storage,Samsung NVMe SSD Gen4-1854,1387,1236,,,,
Storage,Crucial NVMe SSD Gen5-1855,1447,1262,,,,
Storage,Lexar NVMe SSD Gen5-1856,1422,1236,,,,
Storage,Lexar NVMe SSD Gen5-1857,169,195,,,,
Storage,Kingston NVMe SSD Gen3-1858,1358,1559,,,,
Storage,Lexar NVMe SSD Gen5-1859,543,493,,,,
Storage,Crucial NVMe SSD Gen5-1860,1441,1514,,,,
Storage,Kingston NVMe SSD Gen3-1861,1248,1244,,,,
Storage,Lexar NVMe SSD Gen5-1862,716,766,,,,
Storage,Samsung NVMe SSD Gen3-1863,488,536,,,,
Storage,Kingston NVMe SSD Gen3-1864,1237,1193,,,,
Storage,Kingston NVMe SSD Gen3-1865,1829,2146,,,,
Storage,Samsung NVMe SSD Gen3-1866,724,603,,,,
Storage,Lexar NVMe SSD Gen4-1867,819,810,,,,
Storage,Crucial NVMe SSD Gen5-1868,1643,1831,,,,
Storage,WD NVMe SSD Gen4-1869,1324,1379,,,,
Storage,WD NVMe SSD Gen3-1870,414,365,,,,
Storage,Lexar NVMe SSD Gen4-1871,1623,1541,,,,
Storage,Lexar NVMe SSD Gen3-1872,1719,1580,,,,
Storage,WD NVMe SSD Gen4-1873,697,701,,,,
Storage,Crucial NVMe SSD Gen4-1874,1813,2008,,,,
Storage,Kingston NVMe SSD Gen5-1875,495,444,,,,
Storage,Crucial NVMe SSD Gen4-1876,1274,1095,,,,
Storage,Kingston NVMe SSD Gen3-1877,1361,1125,,,,
Storage,Crucial NVMe SSD Gen4-1878,1554,1793,,,,
Storage,WD NVMe SSD Gen3-1879,804,905,,,,
Storage,WD NVMe SSD Gen3-1880,1170,1019,,,,
Storage,Samsung NVMe SSD Gen4-1881,357,301,,,,
Storage,Crucial NVMe SSD Gen3-1882,893,857,,,,
Storage,Kingston NVMe SSD Gen3-1883,1746,1978,,,,
Storage,Lexar NVMe SSD Gen5-1884,511,533,,,,
Storage,WD NVMe SSD Gen3-1885,1504,1531,,,,
Storage,Crucial NVMe SSD Gen4-1886,1571,1469,,,,
Storage,Crucial NVMe SSD Gen5-1887,1371,1440,,,,
Storage,Lexar NVMe SSD Gen4-1888,1834,1853,,,,
Storage,WD NVMe SSD Gen4-1889,719,714,,,,
Storage,WD NVMe SSD Gen5-1890,206,166,,,,
Storage,Lexar NVMe SSD Gen3-1891,646,539,,,,
Storage,Lexar NVMe SSD Gen4-1892,282,285,,,,
Storage,Lexar NVMe SSD Gen5-1893,1222,1090,,,,
Storage,Samsung NVMe SSD Gen4-1894,798,948,,,,
Storage,Samsung NVMe SSD Gen4-1895,1819,1904,,,,
Storage,Kingston NVMe SSD Gen5-1896,926,1036,,,,
Storage,Samsung NVMe SSD Gen4-1897,1137,1221,,,,
Storage,Crucial NVMe SSD Gen5-1898,214,210,,,,
Storage,WD NVMe SSD Gen4-1899,1960,1572,,,,
Storage,WD NVMe SSD Gen5-1900,1220,1389,,,,
Storage,Samsung NVMe SSD Gen4-1901,576,611,,,,
Storage,Kingston NVMe SSD Gen4-1902,1901,2151,,,,
Storage,Kingston NVMe SSD Gen3-1903,1593,1293,,,,
Storage,WD NVMe SSD Gen5-1904,1347,1602,,,,
Storage,Kingston NVMe SSD Gen4-1905,1154,1229,,,,
Storage,WD NVMe SSD Gen3-1906,252,207,,,,
Storage,WD NVMe SSD Gen3-1907,967,817,,,,
Storage,Samsung NVMe SSD Gen4-1908,217,225,,,,
Storage,Kingston NVMe SSD Gen5-1909,884,988,,,,
Storage,WD NVMe SSD Gen4-1910,848,858,,,,
Storage,Crucial NVMe SSD Gen3-1911,991,1048,,,,
Storage,Samsung NVMe SSD Gen4-1912,1828,1696,,,,
Storage,Lexar NVMe SSD Gen4-1913,1172,1048,,,,
Storage,Crucial NVMe SSD Gen5-1914,238,204,,,,
Storage,Kingston NVMe SSD Gen5-1915,351,312,,,,
Storage,Kingston NVMe SSD Gen4-1916,1506,1282,,,,
Storage,Lexar NVMe SSD Gen3-1917,1752,1858,,,,
Storage,Kingston NVMe SSD Gen3-1918,990,1004,,,,
Storage,Samsung NVMe SSD Gen4-1919,1912,1612,,,,
Storage,Crucial NVMe SSD Gen4-1920,229,223,,,,
Storage,Lexar NVMe SSD Gen5-1921,585,698,,,,
Storage,Crucial NVMe SSD Gen4-1922,1856,2123,,,,
Storage,Kingston NVMe SSD Gen4-1923,888,864,,,,
Storage,Kingston NVMe SSD Gen4-1924,1611,1489,,,,
Storage,Samsung NVMe SSD Gen4-1925,1664,1668,,,,
Storage,Samsung NVMe SSD Gen3-1926,936,1063,,,,
Storage,WD NVMe SSD Gen5-1927,1599,1284,,,,
Storage,Samsung NVMe SSD Gen5-1928,627,734,,,,
Storage,Kingston NVMe SSD Gen3-1929,599,512,,,,
Storage,Crucial NVMe SSD Gen4-1930,126,129,,,,
Storage,Lexar NVMe SSD Gen5-1931,1324,1249,,,,
Storage,Kingston NVMe SSD Gen3-1932,875,818,,,,
Storage,Lexar NVMe SSD Gen5-1933,1486,1333,,,,
Storage,Lexar NVMe SSD Gen3-1934,780,924,,,,
Storage,Samsung NVMe SSD Gen3-1935,1531,1508,,,,
Storage,WD NVMe SSD Gen4-1936,856,687,,,,
Storage,Lexar NVMe SSD Gen4-1937,469,448,,,,
Storage,Samsung NVMe SSD Gen3-1938,679,723,,,,
Storage,Samsung NVMe SSD Gen5-1939,1714,1856,,,,
Storage,Lexar NVMe SSD Gen5-1940,1505,1701,,,,
Storage,Kingston NVMe SSD Gen5-1941,530,597,,,,
Storage,Lexar NVMe SSD Gen3-1942,1796,2070,,,,
Storage,WD NVMe SSD Gen5-1943,1346,1426,,,,
Storage,Crucial NVMe SSD Gen3-1944,1266,1172,,,,
Storage,Lexar NVMe SSD Gen3-1945,428,475,,,,
Storage,Samsung NVMe SSD Gen4-1946,1786,2092,,,,
Storage,WD NVMe SSD Gen5-1947,1789,1872,,,,
Storage,Lexar NVMe SSD Gen3-1948,1664,1380,,,,
Storage,Kingston NVMe SSD Gen4-1949,1952,1711,,,,
Storage,Kingston NVMe SSD Gen3-1950,105,121,,,,
Storage,Kingston NVMe SSD Gen3-1951,550,534,,,,
Storage,Crucial NVMe SSD Gen5-1952,377,369,,,,
Storage,Samsung NVMe SSD Gen3-1953,1378,1473,,,,
Storage,WD NVMe SSD Gen5-1954,483,445,,,,
Storage,Crucial NVMe SSD Gen4-1955,1362,1386,,,,
Storage,Lexar NVMe SSD Gen5-1956,683,606,,,,
Storage,WD NVMe SSD Gen5-1957,978,1139,,,,
Storage,Crucial NVMe SSD Gen3-1958,535,621,,,,
Storage,Samsung NVMe SSD Gen3-1959,115,92,,,,
Storage,Samsung NVMe SSD Gen4-1960,1708,1542,,,,
Storage,Kingston NVMe SSD Gen4-1961,492,409,,,,
Storage,WD NVMe SSD Gen4-1962,1461,1205,,,,
Storage,Crucial NVMe SSD Gen3-1963,1384,1617,,,,
Storage,Samsung NVMe SSD Gen3-1964,836,821,,,,
Storage,Kingston NVMe SSD Gen4-1965,1069,1138,,,,
Storage,Kingston NVMe SSD Gen5-1966,1429,1362,,,,
Storage,WD NVMe SSD Gen5-1967,1038,1142,,,,
Storage,Lexar NVMe SSD Gen5-1968,1138,1101,,,,
Storage,Lexar NVMe SSD Gen4-1969,1715,1537,,,,
Storage,WD NVMe SSD Gen3-1970,1785,1673,,,,
Storage,Samsung NVMe SSD Gen5-1971,237,260,,,,
Storage,Samsung NVMe SSD Gen3-1972,344,314,,,,
Storage,Kingston NVMe SSD Gen4-1973,152,133,,,,
Storage,Samsung NVMe SSD Gen5-1974,1750,1678,,,,
Storage,Lexar NVMe SSD Gen3-1975,297,350,,,,
Storage,Crucial NVMe SSD Gen4-1976,455,405,,,,
Storage,Lexar NVMe SSD Gen4-1977,830,922,,,,
Storage,Samsung NVMe SSD Gen3-1978,1382,1536,,,,
Storage,Crucial NVMe SSD Gen5-1979,1040,997,,,,
Storage,Samsung NVMe SSD Gen3-1980,1825,1712,,,,
Storage,Samsung NVMe SSD Gen5-1981,337,352,,,,
Storage,Lexar NVMe SSD Gen5-1982,962,856,,,,
Storage,Lexar NVMe SSD Gen3-1983,1929,2162,,,,
Storage,Samsung NVMe SSD Gen3-1984,241,273,,,,
Storage,Crucial NVMe SSD Gen4-1985,955,1039,,,,
Storage,Kingston NVMe SSD Gen4-1986,1402,1512,,,,
Storage,Samsung NVMe SSD Gen4-1987,299,294,,,,
Storage,Crucial NVMe SSD Gen4-1988,264,300,,,,
Storage,Kingston NVMe SSD Gen3-1989,1253,1281,,,,
Storage,Crucial NVMe SSD Gen3-1990,1075,1142,,,,
Storage,Crucial NVMe SSD Gen4-1991,141,116,,,,
Storage,Kingston NVMe SSD Gen4-1992,180,201,,,,
Storage,Kingston NVMe SSD Gen3-1993,308,316,,,,
Storage,Lexar NVMe SSD Gen3-1994,142,154,,,,
Storage,Lexar NVMe SSD Gen4-1995,1656,1785,,,,
Storage,WD NVMe SSD Gen4-1996,651,647,,,,
Storage,Kingston NVMe SSD Gen4-1997,1796,2079,,,,
Storage,Crucial NVMe SSD Gen3-1998,1228,1345,,,,
Storage,Kingston NVMe SSD Gen3-1999,811,754,,,,
